# https://github.com/mikedh/trimesh
v -0.43972150 0.69753366 3.25000000 0.03921569 0.51764706 1.00000000
v 0.43972150 0.69753366 3.25000000 0.03921569 0.51764706 1.00000000
v -0.43972150 -0.69753366 3.25000000 0.03921569 0.51764706 1.00000000
v 0.43972150 -0.69753366 3.25000000 0.03921569 0.51764706 1.00000000
v 0.00000000 -0.43109951 3.93358299 0.03921569 0.51764706 1.00000000
v 0.00000000 0.43109951 3.93358299 0.03921569 0.51764706 1.00000000
v 0.00000000 -0.43109951 2.56641701 0.03921569 0.51764706 1.00000000
v 0.00000000 0.43109951 2.56641701 0.03921569 0.51764706 1.00000000
v 0.71148434 0.00000000 2.82752248 0.03921569 0.51764706 1.00000000
v 0.71148434 0.00000000 3.67247752 0.03921569 0.51764706 1.00000000
v -0.71148434 0.00000000 2.82752248 0.03921569 0.51764706 1.00000000
v -0.71148434 0.00000000 3.67247752 0.03921569 0.51764706 1.00000000
v 0.00000000 0.82000000 3.25000000 0.03921569 0.51764706 1.00000000
v 0.00000000 -0.82000000 3.25000000 0.03921569 0.51764706 1.00000000
v -0.25846181 -0.66339394 3.65180000 0.03921569 0.51764706 1.00000000
v 0.25846181 -0.66339394 3.65180000 0.03921569 0.51764706 1.00000000
v -0.25846181 0.66339394 3.65180000 0.03921569 0.51764706 1.00000000
v 0.25846181 0.66339394 3.65180000 0.03921569 0.51764706 1.00000000
v 0.00000000 0.00000000 4.05360000 0.03921569 0.51764706 1.00000000
v -0.25846181 -0.66339394 2.84820000 0.03921569 0.51764706 1.00000000
v 0.25846181 -0.66339394 2.84820000 0.03921569 0.51764706 1.00000000
v -0.25846181 0.66339394 2.84820000 0.03921569 0.51764706 1.00000000
v 0.25846181 0.66339394 2.84820000 0.03921569 0.51764706 1.00000000
v 0.00000000 0.00000000 2.44640000 0.03921569 0.51764706 1.00000000
v 0.67666181 0.41000000 3.00167394 0.03921569 0.51764706 1.00000000
v 0.67666181 -0.41000000 3.00167394 0.03921569 0.51764706 1.00000000
v 0.41820000 -0.25339394 2.59987394 0.03921569 0.51764706 1.00000000
v 0.41820000 0.25339394 2.59987394 0.03921569 0.51764706 1.00000000
v 0.67666181 0.41000000 3.49832606 0.03921569 0.51764706 1.00000000
v 0.67666181 -0.41000000 3.49832606 0.03921569 0.51764706 1.00000000
v 0.41820000 -0.25339394 3.90012606 0.03921569 0.51764706 1.00000000
v 0.41820000 0.25339394 3.90012606 0.03921569 0.51764706 1.00000000
v 0.83640000 0.00000000 3.25000000 0.03921569 0.51764706 1.00000000
v -0.67666181 0.41000000 3.00167394 0.03921569 0.51764706 1.00000000
v -0.67666181 -0.41000000 3.00167394 0.03921569 0.51764706 1.00000000
v -0.41820000 -0.25339394 2.59987394 0.03921569 0.51764706 1.00000000
v -0.41820000 0.25339394 2.59987394 0.03921569 0.51764706 1.00000000
v -0.67666181 0.41000000 3.49832606 0.03921569 0.51764706 1.00000000
v -0.67666181 -0.41000000 3.49832606 0.03921569 0.51764706 1.00000000
v -0.41820000 -0.25339394 3.90012606 0.03921569 0.51764706 1.00000000
v -0.41820000 0.25339394 3.90012606 0.03921569 0.51764706 1.00000000
v -0.83640000 0.00000000 3.25000000 0.03921569 0.51764706 1.00000000
v -0.22856012 0.78878945 3.25000000 0.03921569 0.51764706 1.00000000
v 0.22856012 0.78878945 3.25000000 0.03921569 0.51764706 1.00000000
v -0.22856012 -0.78878945 3.25000000 0.03921569 0.51764706 1.00000000
v 0.22856012 -0.78878945 3.25000000 0.03921569 0.51764706 1.00000000
v -0.36290440 -0.70738815 3.45884914 0.03921569 0.51764706 1.00000000
v -0.13434427 -0.56889999 3.81416452 0.03921569 0.51764706 1.00000000
v -0.13588142 -0.77986634 3.46123876 0.03921569 0.51764706 1.00000000
v 0.36290440 -0.70738815 3.45884914 0.03921569 0.51764706 1.00000000
v 0.13434427 -0.56889999 3.81416452 0.03921569 0.51764706 1.00000000
v 0.13588142 -0.77986634 3.46123876 0.03921569 0.51764706 1.00000000
v 0.00000000 -0.69753366 3.67247752 0.03921569 0.51764706 1.00000000
v -0.36290440 0.70738815 3.45884914 0.03921569 0.51764706 1.00000000
v -0.13434427 0.56889999 3.81416452 0.03921569 0.51764706 1.00000000
v -0.13588142 0.77986634 3.46123876 0.03921569 0.51764706 1.00000000
v 0.36290440 0.70738815 3.45884914 0.03921569 0.51764706 1.00000000
v 0.13434427 0.56889999 3.81416452 0.03921569 0.51764706 1.00000000
v 0.13588142 0.77986634 3.46123876 0.03921569 0.51764706 1.00000000
v 0.00000000 0.69753366 3.67247752 0.03921569 0.51764706 1.00000000
v 0.00000000 -0.22407855 4.02301366 0.03921569 0.51764706 1.00000000
v 0.00000000 0.22407855 4.02301366 0.03921569 0.51764706 1.00000000
v -0.36290440 -0.70738815 3.04115086 0.03921569 0.51764706 1.00000000
v -0.13434427 -0.56889999 2.68583548 0.03921569 0.51764706 1.00000000
v -0.13588142 -0.77986634 3.03876124 0.03921569 0.51764706 1.00000000
v 0.36290440 -0.70738815 3.04115086 0.03921569 0.51764706 1.00000000
v 0.13434427 -0.56889999 2.68583548 0.03921569 0.51764706 1.00000000
v 0.13588142 -0.77986634 3.03876124 0.03921569 0.51764706 1.00000000
v 0.00000000 -0.69753366 2.82752248 0.03921569 0.51764706 1.00000000
v -0.36290440 0.70738815 3.04115086 0.03921569 0.51764706 1.00000000
v -0.13434427 0.56889999 2.68583548 0.03921569 0.51764706 1.00000000
v -0.13588142 0.77986634 3.03876124 0.03921569 0.51764706 1.00000000
v 0.36290440 0.70738815 3.04115086 0.03921569 0.51764706 1.00000000
v 0.13434427 0.56889999 2.68583548 0.03921569 0.51764706 1.00000000
v 0.13588142 0.77986634 3.03876124 0.03921569 0.51764706 1.00000000
v 0.00000000 0.69753366 2.82752248 0.03921569 0.51764706 1.00000000
v 0.00000000 -0.22407855 2.47698634 0.03921569 0.51764706 1.00000000
v 0.00000000 0.22407855 2.47698634 0.03921569 0.51764706 1.00000000
v 0.58027799 0.57567808 3.12092413 0.03921569 0.51764706 1.00000000
v 0.72153592 0.21311137 2.90132715 0.03921569 0.51764706 1.00000000
v 0.49162359 0.56431659 2.90820851 0.03921569 0.51764706 1.00000000
v 0.58027799 -0.57567808 3.12092413 0.03921569 0.51764706 1.00000000
v 0.72153592 -0.21311137 2.90132715 0.03921569 0.51764706 1.00000000
v 0.49162359 -0.56431659 2.90820851 0.03921569 0.51764706 1.00000000
v 0.21737360 -0.35578862 2.55675961 0.03921569 0.51764706 1.00000000
v 0.58719165 -0.13171007 2.69247801 0.03921569 0.51764706 1.00000000
v 0.35574217 -0.48198391 2.69696974 0.03921569 0.51764706 1.00000000
v 0.21986075 -0.13321708 2.48573098 0.03921569 0.51764706 1.00000000
v 0.57560292 -0.34876683 2.77765577 0.03921569 0.51764706 1.00000000
v 0.21737360 0.35578862 2.55675961 0.03921569 0.51764706 1.00000000
v 0.58719165 0.13171007 2.69247801 0.03921569 0.51764706 1.00000000
v 0.35574217 0.48198391 2.69696974 0.03921569 0.51764706 1.00000000
v 0.21986075 0.13321708 2.48573098 0.03921569 0.51764706 1.00000000
v 0.57560292 0.34876683 2.77765577 0.03921569 0.51764706 1.00000000
v 0.43972150 0.00000000 2.56641701 0.03921569 0.51764706 1.00000000
v 0.58027799 0.57567808 3.37907587 0.03921569 0.51764706 1.00000000
v 0.72153592 0.21311137 3.59867285 0.03921569 0.51764706 1.00000000
v 0.49162359 0.56431659 3.59179149 0.03921569 0.51764706 1.00000000
v 0.71148434 0.43109951 3.25000000 0.03921569 0.51764706 1.00000000
v 0.58027799 -0.57567808 3.37907587 0.03921569 0.51764706 1.00000000
v 0.72153592 -0.21311137 3.59867285 0.03921569 0.51764706 1.00000000
v 0.49162359 -0.56431659 3.59179149 0.03921569 0.51764706 1.00000000
v 0.71148434 -0.43109951 3.25000000 0.03921569 0.51764706 1.00000000
v 0.21737360 -0.35578862 3.94324039 0.03921569 0.51764706 1.00000000
v 0.58719165 -0.13171007 3.80752199 0.03921569 0.51764706 1.00000000
v 0.35574217 -0.48198391 3.80303026 0.03921569 0.51764706 1.00000000
v 0.21986075 -0.13321708 4.01426902 0.03921569 0.51764706 1.00000000
v 0.57560292 -0.34876683 3.72234423 0.03921569 0.51764706 1.00000000
v 0.21737360 0.35578862 3.94324039 0.03921569 0.51764706 1.00000000
v 0.58719165 0.13171007 3.80752199 0.03921569 0.51764706 1.00000000
v 0.35574217 0.48198391 3.80303026 0.03921569 0.51764706 1.00000000
v 0.21986075 0.13321708 4.01426902 0.03921569 0.51764706 1.00000000
v 0.57560292 0.34876683 3.72234423 0.03921569 0.51764706 1.00000000
v 0.43972150 0.00000000 3.93358299 0.03921569 0.51764706 1.00000000
v 0.80456524 0.00000000 3.03040302 0.03921569 0.51764706 1.00000000
v 0.80456524 0.00000000 3.46959698 0.03921569 0.51764706 1.00000000
v 0.79546367 0.21554976 3.11944727 0.03921569 0.51764706 1.00000000
v 0.79546367 -0.21554976 3.11944727 0.03921569 0.51764706 1.00000000
v 0.79546367 0.21554976 3.38055273 0.03921569 0.51764706 1.00000000
v 0.79546367 -0.21554976 3.38055273 0.03921569 0.51764706 1.00000000
v -0.58027799 0.57567808 3.12092413 0.03921569 0.51764706 1.00000000
v -0.72153592 0.21311137 2.90132715 0.03921569 0.51764706 1.00000000
v -0.49162359 0.56431659 2.90820851 0.03921569 0.51764706 1.00000000
v -0.58027799 -0.57567808 3.12092413 0.03921569 0.51764706 1.00000000
v -0.72153592 -0.21311137 2.90132715 0.03921569 0.51764706 1.00000000
v -0.49162359 -0.56431659 2.90820851 0.03921569 0.51764706 1.00000000
v -0.21737360 -0.35578862 2.55675961 0.03921569 0.51764706 1.00000000
v -0.58719165 -0.13171007 2.69247801 0.03921569 0.51764706 1.00000000
v -0.35574217 -0.48198391 2.69696974 0.03921569 0.51764706 1.00000000
v -0.21986075 -0.13321708 2.48573098 0.03921569 0.51764706 1.00000000
v -0.57560292 -0.34876683 2.77765577 0.03921569 0.51764706 1.00000000
v -0.21737360 0.35578862 2.55675961 0.03921569 0.51764706 1.00000000
v -0.58719165 0.13171007 2.69247801 0.03921569 0.51764706 1.00000000
v -0.35574217 0.48198391 2.69696974 0.03921569 0.51764706 1.00000000
v -0.21986075 0.13321708 2.48573098 0.03921569 0.51764706 1.00000000
v -0.57560292 0.34876683 2.77765577 0.03921569 0.51764706 1.00000000
v -0.43972150 0.00000000 2.56641701 0.03921569 0.51764706 1.00000000
v -0.58027799 0.57567808 3.37907587 0.03921569 0.51764706 1.00000000
v -0.72153592 0.21311137 3.59867285 0.03921569 0.51764706 1.00000000
v -0.49162359 0.56431659 3.59179149 0.03921569 0.51764706 1.00000000
v -0.71148434 0.43109951 3.25000000 0.03921569 0.51764706 1.00000000
v -0.58027799 -0.57567808 3.37907587 0.03921569 0.51764706 1.00000000
v -0.72153592 -0.21311137 3.59867285 0.03921569 0.51764706 1.00000000
v -0.49162359 -0.56431659 3.59179149 0.03921569 0.51764706 1.00000000
v -0.71148434 -0.43109951 3.25000000 0.03921569 0.51764706 1.00000000
v -0.21737360 -0.35578862 3.94324039 0.03921569 0.51764706 1.00000000
v -0.58719165 -0.13171007 3.80752199 0.03921569 0.51764706 1.00000000
v -0.35574217 -0.48198391 3.80303026 0.03921569 0.51764706 1.00000000
v -0.21986075 -0.13321708 4.01426902 0.03921569 0.51764706 1.00000000
v -0.57560292 -0.34876683 3.72234423 0.03921569 0.51764706 1.00000000
v -0.21737360 0.35578862 3.94324039 0.03921569 0.51764706 1.00000000
v -0.58719165 0.13171007 3.80752199 0.03921569 0.51764706 1.00000000
v -0.35574217 0.48198391 3.80303026 0.03921569 0.51764706 1.00000000
v -0.21986075 0.13321708 4.01426902 0.03921569 0.51764706 1.00000000
v -0.57560292 0.34876683 3.72234423 0.03921569 0.51764706 1.00000000
v -0.43972150 0.00000000 3.93358299 0.03921569 0.51764706 1.00000000
v -0.80456524 0.00000000 3.03040302 0.03921569 0.51764706 1.00000000
v -0.80456524 0.00000000 3.46959698 0.03921569 0.51764706 1.00000000
v -0.79546367 0.21554976 3.11944727 0.03921569 0.51764706 1.00000000
v -0.79546367 -0.21554976 3.11944727 0.03921569 0.51764706 1.00000000
v -0.79546367 0.21554976 3.38055273 0.03921569 0.51764706 1.00000000
v -0.79546367 -0.21554976 3.38055273 0.03921569 0.51764706 1.00000000
v -0.33736641 0.75033561 3.25000000 0.03921569 0.51764706 1.00000000
v -0.11538326 0.81215988 3.25000000 0.03921569 0.51764706 1.00000000
v 0.33736641 0.75033561 3.25000000 0.03921569 0.51764706 1.00000000
v 0.11538326 0.81215988 3.25000000 0.03921569 0.51764706 1.00000000
v -0.33736641 -0.75033561 3.25000000 0.03921569 0.51764706 1.00000000
v -0.11538326 -0.81215988 3.25000000 0.03921569 0.51764706 1.00000000
v 0.33736641 -0.75033561 3.25000000 0.03921569 0.51764706 1.00000000
v 0.11538326 -0.81215988 3.25000000 0.03921569 0.51764706 1.00000000
v -0.40518699 -0.70924206 3.35543262 0.03921569 0.51764706 1.00000000
v -0.31368226 -0.69200741 3.55827200 0.03921569 0.51764706 1.00000000
v -0.29962256 -0.75792977 3.35579826 0.03921569 0.51764706 1.00000000
v -0.06782058 -0.50482646 3.87989627 0.03921569 0.51764706 1.00000000
v -0.19829900 -0.62209489 3.73764469 0.03921569 0.51764706 1.00000000
v -0.06878760 -0.80990444 3.35693594 0.03921569 0.51764706 1.00000000
v -0.19962938 -0.73062535 3.56034018 0.03921569 0.51764706 1.00000000
v -0.18410588 -0.79244193 3.35671203 0.03921569 0.51764706 1.00000000
v -0.25197293 -0.75132022 3.46221690 0.03921569 0.51764706 1.00000000
v 0.40518699 -0.70924206 3.35543262 0.03921569 0.51764706 1.00000000
v 0.31368226 -0.69200741 3.55827200 0.03921569 0.51764706 1.00000000
v 0.29962256 -0.75792977 3.35579826 0.03921569 0.51764706 1.00000000
v 0.06782058 -0.50482646 3.87989627 0.03921569 0.51764706 1.00000000
v 0.19829900 -0.62209489 3.73764469 0.03921569 0.51764706 1.00000000
v 0.00000000 -0.57638376 3.82158600 0.03921569 0.51764706 1.00000000
v 0.06878760 -0.80990444 3.35693594 0.03921569 0.51764706 1.00000000
v 0.19962938 -0.73062535 3.56034018 0.03921569 0.51764706 1.00000000
v 0.18410588 -0.79244193 3.35671203 0.03921569 0.51764706 1.00000000
v 0.00000000 -0.79036624 3.46408282 0.03921569 0.51764706 1.00000000
v 0.25197293 -0.75132022 3.46221690 0.03921569 0.51764706 1.00000000
v -0.13084179 -0.68894587 3.66727612 0.03921569 0.51764706 1.00000000
v 0.13084179 -0.68894587 3.66727612 0.03921569 0.51764706 1.00000000
v -0.06786704 -0.63976758 3.74842453 0.03921569 0.51764706 1.00000000
v -0.06885544 -0.74864564 3.57112423 0.03921569 0.51764706 1.00000000
v 0.06786704 -0.63976758 3.74842453 0.03921569 0.51764706 1.00000000
v 0.06885544 -0.74864564 3.57112423 0.03921569 0.51764706 1.00000000
v -0.40518699 0.70924206 3.35543262 0.03921569 0.51764706 1.00000000
v -0.31368226 0.69200741 3.55827200 0.03921569 0.51764706 1.00000000
v -0.29962256 0.75792977 3.35579826 0.03921569 0.51764706 1.00000000
v -0.06782058 0.50482646 3.87989627 0.03921569 0.51764706 1.00000000
v -0.19829900 0.62209489 3.73764469 0.03921569 0.51764706 1.00000000
v -0.06878760 0.80990444 3.35693594 0.03921569 0.51764706 1.00000000
v -0.19962938 0.73062535 3.56034018 0.03921569 0.51764706 1.00000000
v -0.18410588 0.79244193 3.35671203 0.03921569 0.51764706 1.00000000
v -0.25197293 0.75132022 3.46221690 0.03921569 0.51764706 1.00000000
v 0.40518699 0.70924206 3.35543262 0.03921569 0.51764706 1.00000000
v 0.31368226 0.69200741 3.55827200 0.03921569 0.51764706 1.00000000
v 0.29962256 0.75792977 3.35579826 0.03921569 0.51764706 1.00000000
v 0.06782058 0.50482646 3.87989627 0.03921569 0.51764706 1.00000000
v 0.19829900 0.62209489 3.73764469 0.03921569 0.51764706 1.00000000
v 0.00000000 0.57638376 3.82158600 0.03921569 0.51764706 1.00000000
v 0.06878760 0.80990444 3.35693594 0.03921569 0.51764706 1.00000000
v 0.19962938 0.73062535 3.56034018 0.03921569 0.51764706 1.00000000
v 0.18410588 0.79244193 3.35671203 0.03921569 0.51764706 1.00000000
v 0.00000000 0.79036624 3.46408282 0.03921569 0.51764706 1.00000000
v 0.25197293 0.75132022 3.46221690 0.03921569 0.51764706 1.00000000
v -0.13084179 0.68894587 3.66727612 0.03921569 0.51764706 1.00000000
v 0.13084179 0.68894587 3.66727612 0.03921569 0.51764706 1.00000000
v -0.06786704 0.63976758 3.74842453 0.03921569 0.51764706 1.00000000
v -0.06885544 0.74864564 3.57112423 0.03921569 0.51764706 1.00000000
v 0.06786704 0.63976758 3.74842453 0.03921569 0.51764706 1.00000000
v 0.06885544 0.74864564 3.57112423 0.03921569 0.51764706 1.00000000
v 0.00000000 -0.33075139 3.98532889 0.03921569 0.51764706 1.00000000
v 0.00000000 -0.11312084 4.04591669 0.03921569 0.51764706 1.00000000
v 0.00000000 0.33075139 3.98532889 0.03921569 0.51764706 1.00000000
v 0.00000000 0.11312084 4.04591669 0.03921569 0.51764706 1.00000000
v -0.40518699 -0.70924206 3.14456738 0.03921569 0.51764706 1.00000000
v -0.31368226 -0.69200741 2.94172800 0.03921569 0.51764706 1.00000000
v -0.29962256 -0.75792977 3.14420174 0.03921569 0.51764706 1.00000000
v -0.06782058 -0.50482646 2.62010373 0.03921569 0.51764706 1.00000000
v -0.19829900 -0.62209489 2.76235531 0.03921569 0.51764706 1.00000000
v -0.06878760 -0.80990444 3.14306406 0.03921569 0.51764706 1.00000000
v -0.19962938 -0.73062535 2.93965982 0.03921569 0.51764706 1.00000000
v -0.18410588 -0.79244193 3.14328797 0.03921569 0.51764706 1.00000000
v -0.25197293 -0.75132022 3.03778310 0.03921569 0.51764706 1.00000000
v 0.40518699 -0.70924206 3.14456738 0.03921569 0.51764706 1.00000000
v 0.31368226 -0.69200741 2.94172800 0.03921569 0.51764706 1.00000000
v 0.29962256 -0.75792977 3.14420174 0.03921569 0.51764706 1.00000000
v 0.06782058 -0.50482646 2.62010373 0.03921569 0.51764706 1.00000000
v 0.19829900 -0.62209489 2.76235531 0.03921569 0.51764706 1.00000000
v 0.00000000 -0.57638376 2.67841400 0.03921569 0.51764706 1.00000000
v 0.06878760 -0.80990444 3.14306406 0.03921569 0.51764706 1.00000000
v 0.19962938 -0.73062535 2.93965982 0.03921569 0.51764706 1.00000000
v 0.18410588 -0.79244193 3.14328797 0.03921569 0.51764706 1.00000000
v 0.00000000 -0.79036624 3.03591718 0.03921569 0.51764706 1.00000000
v 0.25197293 -0.75132022 3.03778310 0.03921569 0.51764706 1.00000000
v -0.13084179 -0.68894587 2.83272388 0.03921569 0.51764706 1.00000000
v 0.13084179 -0.68894587 2.83272388 0.03921569 0.51764706 1.00000000
v -0.06786704 -0.63976758 2.75157547 0.03921569 0.51764706 1.00000000
v -0.06885544 -0.74864564 2.92887577 0.03921569 0.51764706 1.00000000
v 0.06786704 -0.63976758 2.75157547 0.03921569 0.51764706 1.00000000
v 0.06885544 -0.74864564 2.92887577 0.03921569 0.51764706 1.00000000
v -0.40518699 0.70924206 3.14456738 0.03921569 0.51764706 1.00000000
v -0.31368226 0.69200741 2.94172800 0.03921569 0.51764706 1.00000000
v -0.29962256 0.75792977 3.14420174 0.03921569 0.51764706 1.00000000
v -0.06782058 0.50482646 2.62010373 0.03921569 0.51764706 1.00000000
v -0.19829900 0.62209489 2.76235531 0.03921569 0.51764706 1.00000000
v -0.06878760 0.80990444 3.14306406 0.03921569 0.51764706 1.00000000
v -0.19962938 0.73062535 2.93965982 0.03921569 0.51764706 1.00000000
v -0.18410588 0.79244193 3.14328797 0.03921569 0.51764706 1.00000000
v -0.25197293 0.75132022 3.03778310 0.03921569 0.51764706 1.00000000
v 0.40518699 0.70924206 3.14456738 0.03921569 0.51764706 1.00000000
v 0.31368226 0.69200741 2.94172800 0.03921569 0.51764706 1.00000000
v 0.29962256 0.75792977 3.14420174 0.03921569 0.51764706 1.00000000
v 0.06782058 0.50482646 2.62010373 0.03921569 0.51764706 1.00000000
v 0.19829900 0.62209489 2.76235531 0.03921569 0.51764706 1.00000000
v 0.00000000 0.57638376 2.67841400 0.03921569 0.51764706 1.00000000
v 0.06878760 0.80990444 3.14306406 0.03921569 0.51764706 1.00000000
v 0.19962938 0.73062535 2.93965982 0.03921569 0.51764706 1.00000000
v 0.18410588 0.79244193 3.14328797 0.03921569 0.51764706 1.00000000
v 0.00000000 0.79036624 3.03591718 0.03921569 0.51764706 1.00000000
v 0.25197293 0.75132022 3.03778310 0.03921569 0.51764706 1.00000000
v -0.13084179 0.68894587 2.83272388 0.03921569 0.51764706 1.00000000
v 0.13084179 0.68894587 2.83272388 0.03921569 0.51764706 1.00000000
v -0.06786704 0.63976758 2.75157547 0.03921569 0.51764706 1.00000000
v -0.06885544 0.74864564 2.92887577 0.03921569 0.51764706 1.00000000
v 0.06786704 0.63976758 2.75157547 0.03921569 0.51764706 1.00000000
v 0.06885544 0.74864564 2.92887577 0.03921569 0.51764706 1.00000000
v 0.00000000 -0.33075139 2.51467111 0.03921569 0.51764706 1.00000000
v 0.00000000 -0.11312084 2.45408331 0.03921569 0.51764706 1.00000000
v 0.00000000 0.33075139 2.51467111 0.03921569 0.51764706 1.00000000
v 0.00000000 0.11312084 2.45408331 0.03921569 0.51764706 1.00000000
v 0.51492299 0.64275129 3.18483905 0.03921569 0.51764706 1.00000000
v 0.63453678 0.49759662 3.05947743 0.03921569 0.51764706 1.00000000
v 0.47779489 0.64997237 3.07881483 0.03921569 0.51764706 1.00000000
v 0.72342690 0.10758431 2.86070270 0.03921569 0.51764706 1.00000000
v 0.70584756 0.31456326 2.94861901 0.03921569 0.51764706 1.00000000
v 0.37971765 0.62150704 2.87356977 0.03921569 0.51764706 1.00000000
v 0.59142411 0.49323078 2.95126328 0.03921569 0.51764706 1.00000000
v 0.43168412 0.64243039 2.97183144 0.03921569 0.51764706 1.00000000
v 0.54149531 0.57589407 3.01213071 0.03921569 0.51764706 1.00000000
v 0.51492299 -0.64275129 3.18483905 0.03921569 0.51764706 1.00000000
v 0.63453678 -0.49759662 3.05947743 0.03921569 0.51764706 1.00000000
v 0.47779489 -0.64997237 3.07881483 0.03921569 0.51764706 1.00000000
v 0.72342690 -0.10758431 2.86070270 0.03921569 0.51764706 1.00000000
v 0.70584756 -0.31456326 2.94861901 0.03921569 0.51764706 1.00000000
v 0.37971765 -0.62150704 2.87356977 0.03921569 0.51764706 1.00000000
v 0.59142411 -0.49323078 2.95126328 0.03921569 0.51764706 1.00000000
v 0.43168412 -0.64243039 2.97183144 0.03921569 0.51764706 1.00000000
v 0.54149531 -0.57589407 3.01213071 0.03921569 0.51764706 1.00000000
v 0.10973600 -0.39724215 2.55494279 0.03921569 0.51764706 1.00000000
v 0.32085453 -0.30753163 2.57183274 0.03921569 0.51764706 1.00000000
v 0.17817232 -0.46842636 2.61302708 0.03921569 0.51764706 1.00000000
v 0.11011655 -0.29374761 2.50722882 0.03921569 0.51764706 1.00000000
v 0.65560632 -0.06649076 2.75527007 0.03921569 0.51764706 1.00000000
v 0.50754855 -0.19441079 2.64034701 0.03921569 0.51764706 1.00000000
v 0.66297182 -0.17467875 2.79094217 0.03921569 0.51764706 1.00000000
v 0.31093006 -0.57982756 2.76663383 0.03921569 0.51764706 1.00000000
v 0.39179473 -0.37227221 2.64092310 0.03921569 0.51764706 1.00000000
v 0.24757824 -0.53087775 2.68562381 0.03921569 0.51764706 1.00000000
v 0.42938722 -0.53019379 2.79656532 0.03921569 0.51764706 1.00000000
v 0.28952238 -0.42321973 2.62041822 0.03921569 0.51764706 1.00000000
v 0.11130067 -0.06743882 2.45629365 0.03921569 0.51764706 1.00000000
v 0.32300713 -0.19571508 2.53398716 0.03921569 0.51764706 1.00000000
v 0.11106763 -0.18049596 2.47340691 0.03921569 0.51764706 1.00000000
v 0.22087881 -0.24703228 2.51370618 0.03921569 0.51764706 1.00000000
v 0.63393719 -0.38411248 2.88517323 0.03921569 0.51764706 1.00000000
v 0.50309540 -0.30483339 2.68176899 0.03921569 0.51764706 1.00000000
v 0.65527900 -0.28384547 2.83524467 0.03921569 0.51764706 1.00000000
v 0.54079767 -0.46268845 2.83745150 0.03921569 0.51764706 1.00000000
v 0.58741196 -0.24272377 2.72973980 0.03921569 0.51764706 1.00000000
v 0.47194222 -0.42096786 2.73041009 0.03921569 0.51764706 1.00000000
v 0.10973600 0.39724215 2.55494279 0.03921569 0.51764706 1.00000000
v 0.32085453 0.30753163 2.57183274 0.03921569 0.51764706 1.00000000
v 0.17817232 0.46842636 2.61302708 0.03921569 0.51764706 1.00000000
v 0.11011655 0.29374761 2.50722882 0.03921569 0.51764706 1.00000000
v 0.65560632 0.06649076 2.75527007 0.03921569 0.51764706 1.00000000
v 0.50754855 0.19441079 2.64034701 0.03921569 0.51764706 1.00000000
v 0.66297182 0.17467875 2.79094217 0.03921569 0.51764706 1.00000000
v 0.59491604 0.00000000 2.68514391 0.03921569 0.51764706 1.00000000
v 0.31093006 0.57982756 2.76663383 0.03921569 0.51764706 1.00000000
v 0.39179473 0.37227221 2.64092310 0.03921569 0.51764706 1.00000000
v 0.24757824 0.53087775 2.68562381 0.03921569 0.51764706 1.00000000
v 0.42938722 0.53019379 2.79656532 0.03921569 0.51764706 1.00000000
v 0.28952238 0.42321973 2.62041822 0.03921569 0.51764706 1.00000000
v 0.11130067 0.06743882 2.45629365 0.03921569 0.51764706 1.00000000
v 0.32300713 0.19571508 2.53398716 0.03921569 0.51764706 1.00000000
v 0.11106763 0.18049596 2.47340691 0.03921569 0.51764706 1.00000000
v 0.22282089 0.00000000 2.47544109 0.03921569 0.51764706 1.00000000
v 0.22087881 0.24703228 2.51370618 0.03921569 0.51764706 1.00000000
v 0.63393719 0.38411248 2.88517323 0.03921569 0.51764706 1.00000000
v 0.50309540 0.30483339 2.68176899 0.03921569 0.51764706 1.00000000
v 0.65527900 0.28384547 2.83524467 0.03921569 0.51764706 1.00000000
v 0.54079767 0.46268845 2.83745150 0.03921569 0.51764706 1.00000000
v 0.58741196 0.24272377 2.72973980 0.03921569 0.51764706 1.00000000
v 0.47194222 0.42096786 2.73041009 0.03921569 0.51764706 1.00000000
v 0.43430780 -0.12827626 2.57483305 0.03921569 0.51764706 1.00000000
v 0.43430780 0.12827626 2.57483305 0.03921569 0.51764706 1.00000000
v 0.51876839 -0.06653632 2.62302777 0.03921569 0.51764706 1.00000000
v 0.33423134 -0.06750534 2.51632727 0.03921569 0.51764706 1.00000000
v 0.51876839 0.06653632 2.62302777 0.03921569 0.51764706 1.00000000
v 0.33423134 0.06750534 2.51632727 0.03921569 0.51764706 1.00000000
v 0.51492299 0.64275129 3.31516095 0.03921569 0.51764706 1.00000000
v 0.63453678 0.49759662 3.44052257 0.03921569 0.51764706 1.00000000
v 0.47779489 0.64997237 3.42118517 0.03921569 0.51764706 1.00000000
v 0.58791144 0.58325102 3.25000000 0.03921569 0.51764706 1.00000000
v 0.72342690 0.10758431 3.63929730 0.03921569 0.51764706 1.00000000
v 0.70584756 0.31456326 3.55138099 0.03921569 0.51764706 1.00000000
v 0.37971765 0.62150704 3.62643023 0.03921569 0.51764706 1.00000000
v 0.59142411 0.49323078 3.54873672 0.03921569 0.51764706 1.00000000
v 0.43168412 0.64243039 3.52816856 0.03921569 0.51764706 1.00000000
v 0.54149531 0.57589407 3.48786929 0.03921569 0.51764706 1.00000000
v 0.70272478 0.42579196 3.12428926 0.03921569 0.51764706 1.00000000
v 0.70272478 0.42579196 3.37571074 0.03921569 0.51764706 1.00000000
v 0.65256294 0.50859646 3.18479441 0.03921569 0.51764706 1.00000000
v 0.65256294 0.50859646 3.31520559 0.03921569 0.51764706 1.00000000
v 0.51492299 -0.64275129 3.31516095 0.03921569 0.51764706 1.00000000
v 0.63453678 -0.49759662 3.44052257 0.03921569 0.51764706 1.00000000
v 0.47779489 -0.64997237 3.42118517 0.03921569 0.51764706 1.00000000
v 0.58791144 -0.58325102 3.25000000 0.03921569 0.51764706 1.00000000
v 0.72342690 -0.10758431 3.63929730 0.03921569 0.51764706 1.00000000
v 0.70584756 -0.31456326 3.55138099 0.03921569 0.51764706 1.00000000
v 0.37971765 -0.62150704 3.62643023 0.03921569 0.51764706 1.00000000
v 0.59142411 -0.49323078 3.54873672 0.03921569 0.51764706 1.00000000
v 0.43168412 -0.64243039 3.52816856 0.03921569 0.51764706 1.00000000
v 0.54149531 -0.57589407 3.48786929 0.03921569 0.51764706 1.00000000
v 0.70272478 -0.42579196 3.12428926 0.03921569 0.51764706 1.00000000
v 0.70272478 -0.42579196 3.37571074 0.03921569 0.51764706 1.00000000
v 0.65256294 -0.50859646 3.18479441 0.03921569 0.51764706 1.00000000
v 0.65256294 -0.50859646 3.31520559 0.03921569 0.51764706 1.00000000
v 0.10973600 -0.39724215 3.94505721 0.03921569 0.51764706 1.00000000
v 0.32085453 -0.30753163 3.92816726 0.03921569 0.51764706 1.00000000
v 0.17817232 -0.46842636 3.88697292 0.03921569 0.51764706 1.00000000
v 0.11011655 -0.29374761 3.99277118 0.03921569 0.51764706 1.00000000
v 0.65560632 -0.06649076 3.74472993 0.03921569 0.51764706 1.00000000
v 0.50754855 -0.19441079 3.85965299 0.03921569 0.51764706 1.00000000
v 0.66297182 -0.17467875 3.70905783 0.03921569 0.51764706 1.00000000
v 0.31093006 -0.57982756 3.73336617 0.03921569 0.51764706 1.00000000
v 0.39179473 -0.37227221 3.85907690 0.03921569 0.51764706 1.00000000
v 0.24757824 -0.53087775 3.81437619 0.03921569 0.51764706 1.00000000
v 0.42938722 -0.53019379 3.70343468 0.03921569 0.51764706 1.00000000
v 0.28952238 -0.42321973 3.87958178 0.03921569 0.51764706 1.00000000
v 0.11130067 -0.06743882 4.04370635 0.03921569 0.51764706 1.00000000
v 0.32300713 -0.19571508 3.96601284 0.03921569 0.51764706 1.00000000
v 0.11106763 -0.18049596 4.02659309 0.03921569 0.51764706 1.00000000
v 0.22087881 -0.24703228 3.98629382 0.03921569 0.51764706 1.00000000
v 0.63393719 -0.38411248 3.61482677 0.03921569 0.51764706 1.00000000
v 0.50309540 -0.30483339 3.81823101 0.03921569 0.51764706 1.00000000
v 0.65527900 -0.28384547 3.66475533 0.03921569 0.51764706 1.00000000
v 0.54079767 -0.46268845 3.66254850 0.03921569 0.51764706 1.00000000
v 0.58741196 -0.24272377 3.77026020 0.03921569 0.51764706 1.00000000
v 0.47194222 -0.42096786 3.76958991 0.03921569 0.51764706 1.00000000
v 0.10973600 0.39724215 3.94505721 0.03921569 0.51764706 1.00000000
v 0.32085453 0.30753163 3.92816726 0.03921569 0.51764706 1.00000000
v 0.17817232 0.46842636 3.88697292 0.03921569 0.51764706 1.00000000
v 0.11011655 0.29374761 3.99277118 0.03921569 0.51764706 1.00000000
v 0.65560632 0.06649076 3.74472993 0.03921569 0.51764706 1.00000000
v 0.50754855 0.19441079 3.85965299 0.03921569 0.51764706 1.00000000
v 0.66297182 0.17467875 3.70905783 0.03921569 0.51764706 1.00000000
v 0.59491604 0.00000000 3.81485609 0.03921569 0.51764706 1.00000000
v 0.31093006 0.57982756 3.73336617 0.03921569 0.51764706 1.00000000
v 0.39179473 0.37227221 3.85907690 0.03921569 0.51764706 1.00000000
v 0.24757824 0.53087775 3.81437619 0.03921569 0.51764706 1.00000000
v 0.42938722 0.53019379 3.70343468 0.03921569 0.51764706 1.00000000
v 0.28952238 0.42321973 3.87958178 0.03921569 0.51764706 1.00000000
v 0.11130067 0.06743882 4.04370635 0.03921569 0.51764706 1.00000000
v 0.32300713 0.19571508 3.96601284 0.03921569 0.51764706 1.00000000
v 0.11106763 0.18049596 4.02659309 0.03921569 0.51764706 1.00000000
v 0.22282089 0.00000000 4.02455891 0.03921569 0.51764706 1.00000000
v 0.22087881 0.24703228 3.98629382 0.03921569 0.51764706 1.00000000
v 0.63393719 0.38411248 3.61482677 0.03921569 0.51764706 1.00000000
v 0.50309540 0.30483339 3.81823101 0.03921569 0.51764706 1.00000000
v 0.65527900 0.28384547 3.66475533 0.03921569 0.51764706 1.00000000
v 0.54079767 0.46268845 3.66254850 0.03921569 0.51764706 1.00000000
v 0.58741196 0.24272377 3.77026020 0.03921569 0.51764706 1.00000000
v 0.47194222 0.42096786 3.76958991 0.03921569 0.51764706 1.00000000
v 0.43430780 -0.12827626 3.92516695 0.03921569 0.51764706 1.00000000
v 0.43430780 0.12827626 3.92516695 0.03921569 0.51764706 1.00000000
v 0.51876839 -0.06653632 3.87697223 0.03921569 0.51764706 1.00000000
v 0.33423134 -0.06750534 3.98367273 0.03921569 0.51764706 1.00000000
v 0.51876839 0.06653632 3.87697223 0.03921569 0.51764706 1.00000000
v 0.33423134 0.06750534 3.98367273 0.03921569 0.51764706 1.00000000
v 0.76534232 0.00000000 2.92586364 0.03921569 0.51764706 1.00000000
v 0.82840308 0.00000000 3.13914158 0.03921569 0.51764706 1.00000000
v 0.77308837 0.10795740 2.96212734 0.03921569 0.51764706 1.00000000
v 0.77308837 -0.10795740 2.96212734 0.03921569 0.51764706 1.00000000
v 0.76534232 0.00000000 3.57413636 0.03921569 0.51764706 1.00000000
v 0.82840308 0.00000000 3.36085842 0.03921569 0.51764706 1.00000000
v 0.77308837 0.10795740 3.53787266 0.03921569 0.51764706 1.00000000
v 0.77308837 -0.10795740 3.53787266 0.03921569 0.51764706 1.00000000
v 0.74523786 0.31667366 3.05819922 0.03921569 0.51764706 1.00000000
v 0.82610253 0.10911831 3.18390995 0.03921569 0.51764706 1.00000000
v 0.76634663 0.21654786 3.00790836 0.03921569 0.51764706 1.00000000
v 0.76361856 0.32767778 3.18384477 0.03921569 0.51764706 1.00000000
v 0.80829077 0.10888983 3.07311396 0.03921569 0.51764706 1.00000000
v 0.74523786 -0.31667366 3.05819922 0.03921569 0.51764706 1.00000000
v 0.82610253 -0.10911831 3.18390995 0.03921569 0.51764706 1.00000000
v 0.76634663 -0.21654786 3.00790836 0.03921569 0.51764706 1.00000000
v 0.76361856 -0.32767778 3.18384477 0.03921569 0.51764706 1.00000000
v 0.80829077 -0.10888983 3.07311396 0.03921569 0.51764706 1.00000000
v 0.74523786 0.31667366 3.44180078 0.03921569 0.51764706 1.00000000
v 0.82610253 0.10911831 3.31609005 0.03921569 0.51764706 1.00000000
v 0.76634663 0.21654786 3.49209164 0.03921569 0.51764706 1.00000000
v 0.76361856 0.32767778 3.31615523 0.03921569 0.51764706 1.00000000
v 0.80829077 0.10888983 3.42688604 0.03921569 0.51764706 1.00000000
v 0.80617356 0.21845185 3.25000000 0.03921569 0.51764706 1.00000000
v 0.74523786 -0.31667366 3.44180078 0.03921569 0.51764706 1.00000000
v 0.82610253 -0.10911831 3.31609005 0.03921569 0.51764706 1.00000000
v 0.76634663 -0.21654786 3.49209164 0.03921569 0.51764706 1.00000000
v 0.76361856 -0.32767778 3.31615523 0.03921569 0.51764706 1.00000000
v 0.80829077 -0.10888983 3.42688604 0.03921569 0.51764706 1.00000000
v 0.80617356 -0.21845185 3.25000000 0.03921569 0.51764706 1.00000000
v -0.51492299 0.64275129 3.18483905 0.03921569 0.51764706 1.00000000
v -0.63453678 0.49759662 3.05947743 0.03921569 0.51764706 1.00000000
v -0.47779489 0.64997237 3.07881483 0.03921569 0.51764706 1.00000000
v -0.72342690 0.10758431 2.86070270 0.03921569 0.51764706 1.00000000
v -0.70584756 0.31456326 2.94861901 0.03921569 0.51764706 1.00000000
v -0.37971765 0.62150704 2.87356977 0.03921569 0.51764706 1.00000000
v -0.59142411 0.49323078 2.95126328 0.03921569 0.51764706 1.00000000
v -0.43168412 0.64243039 2.97183144 0.03921569 0.51764706 1.00000000
v -0.54149531 0.57589407 3.01213071 0.03921569 0.51764706 1.00000000
v -0.51492299 -0.64275129 3.18483905 0.03921569 0.51764706 1.00000000
v -0.63453678 -0.49759662 3.05947743 0.03921569 0.51764706 1.00000000
v -0.47779489 -0.64997237 3.07881483 0.03921569 0.51764706 1.00000000
v -0.72342690 -0.10758431 2.86070270 0.03921569 0.51764706 1.00000000
v -0.70584756 -0.31456326 2.94861901 0.03921569 0.51764706 1.00000000
v -0.37971765 -0.62150704 2.87356977 0.03921569 0.51764706 1.00000000
v -0.59142411 -0.49323078 2.95126328 0.03921569 0.51764706 1.00000000
v -0.43168412 -0.64243039 2.97183144 0.03921569 0.51764706 1.00000000
v -0.54149531 -0.57589407 3.01213071 0.03921569 0.51764706 1.00000000
v -0.10973600 -0.39724215 2.55494279 0.03921569 0.51764706 1.00000000
v -0.32085453 -0.30753163 2.57183274 0.03921569 0.51764706 1.00000000
v -0.17817232 -0.46842636 2.61302708 0.03921569 0.51764706 1.00000000
v -0.11011655 -0.29374761 2.50722882 0.03921569 0.51764706 1.00000000
v -0.65560632 -0.06649076 2.75527007 0.03921569 0.51764706 1.00000000
v -0.50754855 -0.19441079 2.64034701 0.03921569 0.51764706 1.00000000
v -0.66297182 -0.17467875 2.79094217 0.03921569 0.51764706 1.00000000
v -0.31093006 -0.57982756 2.76663383 0.03921569 0.51764706 1.00000000
v -0.39179473 -0.37227221 2.64092310 0.03921569 0.51764706 1.00000000
v -0.24757824 -0.53087775 2.68562381 0.03921569 0.51764706 1.00000000
v -0.42938722 -0.53019379 2.79656532 0.03921569 0.51764706 1.00000000
v -0.28952238 -0.42321973 2.62041822 0.03921569 0.51764706 1.00000000
v -0.11130067 -0.06743882 2.45629365 0.03921569 0.51764706 1.00000000
v -0.32300713 -0.19571508 2.53398716 0.03921569 0.51764706 1.00000000
v -0.11106763 -0.18049596 2.47340691 0.03921569 0.51764706 1.00000000
v -0.22087881 -0.24703228 2.51370618 0.03921569 0.51764706 1.00000000
v -0.63393719 -0.38411248 2.88517323 0.03921569 0.51764706 1.00000000
v -0.50309540 -0.30483339 2.68176899 0.03921569 0.51764706 1.00000000
v -0.65527900 -0.28384547 2.83524467 0.03921569 0.51764706 1.00000000
v -0.54079767 -0.46268845 2.83745150 0.03921569 0.51764706 1.00000000
v -0.58741196 -0.24272377 2.72973980 0.03921569 0.51764706 1.00000000
v -0.47194222 -0.42096786 2.73041009 0.03921569 0.51764706 1.00000000
v -0.10973600 0.39724215 2.55494279 0.03921569 0.51764706 1.00000000
v -0.32085453 0.30753163 2.57183274 0.03921569 0.51764706 1.00000000
v -0.17817232 0.46842636 2.61302708 0.03921569 0.51764706 1.00000000
v -0.11011655 0.29374761 2.50722882 0.03921569 0.51764706 1.00000000
v -0.65560632 0.06649076 2.75527007 0.03921569 0.51764706 1.00000000
v -0.50754855 0.19441079 2.64034701 0.03921569 0.51764706 1.00000000
v -0.66297182 0.17467875 2.79094217 0.03921569 0.51764706 1.00000000
v -0.59491604 0.00000000 2.68514391 0.03921569 0.51764706 1.00000000
v -0.31093006 0.57982756 2.76663383 0.03921569 0.51764706 1.00000000
v -0.39179473 0.37227221 2.64092310 0.03921569 0.51764706 1.00000000
v -0.24757824 0.53087775 2.68562381 0.03921569 0.51764706 1.00000000
v -0.42938722 0.53019379 2.79656532 0.03921569 0.51764706 1.00000000
v -0.28952238 0.42321973 2.62041822 0.03921569 0.51764706 1.00000000
v -0.11130067 0.06743882 2.45629365 0.03921569 0.51764706 1.00000000
v -0.32300713 0.19571508 2.53398716 0.03921569 0.51764706 1.00000000
v -0.11106763 0.18049596 2.47340691 0.03921569 0.51764706 1.00000000
v -0.22282089 0.00000000 2.47544109 0.03921569 0.51764706 1.00000000
v -0.22087881 0.24703228 2.51370618 0.03921569 0.51764706 1.00000000
v -0.63393719 0.38411248 2.88517323 0.03921569 0.51764706 1.00000000
v -0.50309540 0.30483339 2.68176899 0.03921569 0.51764706 1.00000000
v -0.65527900 0.28384547 2.83524467 0.03921569 0.51764706 1.00000000
v -0.54079767 0.46268845 2.83745150 0.03921569 0.51764706 1.00000000
v -0.58741196 0.24272377 2.72973980 0.03921569 0.51764706 1.00000000
v -0.47194222 0.42096786 2.73041009 0.03921569 0.51764706 1.00000000
v -0.43430780 -0.12827626 2.57483305 0.03921569 0.51764706 1.00000000
v -0.43430780 0.12827626 2.57483305 0.03921569 0.51764706 1.00000000
v -0.51876839 -0.06653632 2.62302777 0.03921569 0.51764706 1.00000000
v -0.33423134 -0.06750534 2.51632727 0.03921569 0.51764706 1.00000000
v -0.51876839 0.06653632 2.62302777 0.03921569 0.51764706 1.00000000
v -0.33423134 0.06750534 2.51632727 0.03921569 0.51764706 1.00000000
v -0.51492299 0.64275129 3.31516095 0.03921569 0.51764706 1.00000000
v -0.63453678 0.49759662 3.44052257 0.03921569 0.51764706 1.00000000
v -0.47779489 0.64997237 3.42118517 0.03921569 0.51764706 1.00000000
v -0.58791144 0.58325102 3.25000000 0.03921569 0.51764706 1.00000000
v -0.72342690 0.10758431 3.63929730 0.03921569 0.51764706 1.00000000
v -0.70584756 0.31456326 3.55138099 0.03921569 0.51764706 1.00000000
v -0.37971765 0.62150704 3.62643023 0.03921569 0.51764706 1.00000000
v -0.59142411 0.49323078 3.54873672 0.03921569 0.51764706 1.00000000
v -0.43168412 0.64243039 3.52816856 0.03921569 0.51764706 1.00000000
v -0.54149531 0.57589407 3.48786929 0.03921569 0.51764706 1.00000000
v -0.70272478 0.42579196 3.12428926 0.03921569 0.51764706 1.00000000
v -0.70272478 0.42579196 3.37571074 0.03921569 0.51764706 1.00000000
v -0.65256294 0.50859646 3.18479441 0.03921569 0.51764706 1.00000000
v -0.65256294 0.50859646 3.31520559 0.03921569 0.51764706 1.00000000
v -0.51492299 -0.64275129 3.31516095 0.03921569 0.51764706 1.00000000
v -0.63453678 -0.49759662 3.44052257 0.03921569 0.51764706 1.00000000
v -0.47779489 -0.64997237 3.42118517 0.03921569 0.51764706 1.00000000
v -0.58791144 -0.58325102 3.25000000 0.03921569 0.51764706 1.00000000
v -0.72342690 -0.10758431 3.63929730 0.03921569 0.51764706 1.00000000
v -0.70584756 -0.31456326 3.55138099 0.03921569 0.51764706 1.00000000
v -0.37971765 -0.62150704 3.62643023 0.03921569 0.51764706 1.00000000
v -0.59142411 -0.49323078 3.54873672 0.03921569 0.51764706 1.00000000
v -0.43168412 -0.64243039 3.52816856 0.03921569 0.51764706 1.00000000
v -0.54149531 -0.57589407 3.48786929 0.03921569 0.51764706 1.00000000
v -0.70272478 -0.42579196 3.12428926 0.03921569 0.51764706 1.00000000
v -0.70272478 -0.42579196 3.37571074 0.03921569 0.51764706 1.00000000
v -0.65256294 -0.50859646 3.18479441 0.03921569 0.51764706 1.00000000
v -0.65256294 -0.50859646 3.31520559 0.03921569 0.51764706 1.00000000
v -0.10973600 -0.39724215 3.94505721 0.03921569 0.51764706 1.00000000
v -0.32085453 -0.30753163 3.92816726 0.03921569 0.51764706 1.00000000
v -0.17817232 -0.46842636 3.88697292 0.03921569 0.51764706 1.00000000
v -0.11011655 -0.29374761 3.99277118 0.03921569 0.51764706 1.00000000
v -0.65560632 -0.06649076 3.74472993 0.03921569 0.51764706 1.00000000
v -0.50754855 -0.19441079 3.85965299 0.03921569 0.51764706 1.00000000
v -0.66297182 -0.17467875 3.70905783 0.03921569 0.51764706 1.00000000
v -0.31093006 -0.57982756 3.73336617 0.03921569 0.51764706 1.00000000
v -0.39179473 -0.37227221 3.85907690 0.03921569 0.51764706 1.00000000
v -0.24757824 -0.53087775 3.81437619 0.03921569 0.51764706 1.00000000
v -0.42938722 -0.53019379 3.70343468 0.03921569 0.51764706 1.00000000
v -0.28952238 -0.42321973 3.87958178 0.03921569 0.51764706 1.00000000
v -0.11130067 -0.06743882 4.04370635 0.03921569 0.51764706 1.00000000
v -0.32300713 -0.19571508 3.96601284 0.03921569 0.51764706 1.00000000
v -0.11106763 -0.18049596 4.02659309 0.03921569 0.51764706 1.00000000
v -0.22087881 -0.24703228 3.98629382 0.03921569 0.51764706 1.00000000
v -0.63393719 -0.38411248 3.61482677 0.03921569 0.51764706 1.00000000
v -0.50309540 -0.30483339 3.81823101 0.03921569 0.51764706 1.00000000
v -0.65527900 -0.28384547 3.66475533 0.03921569 0.51764706 1.00000000
v -0.54079767 -0.46268845 3.66254850 0.03921569 0.51764706 1.00000000
v -0.58741196 -0.24272377 3.77026020 0.03921569 0.51764706 1.00000000
v -0.47194222 -0.42096786 3.76958991 0.03921569 0.51764706 1.00000000
v -0.10973600 0.39724215 3.94505721 0.03921569 0.51764706 1.00000000
v -0.32085453 0.30753163 3.92816726 0.03921569 0.51764706 1.00000000
v -0.17817232 0.46842636 3.88697292 0.03921569 0.51764706 1.00000000
v -0.11011655 0.29374761 3.99277118 0.03921569 0.51764706 1.00000000
v -0.65560632 0.06649076 3.74472993 0.03921569 0.51764706 1.00000000
v -0.50754855 0.19441079 3.85965299 0.03921569 0.51764706 1.00000000
v -0.66297182 0.17467875 3.70905783 0.03921569 0.51764706 1.00000000
v -0.59491604 0.00000000 3.81485609 0.03921569 0.51764706 1.00000000
v -0.31093006 0.57982756 3.73336617 0.03921569 0.51764706 1.00000000
v -0.39179473 0.37227221 3.85907690 0.03921569 0.51764706 1.00000000
v -0.24757824 0.53087775 3.81437619 0.03921569 0.51764706 1.00000000
v -0.42938722 0.53019379 3.70343468 0.03921569 0.51764706 1.00000000
v -0.28952238 0.42321973 3.87958178 0.03921569 0.51764706 1.00000000
v -0.11130067 0.06743882 4.04370635 0.03921569 0.51764706 1.00000000
v -0.32300713 0.19571508 3.96601284 0.03921569 0.51764706 1.00000000
v -0.11106763 0.18049596 4.02659309 0.03921569 0.51764706 1.00000000
v -0.22282089 0.00000000 4.02455891 0.03921569 0.51764706 1.00000000
v -0.22087881 0.24703228 3.98629382 0.03921569 0.51764706 1.00000000
v -0.63393719 0.38411248 3.61482677 0.03921569 0.51764706 1.00000000
v -0.50309540 0.30483339 3.81823101 0.03921569 0.51764706 1.00000000
v -0.65527900 0.28384547 3.66475533 0.03921569 0.51764706 1.00000000
v -0.54079767 0.46268845 3.66254850 0.03921569 0.51764706 1.00000000
v -0.58741196 0.24272377 3.77026020 0.03921569 0.51764706 1.00000000
v -0.47194222 0.42096786 3.76958991 0.03921569 0.51764706 1.00000000
v -0.43430780 -0.12827626 3.92516695 0.03921569 0.51764706 1.00000000
v -0.43430780 0.12827626 3.92516695 0.03921569 0.51764706 1.00000000
v -0.51876839 -0.06653632 3.87697223 0.03921569 0.51764706 1.00000000
v -0.33423134 -0.06750534 3.98367273 0.03921569 0.51764706 1.00000000
v -0.51876839 0.06653632 3.87697223 0.03921569 0.51764706 1.00000000
v -0.33423134 0.06750534 3.98367273 0.03921569 0.51764706 1.00000000
v -0.76534232 0.00000000 2.92586364 0.03921569 0.51764706 1.00000000
v -0.82840308 0.00000000 3.13914158 0.03921569 0.51764706 1.00000000
v -0.77308837 0.10795740 2.96212734 0.03921569 0.51764706 1.00000000
v -0.77308837 -0.10795740 2.96212734 0.03921569 0.51764706 1.00000000
v -0.76534232 0.00000000 3.57413636 0.03921569 0.51764706 1.00000000
v -0.82840308 0.00000000 3.36085842 0.03921569 0.51764706 1.00000000
v -0.77308837 0.10795740 3.53787266 0.03921569 0.51764706 1.00000000
v -0.77308837 -0.10795740 3.53787266 0.03921569 0.51764706 1.00000000
v -0.74523786 0.31667366 3.05819922 0.03921569 0.51764706 1.00000000
v -0.82610253 0.10911831 3.18390995 0.03921569 0.51764706 1.00000000
v -0.76634663 0.21654786 3.00790836 0.03921569 0.51764706 1.00000000
v -0.76361856 0.32767778 3.18384477 0.03921569 0.51764706 1.00000000
v -0.80829077 0.10888983 3.07311396 0.03921569 0.51764706 1.00000000
v -0.74523786 -0.31667366 3.05819922 0.03921569 0.51764706 1.00000000
v -0.82610253 -0.10911831 3.18390995 0.03921569 0.51764706 1.00000000
v -0.76634663 -0.21654786 3.00790836 0.03921569 0.51764706 1.00000000
v -0.76361856 -0.32767778 3.18384477 0.03921569 0.51764706 1.00000000
v -0.80829077 -0.10888983 3.07311396 0.03921569 0.51764706 1.00000000
v -0.74523786 0.31667366 3.44180078 0.03921569 0.51764706 1.00000000
v -0.82610253 0.10911831 3.31609005 0.03921569 0.51764706 1.00000000
v -0.76634663 0.21654786 3.49209164 0.03921569 0.51764706 1.00000000
v -0.76361856 0.32767778 3.31615523 0.03921569 0.51764706 1.00000000
v -0.80829077 0.10888983 3.42688604 0.03921569 0.51764706 1.00000000
v -0.80617356 0.21845185 3.25000000 0.03921569 0.51764706 1.00000000
v -0.74523786 -0.31667366 3.44180078 0.03921569 0.51764706 1.00000000
v -0.82610253 -0.10911831 3.31609005 0.03921569 0.51764706 1.00000000
v -0.76634663 -0.21654786 3.49209164 0.03921569 0.51764706 1.00000000
v -0.76361856 -0.32767778 3.31615523 0.03921569 0.51764706 1.00000000
v -0.80829077 -0.10888983 3.42688604 0.03921569 0.51764706 1.00000000
v -0.80617356 -0.21845185 3.25000000 0.03921569 0.51764706 1.00000000
v -0.29882556 0.83456952 3.20000000 0.98039216 0.98823529 1.00000000
v 0.29882556 0.83456952 3.20000000 0.98039216 0.98823529 1.00000000
v -0.29882556 0.02543048 3.20000000 0.98039216 0.98823529 1.00000000
v 0.29882556 0.02543048 3.20000000 0.98039216 0.98823529 1.00000000
v 0.00000000 0.17996228 3.66870860 0.98039216 0.98823529 1.00000000
v 0.00000000 0.68003772 3.66870860 0.98039216 0.98823529 1.00000000
v 0.00000000 0.17996228 2.73129140 0.98039216 0.98823529 1.00000000
v 0.00000000 0.68003772 2.73129140 0.98039216 0.98823529 1.00000000
v 0.48350992 0.43000000 2.91032216 0.98039216 0.98823529 1.00000000
v 0.48350992 0.43000000 3.48967784 0.98039216 0.98823529 1.00000000
v -0.48350992 0.43000000 2.91032216 0.98039216 0.98823529 1.00000000
v -0.48350992 0.43000000 3.48967784 0.98039216 0.98823529 1.00000000
v 0.00000000 0.90560000 3.20000000 0.98039216 0.98823529 1.00000000
v 0.00000000 -0.04560000 3.20000000 0.98039216 0.98823529 1.00000000
v -0.17564526 0.04523152 3.47550000 0.98039216 0.98823529 1.00000000
v 0.17564526 0.04523152 3.47550000 0.98039216 0.98823529 1.00000000
v -0.17564526 0.81476848 3.47550000 0.98039216 0.98823529 1.00000000
v 0.17564526 0.81476848 3.47550000 0.98039216 0.98823529 1.00000000
v 0.00000000 0.43000000 3.75100000 0.98039216 0.98823529 1.00000000
v -0.17564526 0.04523152 2.92450000 0.98039216 0.98823529 1.00000000
v 0.17564526 0.04523152 2.92450000 0.98039216 0.98823529 1.00000000
v -0.17564526 0.81476848 2.92450000 0.98039216 0.98823529 1.00000000
v 0.17564526 0.81476848 2.92450000 0.98039216 0.98823529 1.00000000
v 0.00000000 0.43000000 2.64900000 0.98039216 0.98823529 1.00000000
v 0.45984526 0.66780000 3.02973164 0.98039216 0.98823529 1.00000000
v 0.45984526 0.19220000 3.02973164 0.98039216 0.98823529 1.00000000
v 0.28420000 0.28303152 2.75423164 0.98039216 0.98823529 1.00000000
v 0.28420000 0.57696848 2.75423164 0.98039216 0.98823529 1.00000000
v 0.45984526 0.66780000 3.37026836 0.98039216 0.98823529 1.00000000
v 0.45984526 0.19220000 3.37026836 0.98039216 0.98823529 1.00000000
v 0.28420000 0.28303152 3.64576836 0.98039216 0.98823529 1.00000000
v 0.28420000 0.57696848 3.64576836 0.98039216 0.98823529 1.00000000
v 0.56840000 0.43000000 3.20000000 0.98039216 0.98823529 1.00000000
v -0.45984526 0.66780000 3.02973164 0.98039216 0.98823529 1.00000000
v -0.45984526 0.19220000 3.02973164 0.98039216 0.98823529 1.00000000
v -0.28420000 0.28303152 2.75423164 0.98039216 0.98823529 1.00000000
v -0.28420000 0.57696848 2.75423164 0.98039216 0.98823529 1.00000000
v -0.45984526 0.66780000 3.37026836 0.98039216 0.98823529 1.00000000
v -0.45984526 0.19220000 3.37026836 0.98039216 0.98823529 1.00000000
v -0.28420000 0.28303152 3.64576836 0.98039216 0.98823529 1.00000000
v -0.28420000 0.57696848 3.64576836 0.98039216 0.98823529 1.00000000
v -0.56840000 0.43000000 3.20000000 0.98039216 0.98823529 1.00000000
v -0.15532470 0.88749788 3.20000000 0.98039216 0.98823529 1.00000000
v 0.15532470 0.88749788 3.20000000 0.98039216 0.98823529 1.00000000
v -0.15532470 -0.02749788 3.20000000 0.98039216 0.98823529 1.00000000
v 0.15532470 -0.02749788 3.20000000 0.98039216 0.98823529 1.00000000
v -0.24662226 0.01971487 3.34320044 0.98039216 0.98823529 1.00000000
v -0.09129757 0.10003800 3.58682759 0.98039216 0.98823529 1.00000000
v -0.09234218 -0.02232248 3.34483892 0.98039216 0.98823529 1.00000000
v 0.24662226 0.01971487 3.34320044 0.98039216 0.98823529 1.00000000
v 0.09129757 0.10003800 3.58682759 0.98039216 0.98823529 1.00000000
v 0.09234218 -0.02232248 3.34483892 0.98039216 0.98823529 1.00000000
v 0.00000000 0.02543048 3.48967784 0.98039216 0.98823529 1.00000000
v -0.24662226 0.84028513 3.34320044 0.98039216 0.98823529 1.00000000
v -0.09129757 0.75996200 3.58682759 0.98039216 0.98823529 1.00000000
v -0.09234218 0.88232248 3.34483892 0.98039216 0.98823529 1.00000000
v 0.24662226 0.84028513 3.34320044 0.98039216 0.98823529 1.00000000
v 0.09129757 0.75996200 3.58682759 0.98039216 0.98823529 1.00000000
v 0.09234218 0.88232248 3.34483892 0.98039216 0.98823529 1.00000000
v 0.00000000 0.83456952 3.48967784 0.98039216 0.98823529 1.00000000
v 0.00000000 0.30003444 3.73002804 0.98039216 0.98823529 1.00000000
v 0.00000000 0.55996556 3.73002804 0.98039216 0.98823529 1.00000000
v -0.24662226 0.01971487 3.05679956 0.98039216 0.98823529 1.00000000
v -0.09129757 0.10003800 2.81317241 0.98039216 0.98823529 1.00000000
v -0.09234218 -0.02232248 3.05516108 0.98039216 0.98823529 1.00000000
v 0.24662226 0.01971487 3.05679956 0.98039216 0.98823529 1.00000000
v 0.09129757 0.10003800 2.81317241 0.98039216 0.98823529 1.00000000
v 0.09234218 -0.02232248 3.05516108 0.98039216 0.98823529 1.00000000
v 0.00000000 0.02543048 2.91032216 0.98039216 0.98823529 1.00000000
v -0.24662226 0.84028513 3.05679956 0.98039216 0.98823529 1.00000000
v -0.09129757 0.75996200 2.81317241 0.98039216 0.98823529 1.00000000
v -0.09234218 0.88232248 3.05516108 0.98039216 0.98823529 1.00000000
v 0.24662226 0.84028513 3.05679956 0.98039216 0.98823529 1.00000000
v 0.09129757 0.75996200 2.81317241 0.98039216 0.98823529 1.00000000
v 0.09234218 0.88232248 3.05516108 0.98039216 0.98823529 1.00000000
v 0.00000000 0.83456952 2.91032216 0.98039216 0.98823529 1.00000000
v 0.00000000 0.30003444 2.66997196 0.98039216 0.98823529 1.00000000
v 0.00000000 0.55996556 2.66997196 0.98039216 0.98823529 1.00000000
v 0.39434482 0.76389329 3.11149726 0.98039216 0.98823529 1.00000000
v 0.49034076 0.55360459 2.96092740 0.98039216 0.98823529 1.00000000
v 0.33409714 0.75730362 2.96564570 0.98039216 0.98823529 1.00000000
v 0.39434482 0.09610671 3.11149726 0.98039216 0.98823529 1.00000000
v 0.49034076 0.30639541 2.96092740 0.98039216 0.98823529 1.00000000
v 0.33409714 0.10269638 2.96564570 0.98039216 0.98823529 1.00000000
v 0.14772256 0.22364260 2.72466967 0.98039216 0.98823529 1.00000000
v 0.39904320 0.35360816 2.81772696 0.98039216 0.98823529 1.00000000
v 0.24175496 0.15044933 2.82080678 0.98039216 0.98823529 1.00000000
v 0.14941278 0.35273410 2.67596786 0.98039216 0.98823529 1.00000000
v 0.39116774 0.22771524 2.87613033 0.98039216 0.98823529 1.00000000
v 0.14772256 0.63635740 2.72466967 0.98039216 0.98823529 1.00000000
v 0.39904320 0.50639184 2.81772696 0.98039216 0.98823529 1.00000000
v 0.24175496 0.70955067 2.82080678 0.98039216 0.98823529 1.00000000
v 0.14941278 0.50726590 2.67596786 0.98039216 0.98823529 1.00000000
v 0.39116774 0.63228476 2.87613033 0.98039216 0.98823529 1.00000000
v 0.29882556 0.43000000 2.73129140 0.98039216 0.98823529 1.00000000
v 0.39434482 0.76389329 3.28850274 0.98039216 0.98823529 1.00000000
v 0.49034076 0.55360459 3.43907260 0.98039216 0.98823529 1.00000000
v 0.33409714 0.75730362 3.43435430 0.98039216 0.98823529 1.00000000
v 0.48350992 0.68003772 3.20000000 0.98039216 0.98823529 1.00000000
v 0.39434482 0.09610671 3.28850274 0.98039216 0.98823529 1.00000000
v 0.49034076 0.30639541 3.43907260 0.98039216 0.98823529 1.00000000
v 0.33409714 0.10269638 3.43435430 0.98039216 0.98823529 1.00000000
v 0.48350992 0.17996228 3.20000000 0.98039216 0.98823529 1.00000000
v 0.14772256 0.22364260 3.67533033 0.98039216 0.98823529 1.00000000
v 0.39904320 0.35360816 3.58227304 0.98039216 0.98823529 1.00000000
v 0.24175496 0.15044933 3.57919322 0.98039216 0.98823529 1.00000000
v 0.14941278 0.35273410 3.72403214 0.98039216 0.98823529 1.00000000
v 0.39116774 0.22771524 3.52386967 0.98039216 0.98823529 1.00000000
v 0.14772256 0.63635740 3.67533033 0.98039216 0.98823529 1.00000000
v 0.39904320 0.50639184 3.58227304 0.98039216 0.98823529 1.00000000
v 0.24175496 0.70955067 3.57919322 0.98039216 0.98823529 1.00000000
v 0.14941278 0.50726590 3.72403214 0.98039216 0.98823529 1.00000000
v 0.39116774 0.63228476 3.52386967 0.98039216 0.98823529 1.00000000
v 0.29882556 0.43000000 3.66870860 0.98039216 0.98823529 1.00000000
v 0.54676576 0.43000000 3.04943014 0.98039216 0.98823529 1.00000000
v 0.54676576 0.43000000 3.35056986 0.98039216 0.98823529 1.00000000
v 0.54058052 0.55501886 3.11048462 0.98039216 0.98823529 1.00000000
v 0.54058052 0.30498114 3.11048462 0.98039216 0.98823529 1.00000000
v 0.54058052 0.55501886 3.28951538 0.98039216 0.98823529 1.00000000
v 0.54058052 0.30498114 3.28951538 0.98039216 0.98823529 1.00000000
v -0.39434482 0.76389329 3.11149726 0.98039216 0.98823529 1.00000000
v -0.49034076 0.55360459 2.96092740 0.98039216 0.98823529 1.00000000
v -0.33409714 0.75730362 2.96564570 0.98039216 0.98823529 1.00000000
v -0.39434482 0.09610671 3.11149726 0.98039216 0.98823529 1.00000000
v -0.49034076 0.30639541 2.96092740 0.98039216 0.98823529 1.00000000
v -0.33409714 0.10269638 2.96564570 0.98039216 0.98823529 1.00000000
v -0.14772256 0.22364260 2.72466967 0.98039216 0.98823529 1.00000000
v -0.39904320 0.35360816 2.81772696 0.98039216 0.98823529 1.00000000
v -0.24175496 0.15044933 2.82080678 0.98039216 0.98823529 1.00000000
v -0.14941278 0.35273410 2.67596786 0.98039216 0.98823529 1.00000000
v -0.39116774 0.22771524 2.87613033 0.98039216 0.98823529 1.00000000
v -0.14772256 0.63635740 2.72466967 0.98039216 0.98823529 1.00000000
v -0.39904320 0.50639184 2.81772696 0.98039216 0.98823529 1.00000000
v -0.24175496 0.70955067 2.82080678 0.98039216 0.98823529 1.00000000
v -0.14941278 0.50726590 2.67596786 0.98039216 0.98823529 1.00000000
v -0.39116774 0.63228476 2.87613033 0.98039216 0.98823529 1.00000000
v -0.29882556 0.43000000 2.73129140 0.98039216 0.98823529 1.00000000
v -0.39434482 0.76389329 3.28850274 0.98039216 0.98823529 1.00000000
v -0.49034076 0.55360459 3.43907260 0.98039216 0.98823529 1.00000000
v -0.33409714 0.75730362 3.43435430 0.98039216 0.98823529 1.00000000
v -0.48350992 0.68003772 3.20000000 0.98039216 0.98823529 1.00000000
v -0.39434482 0.09610671 3.28850274 0.98039216 0.98823529 1.00000000
v -0.49034076 0.30639541 3.43907260 0.98039216 0.98823529 1.00000000
v -0.33409714 0.10269638 3.43435430 0.98039216 0.98823529 1.00000000
v -0.48350992 0.17996228 3.20000000 0.98039216 0.98823529 1.00000000
v -0.14772256 0.22364260 3.67533033 0.98039216 0.98823529 1.00000000
v -0.39904320 0.35360816 3.58227304 0.98039216 0.98823529 1.00000000
v -0.24175496 0.15044933 3.57919322 0.98039216 0.98823529 1.00000000
v -0.14941278 0.35273410 3.72403214 0.98039216 0.98823529 1.00000000
v -0.39116774 0.22771524 3.52386967 0.98039216 0.98823529 1.00000000
v -0.14772256 0.63635740 3.67533033 0.98039216 0.98823529 1.00000000
v -0.39904320 0.50639184 3.58227304 0.98039216 0.98823529 1.00000000
v -0.24175496 0.70955067 3.57919322 0.98039216 0.98823529 1.00000000
v -0.14941278 0.50726590 3.72403214 0.98039216 0.98823529 1.00000000
v -0.39116774 0.63228476 3.52386967 0.98039216 0.98823529 1.00000000
v -0.29882556 0.43000000 3.66870860 0.98039216 0.98823529 1.00000000
v -0.54676576 0.43000000 3.04943014 0.98039216 0.98823529 1.00000000
v -0.54676576 0.43000000 3.35056986 0.98039216 0.98823529 1.00000000
v -0.54058052 0.55501886 3.11048462 0.98039216 0.98823529 1.00000000
v -0.54058052 0.30498114 3.11048462 0.98039216 0.98823529 1.00000000
v -0.54058052 0.55501886 3.28951538 0.98039216 0.98823529 1.00000000
v -0.54058052 0.30498114 3.28951538 0.98039216 0.98823529 1.00000000
v -0.22926718 0.86519465 3.20000000 0.98039216 0.98823529 1.00000000
v -0.07841205 0.90105273 3.20000000 0.98039216 0.98823529 1.00000000
v 0.22926718 0.86519465 3.20000000 0.98039216 0.98823529 1.00000000
v 0.07841205 0.90105273 3.20000000 0.98039216 0.98823529 1.00000000
v -0.22926718 -0.00519465 3.20000000 0.98039216 0.98823529 1.00000000
v -0.07841205 -0.04105273 3.20000000 0.98039216 0.98823529 1.00000000
v 0.22926718 -0.00519465 3.20000000 0.98039216 0.98823529 1.00000000
v 0.07841205 -0.04105273 3.20000000 0.98039216 0.98823529 1.00000000
v -0.27535663 0.01863961 3.27229141 0.98039216 0.98823529 1.00000000
v -0.21317192 0.02863570 3.41137117 0.98039216 0.98823529 1.00000000
v -0.20361725 -0.00959927 3.27254211 0.98039216 0.98823529 1.00000000
v -0.04608945 0.13720065 3.63189752 0.98039216 0.98823529 1.00000000
v -0.13475987 0.06918497 3.53436066 0.98039216 0.98823529 1.00000000
v -0.04674662 -0.03974457 3.27332218 0.98039216 0.98823529 1.00000000
v -0.13566397 0.00623730 3.41278925 0.98039216 0.98823529 1.00000000
v -0.12511452 -0.02961632 3.27316865 0.98039216 0.98823529 1.00000000
v -0.17123555 -0.00576573 3.34550960 0.98039216 0.98823529 1.00000000
v 0.27535663 0.01863961 3.27229141 0.98039216 0.98823529 1.00000000
v 0.21317192 0.02863570 3.41137117 0.98039216 0.98823529 1.00000000
v 0.20361725 -0.00959927 3.27254211 0.98039216 0.98823529 1.00000000
v 0.04608945 0.13720065 3.63189752 0.98039216 0.98823529 1.00000000
v 0.13475987 0.06918497 3.53436066 0.98039216 0.98823529 1.00000000
v 0.00000000 0.09569742 3.59191624 0.98039216 0.98823529 1.00000000
v 0.04674662 -0.03974457 3.27332218 0.98039216 0.98823529 1.00000000
v 0.13566397 0.00623730 3.41278925 0.98039216 0.98823529 1.00000000
v 0.12511452 -0.02961632 3.27316865 0.98039216 0.98823529 1.00000000
v 0.00000000 -0.02841242 3.34678899 0.98039216 0.98823529 1.00000000
v 0.17123555 -0.00576573 3.34550960 0.98039216 0.98823529 1.00000000
v -0.08891735 0.03041140 3.48611143 0.98039216 0.98823529 1.00000000
v 0.08891735 0.03041140 3.48611143 0.98039216 0.98823529 1.00000000
v -0.04612103 0.05893480 3.54175201 0.98039216 0.98823529 1.00000000
v -0.04679272 -0.00421447 3.42018349 0.98039216 0.98823529 1.00000000
v 0.04612103 0.05893480 3.54175201 0.98039216 0.98823529 1.00000000
v 0.04679272 -0.00421447 3.42018349 0.98039216 0.98823529 1.00000000
v -0.27535663 0.84136039 3.27229141 0.98039216 0.98823529 1.00000000
v -0.21317192 0.83136430 3.41137117 0.98039216 0.98823529 1.00000000
v -0.20361725 0.86959927 3.27254211 0.98039216 0.98823529 1.00000000
v -0.04608945 0.72279935 3.63189752 0.98039216 0.98823529 1.00000000
v -0.13475987 0.79081503 3.53436066 0.98039216 0.98823529 1.00000000
v -0.04674662 0.89974457 3.27332218 0.98039216 0.98823529 1.00000000
v -0.13566397 0.85376270 3.41278925 0.98039216 0.98823529 1.00000000
v -0.12511452 0.88961632 3.27316865 0.98039216 0.98823529 1.00000000
v -0.17123555 0.86576573 3.34550960 0.98039216 0.98823529 1.00000000
v 0.27535663 0.84136039 3.27229141 0.98039216 0.98823529 1.00000000
v 0.21317192 0.83136430 3.41137117 0.98039216 0.98823529 1.00000000
v 0.20361725 0.86959927 3.27254211 0.98039216 0.98823529 1.00000000
v 0.04608945 0.72279935 3.63189752 0.98039216 0.98823529 1.00000000
v 0.13475987 0.79081503 3.53436066 0.98039216 0.98823529 1.00000000
v 0.00000000 0.76430258 3.59191624 0.98039216 0.98823529 1.00000000
v 0.04674662 0.89974457 3.27332218 0.98039216 0.98823529 1.00000000
v 0.13566397 0.85376270 3.41278925 0.98039216 0.98823529 1.00000000
v 0.12511452 0.88961632 3.27316865 0.98039216 0.98823529 1.00000000
v 0.00000000 0.88841242 3.34678899 0.98039216 0.98823529 1.00000000
v 0.17123555 0.86576573 3.34550960 0.98039216 0.98823529 1.00000000
v -0.08891735 0.82958860 3.48611143 0.98039216 0.98823529 1.00000000
v 0.08891735 0.82958860 3.48611143 0.98039216 0.98823529 1.00000000
v -0.04612103 0.80106520 3.54175201 0.98039216 0.98823529 1.00000000
v -0.04679272 0.86421447 3.42018349 0.98039216 0.98823529 1.00000000
v 0.04612103 0.80106520 3.54175201 0.98039216 0.98823529 1.00000000
v 0.04679272 0.86421447 3.42018349 0.98039216 0.98823529 1.00000000
v 0.00000000 0.23816420 3.70418893 0.98039216 0.98823529 1.00000000
v 0.00000000 0.36438991 3.74573182 0.98039216 0.98823529 1.00000000
v 0.00000000 0.62183580 3.70418893 0.98039216 0.98823529 1.00000000
v 0.00000000 0.49561009 3.74573182 0.98039216 0.98823529 1.00000000
v -0.27535663 0.01863961 3.12770859 0.98039216 0.98823529 1.00000000
v -0.21317192 0.02863570 2.98862883 0.98039216 0.98823529 1.00000000
v -0.20361725 -0.00959927 3.12745789 0.98039216 0.98823529 1.00000000
v -0.04608945 0.13720065 2.76810248 0.98039216 0.98823529 1.00000000
v -0.13475987 0.06918497 2.86563934 0.98039216 0.98823529 1.00000000
v -0.04674662 -0.03974457 3.12667782 0.98039216 0.98823529 1.00000000
v -0.13566397 0.00623730 2.98721075 0.98039216 0.98823529 1.00000000
v -0.12511452 -0.02961632 3.12683135 0.98039216 0.98823529 1.00000000
v -0.17123555 -0.00576573 3.05449040 0.98039216 0.98823529 1.00000000
v 0.27535663 0.01863961 3.12770859 0.98039216 0.98823529 1.00000000
v 0.21317192 0.02863570 2.98862883 0.98039216 0.98823529 1.00000000
v 0.20361725 -0.00959927 3.12745789 0.98039216 0.98823529 1.00000000
v 0.04608945 0.13720065 2.76810248 0.98039216 0.98823529 1.00000000
v 0.13475987 0.06918497 2.86563934 0.98039216 0.98823529 1.00000000
v 0.00000000 0.09569742 2.80808376 0.98039216 0.98823529 1.00000000
v 0.04674662 -0.03974457 3.12667782 0.98039216 0.98823529 1.00000000
v 0.13566397 0.00623730 2.98721075 0.98039216 0.98823529 1.00000000
v 0.12511452 -0.02961632 3.12683135 0.98039216 0.98823529 1.00000000
v 0.00000000 -0.02841242 3.05321101 0.98039216 0.98823529 1.00000000
v 0.17123555 -0.00576573 3.05449040 0.98039216 0.98823529 1.00000000
v -0.08891735 0.03041140 2.91388857 0.98039216 0.98823529 1.00000000
v 0.08891735 0.03041140 2.91388857 0.98039216 0.98823529 1.00000000
v -0.04612103 0.05893480 2.85824799 0.98039216 0.98823529 1.00000000
v -0.04679272 -0.00421447 2.97981651 0.98039216 0.98823529 1.00000000
v 0.04612103 0.05893480 2.85824799 0.98039216 0.98823529 1.00000000
v 0.04679272 -0.00421447 2.97981651 0.98039216 0.98823529 1.00000000
v -0.27535663 0.84136039 3.12770859 0.98039216 0.98823529 1.00000000
v -0.21317192 0.83136430 2.98862883 0.98039216 0.98823529 1.00000000
v -0.20361725 0.86959927 3.12745789 0.98039216 0.98823529 1.00000000
v -0.04608945 0.72279935 2.76810248 0.98039216 0.98823529 1.00000000
v -0.13475987 0.79081503 2.86563934 0.98039216 0.98823529 1.00000000
v -0.04674662 0.89974457 3.12667782 0.98039216 0.98823529 1.00000000
v -0.13566397 0.85376270 2.98721075 0.98039216 0.98823529 1.00000000
v -0.12511452 0.88961632 3.12683135 0.98039216 0.98823529 1.00000000
v -0.17123555 0.86576573 3.05449040 0.98039216 0.98823529 1.00000000
v 0.27535663 0.84136039 3.12770859 0.98039216 0.98823529 1.00000000
v 0.21317192 0.83136430 2.98862883 0.98039216 0.98823529 1.00000000
v 0.20361725 0.86959927 3.12745789 0.98039216 0.98823529 1.00000000
v 0.04608945 0.72279935 2.76810248 0.98039216 0.98823529 1.00000000
v 0.13475987 0.79081503 2.86563934 0.98039216 0.98823529 1.00000000
v 0.00000000 0.76430258 2.80808376 0.98039216 0.98823529 1.00000000
v 0.04674662 0.89974457 3.12667782 0.98039216 0.98823529 1.00000000
v 0.13566397 0.85376270 2.98721075 0.98039216 0.98823529 1.00000000
v 0.12511452 0.88961632 3.12683135 0.98039216 0.98823529 1.00000000
v 0.00000000 0.88841242 3.05321101 0.98039216 0.98823529 1.00000000
v 0.17123555 0.86576573 3.05449040 0.98039216 0.98823529 1.00000000
v -0.08891735 0.82958860 2.91388857 0.98039216 0.98823529 1.00000000
v 0.08891735 0.82958860 2.91388857 0.98039216 0.98823529 1.00000000
v -0.04612103 0.80106520 2.85824799 0.98039216 0.98823529 1.00000000
v -0.04679272 0.86421447 2.97981651 0.98039216 0.98823529 1.00000000
v 0.04612103 0.80106520 2.85824799 0.98039216 0.98823529 1.00000000
v 0.04679272 0.86421447 2.97981651 0.98039216 0.98823529 1.00000000
v 0.00000000 0.23816420 2.69581107 0.98039216 0.98823529 1.00000000
v 0.00000000 0.36438991 2.65426818 0.98039216 0.98823529 1.00000000
v 0.00000000 0.62183580 2.69581107 0.98039216 0.98823529 1.00000000
v 0.00000000 0.49561009 2.65426818 0.98039216 0.98823529 1.00000000
v 0.34993092 0.80279575 3.15532145 0.98039216 0.98823529 1.00000000
v 0.43121797 0.71860604 3.06936543 0.98039216 0.98823529 1.00000000
v 0.32469944 0.80698397 3.08262440 0.98039216 0.98823529 1.00000000
v 0.49162583 0.49239890 2.93307266 0.98039216 0.98823529 1.00000000
v 0.47967928 0.61244669 2.99335375 0.98039216 0.98823529 1.00000000
v 0.25804820 0.79047409 2.94189515 0.98039216 0.98823529 1.00000000
v 0.40191949 0.71607385 2.99516683 0.98039216 0.98823529 1.00000000
v 0.29336353 0.80260963 3.00926969 0.98039216 0.98823529 1.00000000
v 0.36798892 0.76401856 3.03690147 0.98039216 0.98823529 1.00000000
v 0.34993092 0.05720425 3.15532145 0.98039216 0.98823529 1.00000000
v 0.43121797 0.14139396 3.06936543 0.98039216 0.98823529 1.00000000
v 0.32469944 0.05301603 3.08262440 0.98039216 0.98823529 1.00000000
v 0.49162583 0.36760110 2.93307266 0.98039216 0.98823529 1.00000000
v 0.47967928 0.24755331 2.99335375 0.98039216 0.98823529 1.00000000
v 0.25804820 0.06952591 2.94189515 0.98039216 0.98823529 1.00000000
v 0.40191949 0.14392615 2.99516683 0.98039216 0.98823529 1.00000000
v 0.29336353 0.05739037 3.00926969 0.98039216 0.98823529 1.00000000
v 0.36798892 0.09598144 3.03690147 0.98039216 0.98823529 1.00000000
v 0.07457430 0.19959956 2.72342394 0.98039216 0.98823529 1.00000000
v 0.21804605 0.25163166 2.73500478 0.98039216 0.98823529 1.00000000
v 0.12108220 0.15831271 2.76325027 0.98039216 0.98823529 1.00000000
v 0.07483291 0.25962639 2.69070817 0.98039216 0.98823529 1.00000000
v 0.44553639 0.39143536 2.86078125 0.98039216 0.98823529 1.00000000
v 0.34491941 0.31724174 2.78198258 0.98039216 0.98823529 1.00000000
v 0.45054182 0.32868633 2.88524034 0.98039216 0.98823529 1.00000000
v 0.21130158 0.09370001 2.86857297 0.98039216 0.98823529 1.00000000
v 0.26625553 0.21408212 2.78237758 0.98039216 0.98823529 1.00000000
v 0.16824901 0.12209090 2.81302727 0.98039216 0.98823529 1.00000000
v 0.29180260 0.12248760 2.88909593 0.98039216 0.98823529 1.00000000
v 0.19675337 0.18453256 2.76831811 0.98039216 0.98823529 1.00000000
v 0.07563762 0.39088548 2.65578372 0.98039216 0.98823529 1.00000000
v 0.21950891 0.31648525 2.70905541 0.98039216 0.98823529 1.00000000
v 0.07547924 0.32531234 2.66751768 0.98039216 0.98823529 1.00000000
v 0.15010464 0.28672128 2.69514946 0.98039216 0.98823529 1.00000000
v 0.43081049 0.20721476 2.94985123 0.98039216 0.98823529 1.00000000
v 0.34189314 0.25319663 2.81038416 0.98039216 0.98823529 1.00000000
v 0.44531395 0.26536963 2.91561699 0.98039216 0.98823529 1.00000000
v 0.36751482 0.16164070 2.91713013 0.98039216 0.98823529 1.00000000
v 0.39919292 0.28922022 2.84327605 0.98039216 0.98823529 1.00000000
v 0.32072209 0.18583864 2.84373564 0.98039216 0.98823529 1.00000000
v 0.07457430 0.66040044 2.72342394 0.98039216 0.98823529 1.00000000
v 0.21804605 0.60836834 2.73500478 0.98039216 0.98823529 1.00000000
v 0.12108220 0.70168729 2.76325027 0.98039216 0.98823529 1.00000000
v 0.07483291 0.60037361 2.69070817 0.98039216 0.98823529 1.00000000
v 0.44553639 0.46856464 2.86078125 0.98039216 0.98823529 1.00000000
v 0.34491941 0.54275826 2.78198258 0.98039216 0.98823529 1.00000000
v 0.45054182 0.53131367 2.88524034 0.98039216 0.98823529 1.00000000
v 0.40429254 0.43000000 2.81269823 0.98039216 0.98823529 1.00000000
v 0.21130158 0.76629999 2.86857297 0.98039216 0.98823529 1.00000000
v 0.26625553 0.64591788 2.78237758 0.98039216 0.98823529 1.00000000
v 0.16824901 0.73790910 2.81302727 0.98039216 0.98823529 1.00000000
v 0.29180260 0.73751240 2.88909593 0.98039216 0.98823529 1.00000000
v 0.19675337 0.67546744 2.76831811 0.98039216 0.98823529 1.00000000
v 0.07563762 0.46911452 2.65578372 0.98039216 0.98823529 1.00000000
v 0.21950891 0.54351475 2.70905541 0.98039216 0.98823529 1.00000000
v 0.07547924 0.53468766 2.66751768 0.98039216 0.98823529 1.00000000
v 0.15142443 0.43000000 2.66891244 0.98039216 0.98823529 1.00000000
v 0.15010464 0.57327872 2.69514946 0.98039216 0.98823529 1.00000000
v 0.43081049 0.65278524 2.94985123 0.98039216 0.98823529 1.00000000
v 0.34189314 0.60680337 2.81038416 0.98039216 0.98823529 1.00000000
v 0.44531395 0.59463037 2.91561699 0.98039216 0.98823529 1.00000000
v 0.36751482 0.69835930 2.91713013 0.98039216 0.98823529 1.00000000
v 0.39919292 0.57077978 2.84327605 0.98039216 0.98823529 1.00000000
v 0.32072209 0.67416136 2.84373564 0.98039216 0.98823529 1.00000000
v 0.29514653 0.35559977 2.73706199 0.98039216 0.98823529 1.00000000
v 0.29514653 0.50440023 2.73706199 0.98039216 0.98823529 1.00000000
v 0.35254418 0.39140894 2.77010739 0.98039216 0.98823529 1.00000000
v 0.22713665 0.39084691 2.69694665 0.98039216 0.98823529 1.00000000
v 0.35254418 0.46859106 2.77010739 0.98039216 0.98823529 1.00000000
v 0.22713665 0.46915309 2.69694665 0.98039216 0.98823529 1.00000000
v 0.34993092 0.80279575 3.24467855 0.98039216 0.98823529 1.00000000
v 0.43121797 0.71860604 3.33063457 0.98039216 0.98823529 1.00000000
v 0.32469944 0.80698397 3.31737560 0.98039216 0.98823529 1.00000000
v 0.39953236 0.76828559 3.20000000 0.98039216 0.98823529 1.00000000
v 0.49162583 0.49239890 3.46692734 0.98039216 0.98823529 1.00000000
v 0.47967928 0.61244669 3.40664625 0.98039216 0.98823529 1.00000000
v 0.25804820 0.79047409 3.45810485 0.98039216 0.98823529 1.00000000
v 0.40191949 0.71607385 3.40483317 0.98039216 0.98823529 1.00000000
v 0.29336353 0.80260963 3.39073031 0.98039216 0.98823529 1.00000000
v 0.36798892 0.76401856 3.36309853 0.98039216 0.98823529 1.00000000
v 0.47755711 0.67695934 3.11380461 0.98039216 0.98823529 1.00000000
v 0.47755711 0.67695934 3.28619539 0.98039216 0.98823529 1.00000000
v 0.44346816 0.72498595 3.15529084 0.98039216 0.98823529 1.00000000
v 0.44346816 0.72498595 3.24470916 0.98039216 0.98823529 1.00000000
v 0.34993092 0.05720425 3.24467855 0.98039216 0.98823529 1.00000000
v 0.43121797 0.14139396 3.33063457 0.98039216 0.98823529 1.00000000
v 0.32469944 0.05301603 3.31737560 0.98039216 0.98823529 1.00000000
v 0.39953236 0.09171441 3.20000000 0.98039216 0.98823529 1.00000000
v 0.49162583 0.36760110 3.46692734 0.98039216 0.98823529 1.00000000
v 0.47967928 0.24755331 3.40664625 0.98039216 0.98823529 1.00000000
v 0.25804820 0.06952591 3.45810485 0.98039216 0.98823529 1.00000000
v 0.40191949 0.14392615 3.40483317 0.98039216 0.98823529 1.00000000
v 0.29336353 0.05739037 3.39073031 0.98039216 0.98823529 1.00000000
v 0.36798892 0.09598144 3.36309853 0.98039216 0.98823529 1.00000000
v 0.47755711 0.18304066 3.11380461 0.98039216 0.98823529 1.00000000
v 0.47755711 0.18304066 3.28619539 0.98039216 0.98823529 1.00000000
v 0.44346816 0.13501405 3.15529084 0.98039216 0.98823529 1.00000000
v 0.44346816 0.13501405 3.24470916 0.98039216 0.98823529 1.00000000
v 0.07457430 0.19959956 3.67657606 0.98039216 0.98823529 1.00000000
v 0.21804605 0.25163166 3.66499522 0.98039216 0.98823529 1.00000000
v 0.12108220 0.15831271 3.63674973 0.98039216 0.98823529 1.00000000
v 0.07483291 0.25962639 3.70929183 0.98039216 0.98823529 1.00000000
v 0.44553639 0.39143536 3.53921875 0.98039216 0.98823529 1.00000000
v 0.34491941 0.31724174 3.61801742 0.98039216 0.98823529 1.00000000
v 0.45054182 0.32868633 3.51475966 0.98039216 0.98823529 1.00000000
v 0.21130158 0.09370001 3.53142703 0.98039216 0.98823529 1.00000000
v 0.26625553 0.21408212 3.61762242 0.98039216 0.98823529 1.00000000
v 0.16824901 0.12209090 3.58697273 0.98039216 0.98823529 1.00000000
v 0.29180260 0.12248760 3.51090407 0.98039216 0.98823529 1.00000000
v 0.19675337 0.18453256 3.63168189 0.98039216 0.98823529 1.00000000
v 0.07563762 0.39088548 3.74421628 0.98039216 0.98823529 1.00000000
v 0.21950891 0.31648525 3.69094459 0.98039216 0.98823529 1.00000000
v 0.07547924 0.32531234 3.73248232 0.98039216 0.98823529 1.00000000
v 0.15010464 0.28672128 3.70485054 0.98039216 0.98823529 1.00000000
v 0.43081049 0.20721476 3.45014877 0.98039216 0.98823529 1.00000000
v 0.34189314 0.25319663 3.58961584 0.98039216 0.98823529 1.00000000
v 0.44531395 0.26536963 3.48438301 0.98039216 0.98823529 1.00000000
v 0.36751482 0.16164070 3.48286987 0.98039216 0.98823529 1.00000000
v 0.39919292 0.28922022 3.55672395 0.98039216 0.98823529 1.00000000
v 0.32072209 0.18583864 3.55626436 0.98039216 0.98823529 1.00000000
v 0.07457430 0.66040044 3.67657606 0.98039216 0.98823529 1.00000000
v 0.21804605 0.60836834 3.66499522 0.98039216 0.98823529 1.00000000
v 0.12108220 0.70168729 3.63674973 0.98039216 0.98823529 1.00000000
v 0.07483291 0.60037361 3.70929183 0.98039216 0.98823529 1.00000000
v 0.44553639 0.46856464 3.53921875 0.98039216 0.98823529 1.00000000
v 0.34491941 0.54275826 3.61801742 0.98039216 0.98823529 1.00000000
v 0.45054182 0.53131367 3.51475966 0.98039216 0.98823529 1.00000000
v 0.40429254 0.43000000 3.58730177 0.98039216 0.98823529 1.00000000
v 0.21130158 0.76629999 3.53142703 0.98039216 0.98823529 1.00000000
v 0.26625553 0.64591788 3.61762242 0.98039216 0.98823529 1.00000000
v 0.16824901 0.73790910 3.58697273 0.98039216 0.98823529 1.00000000
v 0.29180260 0.73751240 3.51090407 0.98039216 0.98823529 1.00000000
v 0.19675337 0.67546744 3.63168189 0.98039216 0.98823529 1.00000000
v 0.07563762 0.46911452 3.74421628 0.98039216 0.98823529 1.00000000
v 0.21950891 0.54351475 3.69094459 0.98039216 0.98823529 1.00000000
v 0.07547924 0.53468766 3.73248232 0.98039216 0.98823529 1.00000000
v 0.15142443 0.43000000 3.73108756 0.98039216 0.98823529 1.00000000
v 0.15010464 0.57327872 3.70485054 0.98039216 0.98823529 1.00000000
v 0.43081049 0.65278524 3.45014877 0.98039216 0.98823529 1.00000000
v 0.34189314 0.60680337 3.58961584 0.98039216 0.98823529 1.00000000
v 0.44531395 0.59463037 3.48438301 0.98039216 0.98823529 1.00000000
v 0.36751482 0.69835930 3.48286987 0.98039216 0.98823529 1.00000000
v 0.39919292 0.57077978 3.55672395 0.98039216 0.98823529 1.00000000
v 0.32072209 0.67416136 3.55626436 0.98039216 0.98823529 1.00000000
v 0.29514653 0.35559977 3.66293801 0.98039216 0.98823529 1.00000000
v 0.29514653 0.50440023 3.66293801 0.98039216 0.98823529 1.00000000
v 0.35254418 0.39140894 3.62989261 0.98039216 0.98823529 1.00000000
v 0.22713665 0.39084691 3.70305335 0.98039216 0.98823529 1.00000000
v 0.35254418 0.46859106 3.62989261 0.98039216 0.98823529 1.00000000
v 0.22713665 0.46915309 3.70305335 0.98039216 0.98823529 1.00000000
v 0.52011068 0.43000000 2.97775120 0.98039216 0.98823529 1.00000000
v 0.56296546 0.43000000 3.12398831 0.98039216 0.98823529 1.00000000
v 0.52537473 0.49261529 3.00261593 0.98039216 0.98823529 1.00000000
v 0.52537473 0.36738471 3.00261593 0.98039216 0.98823529 1.00000000
v 0.52011068 0.43000000 3.42224880 0.98039216 0.98823529 1.00000000
v 0.56296546 0.43000000 3.27601169 0.98039216 0.98823529 1.00000000
v 0.52537473 0.49261529 3.39738407 0.98039216 0.98823529 1.00000000
v 0.52537473 0.36738471 3.39738407 0.98039216 0.98823529 1.00000000
v 0.50644811 0.61367072 3.06848901 0.98039216 0.98823529 1.00000000
v 0.56140205 0.49328862 3.15468440 0.98039216 0.98823529 1.00000000
v 0.52079319 0.55559776 3.03400636 0.98039216 0.98823529 1.00000000
v 0.51893925 0.62005311 3.15463971 0.98039216 0.98823529 1.00000000
v 0.54929755 0.49315610 3.07871552 0.98039216 0.98823529 1.00000000
v 0.50644811 0.24632928 3.06848901 0.98039216 0.98823529 1.00000000
v 0.56140205 0.36671138 3.15468440 0.98039216 0.98823529 1.00000000
v 0.52079319 0.30440224 3.03400636 0.98039216 0.98823529 1.00000000
v 0.51893925 0.23994689 3.15463971 0.98039216 0.98823529 1.00000000
v 0.54929755 0.36684390 3.07871552 0.98039216 0.98823529 1.00000000
v 0.50644811 0.61367072 3.33151099 0.98039216 0.98823529 1.00000000
v 0.56140205 0.49328862 3.24531560 0.98039216 0.98823529 1.00000000
v 0.52079319 0.55559776 3.36599364 0.98039216 0.98823529 1.00000000
v 0.51893925 0.62005311 3.24536029 0.98039216 0.98823529 1.00000000
v 0.54929755 0.49315610 3.32128448 0.98039216 0.98823529 1.00000000
v 0.54785874 0.55670208 3.20000000 0.98039216 0.98823529 1.00000000
v 0.50644811 0.24632928 3.33151099 0.98039216 0.98823529 1.00000000
v 0.56140205 0.36671138 3.24531560 0.98039216 0.98823529 1.00000000
v 0.52079319 0.30440224 3.36599364 0.98039216 0.98823529 1.00000000
v 0.51893925 0.23994689 3.24536029 0.98039216 0.98823529 1.00000000
v 0.54929755 0.36684390 3.32128448 0.98039216 0.98823529 1.00000000
v 0.54785874 0.30329792 3.20000000 0.98039216 0.98823529 1.00000000
v -0.34993092 0.80279575 3.15532145 0.98039216 0.98823529 1.00000000
v -0.43121797 0.71860604 3.06936543 0.98039216 0.98823529 1.00000000
v -0.32469944 0.80698397 3.08262440 0.98039216 0.98823529 1.00000000
v -0.49162583 0.49239890 2.93307266 0.98039216 0.98823529 1.00000000
v -0.47967928 0.61244669 2.99335375 0.98039216 0.98823529 1.00000000
v -0.25804820 0.79047409 2.94189515 0.98039216 0.98823529 1.00000000
v -0.40191949 0.71607385 2.99516683 0.98039216 0.98823529 1.00000000
v -0.29336353 0.80260963 3.00926969 0.98039216 0.98823529 1.00000000
v -0.36798892 0.76401856 3.03690147 0.98039216 0.98823529 1.00000000
v -0.34993092 0.05720425 3.15532145 0.98039216 0.98823529 1.00000000
v -0.43121797 0.14139396 3.06936543 0.98039216 0.98823529 1.00000000
v -0.32469944 0.05301603 3.08262440 0.98039216 0.98823529 1.00000000
v -0.49162583 0.36760110 2.93307266 0.98039216 0.98823529 1.00000000
v -0.47967928 0.24755331 2.99335375 0.98039216 0.98823529 1.00000000
v -0.25804820 0.06952591 2.94189515 0.98039216 0.98823529 1.00000000
v -0.40191949 0.14392615 2.99516683 0.98039216 0.98823529 1.00000000
v -0.29336353 0.05739037 3.00926969 0.98039216 0.98823529 1.00000000
v -0.36798892 0.09598144 3.03690147 0.98039216 0.98823529 1.00000000
v -0.07457430 0.19959956 2.72342394 0.98039216 0.98823529 1.00000000
v -0.21804605 0.25163166 2.73500478 0.98039216 0.98823529 1.00000000
v -0.12108220 0.15831271 2.76325027 0.98039216 0.98823529 1.00000000
v -0.07483291 0.25962639 2.69070817 0.98039216 0.98823529 1.00000000
v -0.44553639 0.39143536 2.86078125 0.98039216 0.98823529 1.00000000
v -0.34491941 0.31724174 2.78198258 0.98039216 0.98823529 1.00000000
v -0.45054182 0.32868633 2.88524034 0.98039216 0.98823529 1.00000000
v -0.21130158 0.09370001 2.86857297 0.98039216 0.98823529 1.00000000
v -0.26625553 0.21408212 2.78237758 0.98039216 0.98823529 1.00000000
v -0.16824901 0.12209090 2.81302727 0.98039216 0.98823529 1.00000000
v -0.29180260 0.12248760 2.88909593 0.98039216 0.98823529 1.00000000
v -0.19675337 0.18453256 2.76831811 0.98039216 0.98823529 1.00000000
v -0.07563762 0.39088548 2.65578372 0.98039216 0.98823529 1.00000000
v -0.21950891 0.31648525 2.70905541 0.98039216 0.98823529 1.00000000
v -0.07547924 0.32531234 2.66751768 0.98039216 0.98823529 1.00000000
v -0.15010464 0.28672128 2.69514946 0.98039216 0.98823529 1.00000000
v -0.43081049 0.20721476 2.94985123 0.98039216 0.98823529 1.00000000
v -0.34189314 0.25319663 2.81038416 0.98039216 0.98823529 1.00000000
v -0.44531395 0.26536963 2.91561699 0.98039216 0.98823529 1.00000000
v -0.36751482 0.16164070 2.91713013 0.98039216 0.98823529 1.00000000
v -0.39919292 0.28922022 2.84327605 0.98039216 0.98823529 1.00000000
v -0.32072209 0.18583864 2.84373564 0.98039216 0.98823529 1.00000000
v -0.07457430 0.66040044 2.72342394 0.98039216 0.98823529 1.00000000
v -0.21804605 0.60836834 2.73500478 0.98039216 0.98823529 1.00000000
v -0.12108220 0.70168729 2.76325027 0.98039216 0.98823529 1.00000000
v -0.07483291 0.60037361 2.69070817 0.98039216 0.98823529 1.00000000
v -0.44553639 0.46856464 2.86078125 0.98039216 0.98823529 1.00000000
v -0.34491941 0.54275826 2.78198258 0.98039216 0.98823529 1.00000000
v -0.45054182 0.53131367 2.88524034 0.98039216 0.98823529 1.00000000
v -0.40429254 0.43000000 2.81269823 0.98039216 0.98823529 1.00000000
v -0.21130158 0.76629999 2.86857297 0.98039216 0.98823529 1.00000000
v -0.26625553 0.64591788 2.78237758 0.98039216 0.98823529 1.00000000
v -0.16824901 0.73790910 2.81302727 0.98039216 0.98823529 1.00000000
v -0.29180260 0.73751240 2.88909593 0.98039216 0.98823529 1.00000000
v -0.19675337 0.67546744 2.76831811 0.98039216 0.98823529 1.00000000
v -0.07563762 0.46911452 2.65578372 0.98039216 0.98823529 1.00000000
v -0.21950891 0.54351475 2.70905541 0.98039216 0.98823529 1.00000000
v -0.07547924 0.53468766 2.66751768 0.98039216 0.98823529 1.00000000
v -0.15142443 0.43000000 2.66891244 0.98039216 0.98823529 1.00000000
v -0.15010464 0.57327872 2.69514946 0.98039216 0.98823529 1.00000000
v -0.43081049 0.65278524 2.94985123 0.98039216 0.98823529 1.00000000
v -0.34189314 0.60680337 2.81038416 0.98039216 0.98823529 1.00000000
v -0.44531395 0.59463037 2.91561699 0.98039216 0.98823529 1.00000000
v -0.36751482 0.69835930 2.91713013 0.98039216 0.98823529 1.00000000
v -0.39919292 0.57077978 2.84327605 0.98039216 0.98823529 1.00000000
v -0.32072209 0.67416136 2.84373564 0.98039216 0.98823529 1.00000000
v -0.29514653 0.35559977 2.73706199 0.98039216 0.98823529 1.00000000
v -0.29514653 0.50440023 2.73706199 0.98039216 0.98823529 1.00000000
v -0.35254418 0.39140894 2.77010739 0.98039216 0.98823529 1.00000000
v -0.22713665 0.39084691 2.69694665 0.98039216 0.98823529 1.00000000
v -0.35254418 0.46859106 2.77010739 0.98039216 0.98823529 1.00000000
v -0.22713665 0.46915309 2.69694665 0.98039216 0.98823529 1.00000000
v -0.34993092 0.80279575 3.24467855 0.98039216 0.98823529 1.00000000
v -0.43121797 0.71860604 3.33063457 0.98039216 0.98823529 1.00000000
v -0.32469944 0.80698397 3.31737560 0.98039216 0.98823529 1.00000000
v -0.39953236 0.76828559 3.20000000 0.98039216 0.98823529 1.00000000
v -0.49162583 0.49239890 3.46692734 0.98039216 0.98823529 1.00000000
v -0.47967928 0.61244669 3.40664625 0.98039216 0.98823529 1.00000000
v -0.25804820 0.79047409 3.45810485 0.98039216 0.98823529 1.00000000
v -0.40191949 0.71607385 3.40483317 0.98039216 0.98823529 1.00000000
v -0.29336353 0.80260963 3.39073031 0.98039216 0.98823529 1.00000000
v -0.36798892 0.76401856 3.36309853 0.98039216 0.98823529 1.00000000
v -0.47755711 0.67695934 3.11380461 0.98039216 0.98823529 1.00000000
v -0.47755711 0.67695934 3.28619539 0.98039216 0.98823529 1.00000000
v -0.44346816 0.72498595 3.15529084 0.98039216 0.98823529 1.00000000
v -0.44346816 0.72498595 3.24470916 0.98039216 0.98823529 1.00000000
v -0.34993092 0.05720425 3.24467855 0.98039216 0.98823529 1.00000000
v -0.43121797 0.14139396 3.33063457 0.98039216 0.98823529 1.00000000
v -0.32469944 0.05301603 3.31737560 0.98039216 0.98823529 1.00000000
v -0.39953236 0.09171441 3.20000000 0.98039216 0.98823529 1.00000000
v -0.49162583 0.36760110 3.46692734 0.98039216 0.98823529 1.00000000
v -0.47967928 0.24755331 3.40664625 0.98039216 0.98823529 1.00000000
v -0.25804820 0.06952591 3.45810485 0.98039216 0.98823529 1.00000000
v -0.40191949 0.14392615 3.40483317 0.98039216 0.98823529 1.00000000
v -0.29336353 0.05739037 3.39073031 0.98039216 0.98823529 1.00000000
v -0.36798892 0.09598144 3.36309853 0.98039216 0.98823529 1.00000000
v -0.47755711 0.18304066 3.11380461 0.98039216 0.98823529 1.00000000
v -0.47755711 0.18304066 3.28619539 0.98039216 0.98823529 1.00000000
v -0.44346816 0.13501405 3.15529084 0.98039216 0.98823529 1.00000000
v -0.44346816 0.13501405 3.24470916 0.98039216 0.98823529 1.00000000
v -0.07457430 0.19959956 3.67657606 0.98039216 0.98823529 1.00000000
v -0.21804605 0.25163166 3.66499522 0.98039216 0.98823529 1.00000000
v -0.12108220 0.15831271 3.63674973 0.98039216 0.98823529 1.00000000
v -0.07483291 0.25962639 3.70929183 0.98039216 0.98823529 1.00000000
v -0.44553639 0.39143536 3.53921875 0.98039216 0.98823529 1.00000000
v -0.34491941 0.31724174 3.61801742 0.98039216 0.98823529 1.00000000
v -0.45054182 0.32868633 3.51475966 0.98039216 0.98823529 1.00000000
v -0.21130158 0.09370001 3.53142703 0.98039216 0.98823529 1.00000000
v -0.26625553 0.21408212 3.61762242 0.98039216 0.98823529 1.00000000
v -0.16824901 0.12209090 3.58697273 0.98039216 0.98823529 1.00000000
v -0.29180260 0.12248760 3.51090407 0.98039216 0.98823529 1.00000000
v -0.19675337 0.18453256 3.63168189 0.98039216 0.98823529 1.00000000
v -0.07563762 0.39088548 3.74421628 0.98039216 0.98823529 1.00000000
v -0.21950891 0.31648525 3.69094459 0.98039216 0.98823529 1.00000000
v -0.07547924 0.32531234 3.73248232 0.98039216 0.98823529 1.00000000
v -0.15010464 0.28672128 3.70485054 0.98039216 0.98823529 1.00000000
v -0.43081049 0.20721476 3.45014877 0.98039216 0.98823529 1.00000000
v -0.34189314 0.25319663 3.58961584 0.98039216 0.98823529 1.00000000
v -0.44531395 0.26536963 3.48438301 0.98039216 0.98823529 1.00000000
v -0.36751482 0.16164070 3.48286987 0.98039216 0.98823529 1.00000000
v -0.39919292 0.28922022 3.55672395 0.98039216 0.98823529 1.00000000
v -0.32072209 0.18583864 3.55626436 0.98039216 0.98823529 1.00000000
v -0.07457430 0.66040044 3.67657606 0.98039216 0.98823529 1.00000000
v -0.21804605 0.60836834 3.66499522 0.98039216 0.98823529 1.00000000
v -0.12108220 0.70168729 3.63674973 0.98039216 0.98823529 1.00000000
v -0.07483291 0.60037361 3.70929183 0.98039216 0.98823529 1.00000000
v -0.44553639 0.46856464 3.53921875 0.98039216 0.98823529 1.00000000
v -0.34491941 0.54275826 3.61801742 0.98039216 0.98823529 1.00000000
v -0.45054182 0.53131367 3.51475966 0.98039216 0.98823529 1.00000000
v -0.40429254 0.43000000 3.58730177 0.98039216 0.98823529 1.00000000
v -0.21130158 0.76629999 3.53142703 0.98039216 0.98823529 1.00000000
v -0.26625553 0.64591788 3.61762242 0.98039216 0.98823529 1.00000000
v -0.16824901 0.73790910 3.58697273 0.98039216 0.98823529 1.00000000
v -0.29180260 0.73751240 3.51090407 0.98039216 0.98823529 1.00000000
v -0.19675337 0.67546744 3.63168189 0.98039216 0.98823529 1.00000000
v -0.07563762 0.46911452 3.74421628 0.98039216 0.98823529 1.00000000
v -0.21950891 0.54351475 3.69094459 0.98039216 0.98823529 1.00000000
v -0.07547924 0.53468766 3.73248232 0.98039216 0.98823529 1.00000000
v -0.15142443 0.43000000 3.73108756 0.98039216 0.98823529 1.00000000
v -0.15010464 0.57327872 3.70485054 0.98039216 0.98823529 1.00000000
v -0.43081049 0.65278524 3.45014877 0.98039216 0.98823529 1.00000000
v -0.34189314 0.60680337 3.58961584 0.98039216 0.98823529 1.00000000
v -0.44531395 0.59463037 3.48438301 0.98039216 0.98823529 1.00000000
v -0.36751482 0.69835930 3.48286987 0.98039216 0.98823529 1.00000000
v -0.39919292 0.57077978 3.55672395 0.98039216 0.98823529 1.00000000
v -0.32072209 0.67416136 3.55626436 0.98039216 0.98823529 1.00000000
v -0.29514653 0.35559977 3.66293801 0.98039216 0.98823529 1.00000000
v -0.29514653 0.50440023 3.66293801 0.98039216 0.98823529 1.00000000
v -0.35254418 0.39140894 3.62989261 0.98039216 0.98823529 1.00000000
v -0.22713665 0.39084691 3.70305335 0.98039216 0.98823529 1.00000000
v -0.35254418 0.46859106 3.62989261 0.98039216 0.98823529 1.00000000
v -0.22713665 0.46915309 3.70305335 0.98039216 0.98823529 1.00000000
v -0.52011068 0.43000000 2.97775120 0.98039216 0.98823529 1.00000000
v -0.56296546 0.43000000 3.12398831 0.98039216 0.98823529 1.00000000
v -0.52537473 0.49261529 3.00261593 0.98039216 0.98823529 1.00000000
v -0.52537473 0.36738471 3.00261593 0.98039216 0.98823529 1.00000000
v -0.52011068 0.43000000 3.42224880 0.98039216 0.98823529 1.00000000
v -0.56296546 0.43000000 3.27601169 0.98039216 0.98823529 1.00000000
v -0.52537473 0.49261529 3.39738407 0.98039216 0.98823529 1.00000000
v -0.52537473 0.36738471 3.39738407 0.98039216 0.98823529 1.00000000
v -0.50644811 0.61367072 3.06848901 0.98039216 0.98823529 1.00000000
v -0.56140205 0.49328862 3.15468440 0.98039216 0.98823529 1.00000000
v -0.52079319 0.55559776 3.03400636 0.98039216 0.98823529 1.00000000
v -0.51893925 0.62005311 3.15463971 0.98039216 0.98823529 1.00000000
v -0.54929755 0.49315610 3.07871552 0.98039216 0.98823529 1.00000000
v -0.50644811 0.24632928 3.06848901 0.98039216 0.98823529 1.00000000
v -0.56140205 0.36671138 3.15468440 0.98039216 0.98823529 1.00000000
v -0.52079319 0.30440224 3.03400636 0.98039216 0.98823529 1.00000000
v -0.51893925 0.23994689 3.15463971 0.98039216 0.98823529 1.00000000
v -0.54929755 0.36684390 3.07871552 0.98039216 0.98823529 1.00000000
v -0.50644811 0.61367072 3.33151099 0.98039216 0.98823529 1.00000000
v -0.56140205 0.49328862 3.24531560 0.98039216 0.98823529 1.00000000
v -0.52079319 0.55559776 3.36599364 0.98039216 0.98823529 1.00000000
v -0.51893925 0.62005311 3.24536029 0.98039216 0.98823529 1.00000000
v -0.54929755 0.49315610 3.32128448 0.98039216 0.98823529 1.00000000
v -0.54785874 0.55670208 3.20000000 0.98039216 0.98823529 1.00000000
v -0.50644811 0.24632928 3.33151099 0.98039216 0.98823529 1.00000000
v -0.56140205 0.36671138 3.24531560 0.98039216 0.98823529 1.00000000
v -0.52079319 0.30440224 3.36599364 0.98039216 0.98823529 1.00000000
v -0.51893925 0.23994689 3.24536029 0.98039216 0.98823529 1.00000000
v -0.54929755 0.36684390 3.32128448 0.98039216 0.98823529 1.00000000
v -0.54785874 0.30329792 3.20000000 0.98039216 0.98823529 1.00000000
v -0.53566084 0.15778602 3.96000000 0.04313725 0.17647059 0.41960784
v -0.30433916 0.15778602 3.96000000 0.04313725 0.17647059 0.41960784
v -0.53566084 -0.19778602 3.96000000 0.04313725 0.17647059 0.41960784
v -0.30433916 -0.19778602 3.96000000 0.04313725 0.17647059 0.41960784
v -0.42000000 -0.12987780 4.14714318 0.04313725 0.17647059 0.41960784
v -0.42000000 0.08987780 4.14714318 0.04313725 0.17647059 0.41960784
v -0.42000000 -0.12987780 3.77285682 0.04313725 0.17647059 0.41960784
v -0.42000000 0.08987780 3.77285682 0.04313725 0.17647059 0.41960784
v -0.23285682 -0.02000000 3.84433916 0.04313725 0.17647059 0.41960784
v -0.23285682 -0.02000000 4.07566084 0.04313725 0.17647059 0.41960784
v -0.60714318 -0.02000000 3.84433916 0.04313725 0.17647059 0.41960784
v -0.60714318 -0.02000000 4.07566084 0.04313725 0.17647059 0.41960784
v -0.42000000 0.18900000 3.96000000 0.04313725 0.17647059 0.41960784
v -0.42000000 -0.22900000 3.96000000 0.04313725 0.17647059 0.41960784
v -0.48798374 -0.18908455 4.07000000 0.04313725 0.17647059 0.41960784
v -0.35201626 -0.18908455 4.07000000 0.04313725 0.17647059 0.41960784
v -0.48798374 0.14908455 4.07000000 0.04313725 0.17647059 0.41960784
v -0.35201626 0.14908455 4.07000000 0.04313725 0.17647059 0.41960784
v -0.42000000 -0.02000000 4.18000000 0.04313725 0.17647059 0.41960784
v -0.48798374 -0.18908455 3.85000000 0.04313725 0.17647059 0.41960784
v -0.35201626 -0.18908455 3.85000000 0.04313725 0.17647059 0.41960784
v -0.48798374 0.14908455 3.85000000 0.04313725 0.17647059 0.41960784
v -0.35201626 0.14908455 3.85000000 0.04313725 0.17647059 0.41960784
v -0.42000000 -0.02000000 3.74000000 0.04313725 0.17647059 0.41960784
v -0.24201626 0.08450000 3.89201626 0.04313725 0.17647059 0.41960784
v -0.24201626 -0.12450000 3.89201626 0.04313725 0.17647059 0.41960784
v -0.31000000 -0.08458455 3.78201626 0.04313725 0.17647059 0.41960784
v -0.31000000 0.04458455 3.78201626 0.04313725 0.17647059 0.41960784
v -0.24201626 0.08450000 4.02798374 0.04313725 0.17647059 0.41960784
v -0.24201626 -0.12450000 4.02798374 0.04313725 0.17647059 0.41960784
v -0.31000000 -0.08458455 4.13798374 0.04313725 0.17647059 0.41960784
v -0.31000000 0.04458455 4.13798374 0.04313725 0.17647059 0.41960784
v -0.20000000 -0.02000000 3.96000000 0.04313725 0.17647059 0.41960784
v -0.59798374 0.08450000 3.89201626 0.04313725 0.17647059 0.41960784
v -0.59798374 -0.12450000 3.89201626 0.04313725 0.17647059 0.41960784
v -0.53000000 -0.08458455 3.78201626 0.04313725 0.17647059 0.41960784
v -0.53000000 0.04458455 3.78201626 0.04313725 0.17647059 0.41960784
v -0.59798374 0.08450000 4.02798374 0.04313725 0.17647059 0.41960784
v -0.59798374 -0.12450000 4.02798374 0.04313725 0.17647059 0.41960784
v -0.53000000 -0.08458455 4.13798374 0.04313725 0.17647059 0.41960784
v -0.53000000 0.04458455 4.13798374 0.04313725 0.17647059 0.41960784
v -0.64000000 -0.02000000 3.96000000 0.04313725 0.17647059 0.41960784
v -0.48011864 0.18104512 3.96000000 0.04313725 0.17647059 0.41960784
v -0.35988136 0.18104512 3.96000000 0.04313725 0.17647059 0.41960784
v -0.48011864 -0.22104512 3.96000000 0.04313725 0.17647059 0.41960784
v -0.35988136 -0.22104512 3.96000000 0.04313725 0.17647059 0.41960784
v -0.51545548 -0.20029771 4.01717622 0.04313725 0.17647059 0.41960784
v -0.45533685 -0.16500012 4.11445022 0.04313725 0.17647059 0.41960784
v -0.45574117 -0.21877081 4.01783042 0.04313725 0.17647059 0.41960784
v -0.32454452 -0.20029771 4.01717622 0.04313725 0.17647059 0.41960784
v -0.38466315 -0.16500012 4.11445022 0.04313725 0.17647059 0.41960784
v -0.38425883 -0.21877081 4.01783042 0.04313725 0.17647059 0.41960784
v -0.42000000 -0.19778602 4.07566084 0.04313725 0.17647059 0.41960784
v -0.51545548 0.16029771 4.01717622 0.04313725 0.17647059 0.41960784
v -0.45533685 0.12500012 4.11445022 0.04313725 0.17647059 0.41960784
v -0.45574117 0.17877081 4.01783042 0.04313725 0.17647059 0.41960784
v -0.32454452 0.16029771 4.01717622 0.04313725 0.17647059 0.41960784
v -0.38466315 0.12500012 4.11445022 0.04313725 0.17647059 0.41960784
v -0.38425883 0.17877081 4.01783042 0.04313725 0.17647059 0.41960784
v -0.42000000 0.15778602 4.07566084 0.04313725 0.17647059 0.41960784
v -0.42000000 -0.07711270 4.17162644 0.04313725 0.17647059 0.41960784
v -0.42000000 0.03711270 4.17162644 0.04313725 0.17647059 0.41960784
v -0.51545548 -0.20029771 3.90282378 0.04313725 0.17647059 0.41960784
v -0.45533685 -0.16500012 3.80554978 0.04313725 0.17647059 0.41960784
v -0.45574117 -0.21877081 3.90216958 0.04313725 0.17647059 0.41960784
v -0.32454452 -0.20029771 3.90282378 0.04313725 0.17647059 0.41960784
v -0.38466315 -0.16500012 3.80554978 0.04313725 0.17647059 0.41960784
v -0.38425883 -0.21877081 3.90216958 0.04313725 0.17647059 0.41960784
v -0.42000000 -0.19778602 3.84433916 0.04313725 0.17647059 0.41960784
v -0.51545548 0.16029771 3.90282378 0.04313725 0.17647059 0.41960784
v -0.45533685 0.12500012 3.80554978 0.04313725 0.17647059 0.41960784
v -0.45574117 0.17877081 3.90216958 0.04313725 0.17647059 0.41960784
v -0.32454452 0.16029771 3.90282378 0.04313725 0.17647059 0.41960784
v -0.38466315 0.12500012 3.80554978 0.04313725 0.17647059 0.41960784
v -0.38425883 0.17877081 3.90216958 0.04313725 0.17647059 0.41960784
v -0.42000000 0.15778602 3.84433916 0.04313725 0.17647059 0.41960784
v -0.42000000 -0.07711270 3.74837356 0.04313725 0.17647059 0.41960784
v -0.42000000 0.03711270 3.74837356 0.04313725 0.17647059 0.41960784
v -0.26736829 0.12672771 3.92466315 0.04313725 0.17647059 0.41960784
v -0.23021293 0.03431741 3.86454452 0.04313725 0.17647059 0.41960784
v -0.29068724 0.12383191 3.86642841 0.04313725 0.17647059 0.41960784
v -0.26736829 -0.16672771 3.92466315 0.04313725 0.17647059 0.41960784
v -0.23021293 -0.07431741 3.86454452 0.04313725 0.17647059 0.41960784
v -0.29068724 -0.16383191 3.86642841 0.04313725 0.17647059 0.41960784
v -0.36282378 -0.11068271 3.77021293 0.04313725 0.17647059 0.41960784
v -0.26554978 -0.05357001 3.80736829 0.04313725 0.17647059 0.41960784
v -0.32642841 -0.14284712 3.80859799 0.04313725 0.17647059 0.41960784
v -0.36216958 -0.05395411 3.75076757 0.04313725 0.17647059 0.41960784
v -0.26859799 -0.10889301 3.83068724 0.04313725 0.17647059 0.41960784
v -0.36282378 0.07068271 3.77021293 0.04313725 0.17647059 0.41960784
v -0.26554978 0.01357001 3.80736829 0.04313725 0.17647059 0.41960784
v -0.32642841 0.10284712 3.80859799 0.04313725 0.17647059 0.41960784
v -0.36216958 0.01395411 3.75076757 0.04313725 0.17647059 0.41960784
v -0.26859799 0.06889301 3.83068724 0.04313725 0.17647059 0.41960784
v -0.30433916 -0.02000000 3.77285682 0.04313725 0.17647059 0.41960784
v -0.26736829 0.12672771 3.99533685 0.04313725 0.17647059 0.41960784
v -0.23021293 0.03431741 4.05545548 0.04313725 0.17647059 0.41960784
v -0.29068724 0.12383191 4.05357159 0.04313725 0.17647059 0.41960784
v -0.23285682 0.08987780 3.96000000 0.04313725 0.17647059 0.41960784
v -0.26736829 -0.16672771 3.99533685 0.04313725 0.17647059 0.41960784
v -0.23021293 -0.07431741 4.05545548 0.04313725 0.17647059 0.41960784
v -0.29068724 -0.16383191 4.05357159 0.04313725 0.17647059 0.41960784
v -0.23285682 -0.12987780 3.96000000 0.04313725 0.17647059 0.41960784
v -0.36282378 -0.11068271 4.14978707 0.04313725 0.17647059 0.41960784
v -0.26554978 -0.05357001 4.11263171 0.04313725 0.17647059 0.41960784
v -0.32642841 -0.14284712 4.11140201 0.04313725 0.17647059 0.41960784
v -0.36216958 -0.05395411 4.16923243 0.04313725 0.17647059 0.41960784
v -0.26859799 -0.10889301 4.08931276 0.04313725 0.17647059 0.41960784
v -0.36282378 0.07068271 4.14978707 0.04313725 0.17647059 0.41960784
v -0.26554978 0.01357001 4.11263171 0.04313725 0.17647059 0.41960784
v -0.32642841 0.10284712 4.11140201 0.04313725 0.17647059 0.41960784
v -0.36216958 0.01395411 4.16923243 0.04313725 0.17647059 0.41960784
v -0.26859799 0.06889301 4.08931276 0.04313725 0.17647059 0.41960784
v -0.30433916 -0.02000000 4.14714318 0.04313725 0.17647059 0.41960784
v -0.20837356 -0.02000000 3.89988136 0.04313725 0.17647059 0.41960784
v -0.20837356 -0.02000000 4.02011864 0.04313725 0.17647059 0.41960784
v -0.21076757 0.03493890 3.92425883 0.04313725 0.17647059 0.41960784
v -0.21076757 -0.07493890 3.92425883 0.04313725 0.17647059 0.41960784
v -0.21076757 0.03493890 3.99574117 0.04313725 0.17647059 0.41960784
v -0.21076757 -0.07493890 3.99574117 0.04313725 0.17647059 0.41960784
v -0.57263171 0.12672771 3.92466315 0.04313725 0.17647059 0.41960784
v -0.60978707 0.03431741 3.86454452 0.04313725 0.17647059 0.41960784
v -0.54931276 0.12383191 3.86642841 0.04313725 0.17647059 0.41960784
v -0.57263171 -0.16672771 3.92466315 0.04313725 0.17647059 0.41960784
v -0.60978707 -0.07431741 3.86454452 0.04313725 0.17647059 0.41960784
v -0.54931276 -0.16383191 3.86642841 0.04313725 0.17647059 0.41960784
v -0.47717622 -0.11068271 3.77021293 0.04313725 0.17647059 0.41960784
v -0.57445022 -0.05357001 3.80736829 0.04313725 0.17647059 0.41960784
v -0.51357159 -0.14284712 3.80859799 0.04313725 0.17647059 0.41960784
v -0.47783042 -0.05395411 3.75076757 0.04313725 0.17647059 0.41960784
v -0.57140201 -0.10889301 3.83068724 0.04313725 0.17647059 0.41960784
v -0.47717622 0.07068271 3.77021293 0.04313725 0.17647059 0.41960784
v -0.57445022 0.01357001 3.80736829 0.04313725 0.17647059 0.41960784
v -0.51357159 0.10284712 3.80859799 0.04313725 0.17647059 0.41960784
v -0.47783042 0.01395411 3.75076757 0.04313725 0.17647059 0.41960784
v -0.57140201 0.06889301 3.83068724 0.04313725 0.17647059 0.41960784
v -0.53566084 -0.02000000 3.77285682 0.04313725 0.17647059 0.41960784
v -0.57263171 0.12672771 3.99533685 0.04313725 0.17647059 0.41960784
v -0.60978707 0.03431741 4.05545548 0.04313725 0.17647059 0.41960784
v -0.54931276 0.12383191 4.05357159 0.04313725 0.17647059 0.41960784
v -0.60714318 0.08987780 3.96000000 0.04313725 0.17647059 0.41960784
v -0.57263171 -0.16672771 3.99533685 0.04313725 0.17647059 0.41960784
v -0.60978707 -0.07431741 4.05545548 0.04313725 0.17647059 0.41960784
v -0.54931276 -0.16383191 4.05357159 0.04313725 0.17647059 0.41960784
v -0.60714318 -0.12987780 3.96000000 0.04313725 0.17647059 0.41960784
v -0.47717622 -0.11068271 4.14978707 0.04313725 0.17647059 0.41960784
v -0.57445022 -0.05357001 4.11263171 0.04313725 0.17647059 0.41960784
v -0.51357159 -0.14284712 4.11140201 0.04313725 0.17647059 0.41960784
v -0.47783042 -0.05395411 4.16923243 0.04313725 0.17647059 0.41960784
v -0.57140201 -0.10889301 4.08931276 0.04313725 0.17647059 0.41960784
v -0.47717622 0.07068271 4.14978707 0.04313725 0.17647059 0.41960784
v -0.57445022 0.01357001 4.11263171 0.04313725 0.17647059 0.41960784
v -0.51357159 0.10284712 4.11140201 0.04313725 0.17647059 0.41960784
v -0.47783042 0.01395411 4.16923243 0.04313725 0.17647059 0.41960784
v -0.57140201 0.06889301 4.08931276 0.04313725 0.17647059 0.41960784
v -0.53566084 -0.02000000 4.14714318 0.04313725 0.17647059 0.41960784
v -0.63162644 -0.02000000 3.89988136 0.04313725 0.17647059 0.41960784
v -0.63162644 -0.02000000 4.02011864 0.04313725 0.17647059 0.41960784
v -0.62923243 0.03493890 3.92425883 0.04313725 0.17647059 0.41960784
v -0.62923243 -0.07493890 3.92425883 0.04313725 0.17647059 0.41960784
v -0.62923243 0.03493890 3.99574117 0.04313725 0.17647059 0.41960784
v -0.62923243 -0.07493890 3.99574117 0.04313725 0.17647059 0.41960784
v 0.30433916 0.15778602 3.96000000 0.04313725 0.17647059 0.41960784
v 0.53566084 0.15778602 3.96000000 0.04313725 0.17647059 0.41960784
v 0.30433916 -0.19778602 3.96000000 0.04313725 0.17647059 0.41960784
v 0.53566084 -0.19778602 3.96000000 0.04313725 0.17647059 0.41960784
v 0.42000000 -0.12987780 4.14714318 0.04313725 0.17647059 0.41960784
v 0.42000000 0.08987780 4.14714318 0.04313725 0.17647059 0.41960784
v 0.42000000 -0.12987780 3.77285682 0.04313725 0.17647059 0.41960784
v 0.42000000 0.08987780 3.77285682 0.04313725 0.17647059 0.41960784
v 0.60714318 -0.02000000 3.84433916 0.04313725 0.17647059 0.41960784
v 0.60714318 -0.02000000 4.07566084 0.04313725 0.17647059 0.41960784
v 0.23285682 -0.02000000 3.84433916 0.04313725 0.17647059 0.41960784
v 0.23285682 -0.02000000 4.07566084 0.04313725 0.17647059 0.41960784
v 0.42000000 0.18900000 3.96000000 0.04313725 0.17647059 0.41960784
v 0.42000000 -0.22900000 3.96000000 0.04313725 0.17647059 0.41960784
v 0.35201626 -0.18908455 4.07000000 0.04313725 0.17647059 0.41960784
v 0.48798374 -0.18908455 4.07000000 0.04313725 0.17647059 0.41960784
v 0.35201626 0.14908455 4.07000000 0.04313725 0.17647059 0.41960784
v 0.48798374 0.14908455 4.07000000 0.04313725 0.17647059 0.41960784
v 0.42000000 -0.02000000 4.18000000 0.04313725 0.17647059 0.41960784
v 0.35201626 -0.18908455 3.85000000 0.04313725 0.17647059 0.41960784
v 0.48798374 -0.18908455 3.85000000 0.04313725 0.17647059 0.41960784
v 0.35201626 0.14908455 3.85000000 0.04313725 0.17647059 0.41960784
v 0.48798374 0.14908455 3.85000000 0.04313725 0.17647059 0.41960784
v 0.42000000 -0.02000000 3.74000000 0.04313725 0.17647059 0.41960784
v 0.59798374 0.08450000 3.89201626 0.04313725 0.17647059 0.41960784
v 0.59798374 -0.12450000 3.89201626 0.04313725 0.17647059 0.41960784
v 0.53000000 -0.08458455 3.78201626 0.04313725 0.17647059 0.41960784
v 0.53000000 0.04458455 3.78201626 0.04313725 0.17647059 0.41960784
v 0.59798374 0.08450000 4.02798374 0.04313725 0.17647059 0.41960784
v 0.59798374 -0.12450000 4.02798374 0.04313725 0.17647059 0.41960784
v 0.53000000 -0.08458455 4.13798374 0.04313725 0.17647059 0.41960784
v 0.53000000 0.04458455 4.13798374 0.04313725 0.17647059 0.41960784
v 0.64000000 -0.02000000 3.96000000 0.04313725 0.17647059 0.41960784
v 0.24201626 0.08450000 3.89201626 0.04313725 0.17647059 0.41960784
v 0.24201626 -0.12450000 3.89201626 0.04313725 0.17647059 0.41960784
v 0.31000000 -0.08458455 3.78201626 0.04313725 0.17647059 0.41960784
v 0.31000000 0.04458455 3.78201626 0.04313725 0.17647059 0.41960784
v 0.24201626 0.08450000 4.02798374 0.04313725 0.17647059 0.41960784
v 0.24201626 -0.12450000 4.02798374 0.04313725 0.17647059 0.41960784
v 0.31000000 -0.08458455 4.13798374 0.04313725 0.17647059 0.41960784
v 0.31000000 0.04458455 4.13798374 0.04313725 0.17647059 0.41960784
v 0.20000000 -0.02000000 3.96000000 0.04313725 0.17647059 0.41960784
v 0.35988136 0.18104512 3.96000000 0.04313725 0.17647059 0.41960784
v 0.48011864 0.18104512 3.96000000 0.04313725 0.17647059 0.41960784
v 0.35988136 -0.22104512 3.96000000 0.04313725 0.17647059 0.41960784
v 0.48011864 -0.22104512 3.96000000 0.04313725 0.17647059 0.41960784
v 0.32454452 -0.20029771 4.01717622 0.04313725 0.17647059 0.41960784
v 0.38466315 -0.16500012 4.11445022 0.04313725 0.17647059 0.41960784
v 0.38425883 -0.21877081 4.01783042 0.04313725 0.17647059 0.41960784
v 0.51545548 -0.20029771 4.01717622 0.04313725 0.17647059 0.41960784
v 0.45533685 -0.16500012 4.11445022 0.04313725 0.17647059 0.41960784
v 0.45574117 -0.21877081 4.01783042 0.04313725 0.17647059 0.41960784
v 0.42000000 -0.19778602 4.07566084 0.04313725 0.17647059 0.41960784
v 0.32454452 0.16029771 4.01717622 0.04313725 0.17647059 0.41960784
v 0.38466315 0.12500012 4.11445022 0.04313725 0.17647059 0.41960784
v 0.38425883 0.17877081 4.01783042 0.04313725 0.17647059 0.41960784
v 0.51545548 0.16029771 4.01717622 0.04313725 0.17647059 0.41960784
v 0.45533685 0.12500012 4.11445022 0.04313725 0.17647059 0.41960784
v 0.45574117 0.17877081 4.01783042 0.04313725 0.17647059 0.41960784
v 0.42000000 0.15778602 4.07566084 0.04313725 0.17647059 0.41960784
v 0.42000000 -0.07711270 4.17162644 0.04313725 0.17647059 0.41960784
v 0.42000000 0.03711270 4.17162644 0.04313725 0.17647059 0.41960784
v 0.32454452 -0.20029771 3.90282378 0.04313725 0.17647059 0.41960784
v 0.38466315 -0.16500012 3.80554978 0.04313725 0.17647059 0.41960784
v 0.38425883 -0.21877081 3.90216958 0.04313725 0.17647059 0.41960784
v 0.51545548 -0.20029771 3.90282378 0.04313725 0.17647059 0.41960784
v 0.45533685 -0.16500012 3.80554978 0.04313725 0.17647059 0.41960784
v 0.45574117 -0.21877081 3.90216958 0.04313725 0.17647059 0.41960784
v 0.42000000 -0.19778602 3.84433916 0.04313725 0.17647059 0.41960784
v 0.32454452 0.16029771 3.90282378 0.04313725 0.17647059 0.41960784
v 0.38466315 0.12500012 3.80554978 0.04313725 0.17647059 0.41960784
v 0.38425883 0.17877081 3.90216958 0.04313725 0.17647059 0.41960784
v 0.51545548 0.16029771 3.90282378 0.04313725 0.17647059 0.41960784
v 0.45533685 0.12500012 3.80554978 0.04313725 0.17647059 0.41960784
v 0.45574117 0.17877081 3.90216958 0.04313725 0.17647059 0.41960784
v 0.42000000 0.15778602 3.84433916 0.04313725 0.17647059 0.41960784
v 0.42000000 -0.07711270 3.74837356 0.04313725 0.17647059 0.41960784
v 0.42000000 0.03711270 3.74837356 0.04313725 0.17647059 0.41960784
v 0.57263171 0.12672771 3.92466315 0.04313725 0.17647059 0.41960784
v 0.60978707 0.03431741 3.86454452 0.04313725 0.17647059 0.41960784
v 0.54931276 0.12383191 3.86642841 0.04313725 0.17647059 0.41960784
v 0.57263171 -0.16672771 3.92466315 0.04313725 0.17647059 0.41960784
v 0.60978707 -0.07431741 3.86454452 0.04313725 0.17647059 0.41960784
v 0.54931276 -0.16383191 3.86642841 0.04313725 0.17647059 0.41960784
v 0.47717622 -0.11068271 3.77021293 0.04313725 0.17647059 0.41960784
v 0.57445022 -0.05357001 3.80736829 0.04313725 0.17647059 0.41960784
v 0.51357159 -0.14284712 3.80859799 0.04313725 0.17647059 0.41960784
v 0.47783042 -0.05395411 3.75076757 0.04313725 0.17647059 0.41960784
v 0.57140201 -0.10889301 3.83068724 0.04313725 0.17647059 0.41960784
v 0.47717622 0.07068271 3.77021293 0.04313725 0.17647059 0.41960784
v 0.57445022 0.01357001 3.80736829 0.04313725 0.17647059 0.41960784
v 0.51357159 0.10284712 3.80859799 0.04313725 0.17647059 0.41960784
v 0.47783042 0.01395411 3.75076757 0.04313725 0.17647059 0.41960784
v 0.57140201 0.06889301 3.83068724 0.04313725 0.17647059 0.41960784
v 0.53566084 -0.02000000 3.77285682 0.04313725 0.17647059 0.41960784
v 0.57263171 0.12672771 3.99533685 0.04313725 0.17647059 0.41960784
v 0.60978707 0.03431741 4.05545548 0.04313725 0.17647059 0.41960784
v 0.54931276 0.12383191 4.05357159 0.04313725 0.17647059 0.41960784
v 0.60714318 0.08987780 3.96000000 0.04313725 0.17647059 0.41960784
v 0.57263171 -0.16672771 3.99533685 0.04313725 0.17647059 0.41960784
v 0.60978707 -0.07431741 4.05545548 0.04313725 0.17647059 0.41960784
v 0.54931276 -0.16383191 4.05357159 0.04313725 0.17647059 0.41960784
v 0.60714318 -0.12987780 3.96000000 0.04313725 0.17647059 0.41960784
v 0.47717622 -0.11068271 4.14978707 0.04313725 0.17647059 0.41960784
v 0.57445022 -0.05357001 4.11263171 0.04313725 0.17647059 0.41960784
v 0.51357159 -0.14284712 4.11140201 0.04313725 0.17647059 0.41960784
v 0.47783042 -0.05395411 4.16923243 0.04313725 0.17647059 0.41960784
v 0.57140201 -0.10889301 4.08931276 0.04313725 0.17647059 0.41960784
v 0.47717622 0.07068271 4.14978707 0.04313725 0.17647059 0.41960784
v 0.57445022 0.01357001 4.11263171 0.04313725 0.17647059 0.41960784
v 0.51357159 0.10284712 4.11140201 0.04313725 0.17647059 0.41960784
v 0.47783042 0.01395411 4.16923243 0.04313725 0.17647059 0.41960784
v 0.57140201 0.06889301 4.08931276 0.04313725 0.17647059 0.41960784
v 0.53566084 -0.02000000 4.14714318 0.04313725 0.17647059 0.41960784
v 0.63162644 -0.02000000 3.89988136 0.04313725 0.17647059 0.41960784
v 0.63162644 -0.02000000 4.02011864 0.04313725 0.17647059 0.41960784
v 0.62923243 0.03493890 3.92425883 0.04313725 0.17647059 0.41960784
v 0.62923243 -0.07493890 3.92425883 0.04313725 0.17647059 0.41960784
v 0.62923243 0.03493890 3.99574117 0.04313725 0.17647059 0.41960784
v 0.62923243 -0.07493890 3.99574117 0.04313725 0.17647059 0.41960784
v 0.26736829 0.12672771 3.92466315 0.04313725 0.17647059 0.41960784
v 0.23021293 0.03431741 3.86454452 0.04313725 0.17647059 0.41960784
v 0.29068724 0.12383191 3.86642841 0.04313725 0.17647059 0.41960784
v 0.26736829 -0.16672771 3.92466315 0.04313725 0.17647059 0.41960784
v 0.23021293 -0.07431741 3.86454452 0.04313725 0.17647059 0.41960784
v 0.29068724 -0.16383191 3.86642841 0.04313725 0.17647059 0.41960784
v 0.36282378 -0.11068271 3.77021293 0.04313725 0.17647059 0.41960784
v 0.26554978 -0.05357001 3.80736829 0.04313725 0.17647059 0.41960784
v 0.32642841 -0.14284712 3.80859799 0.04313725 0.17647059 0.41960784
v 0.36216958 -0.05395411 3.75076757 0.04313725 0.17647059 0.41960784
v 0.26859799 -0.10889301 3.83068724 0.04313725 0.17647059 0.41960784
v 0.36282378 0.07068271 3.77021293 0.04313725 0.17647059 0.41960784
v 0.26554978 0.01357001 3.80736829 0.04313725 0.17647059 0.41960784
v 0.32642841 0.10284712 3.80859799 0.04313725 0.17647059 0.41960784
v 0.36216958 0.01395411 3.75076757 0.04313725 0.17647059 0.41960784
v 0.26859799 0.06889301 3.83068724 0.04313725 0.17647059 0.41960784
v 0.30433916 -0.02000000 3.77285682 0.04313725 0.17647059 0.41960784
v 0.26736829 0.12672771 3.99533685 0.04313725 0.17647059 0.41960784
v 0.23021293 0.03431741 4.05545548 0.04313725 0.17647059 0.41960784
v 0.29068724 0.12383191 4.05357159 0.04313725 0.17647059 0.41960784
v 0.23285682 0.08987780 3.96000000 0.04313725 0.17647059 0.41960784
v 0.26736829 -0.16672771 3.99533685 0.04313725 0.17647059 0.41960784
v 0.23021293 -0.07431741 4.05545548 0.04313725 0.17647059 0.41960784
v 0.29068724 -0.16383191 4.05357159 0.04313725 0.17647059 0.41960784
v 0.23285682 -0.12987780 3.96000000 0.04313725 0.17647059 0.41960784
v 0.36282378 -0.11068271 4.14978707 0.04313725 0.17647059 0.41960784
v 0.26554978 -0.05357001 4.11263171 0.04313725 0.17647059 0.41960784
v 0.32642841 -0.14284712 4.11140201 0.04313725 0.17647059 0.41960784
v 0.36216958 -0.05395411 4.16923243 0.04313725 0.17647059 0.41960784
v 0.26859799 -0.10889301 4.08931276 0.04313725 0.17647059 0.41960784
v 0.36282378 0.07068271 4.14978707 0.04313725 0.17647059 0.41960784
v 0.26554978 0.01357001 4.11263171 0.04313725 0.17647059 0.41960784
v 0.32642841 0.10284712 4.11140201 0.04313725 0.17647059 0.41960784
v 0.36216958 0.01395411 4.16923243 0.04313725 0.17647059 0.41960784
v 0.26859799 0.06889301 4.08931276 0.04313725 0.17647059 0.41960784
v 0.30433916 -0.02000000 4.14714318 0.04313725 0.17647059 0.41960784
v 0.20837356 -0.02000000 3.89988136 0.04313725 0.17647059 0.41960784
v 0.20837356 -0.02000000 4.02011864 0.04313725 0.17647059 0.41960784
v 0.21076757 0.03493890 3.92425883 0.04313725 0.17647059 0.41960784
v 0.21076757 -0.07493890 3.92425883 0.04313725 0.17647059 0.41960784
v 0.21076757 0.03493890 3.99574117 0.04313725 0.17647059 0.41960784
v 0.21076757 -0.07493890 3.99574117 0.04313725 0.17647059 0.41960784
v 0.04000000 0.21854102 3.50293661 0.04313725 0.17647059 0.41960784
v 1.01500000 0.21854102 3.50293661 0.04313725 0.17647059 0.41960784
v 1.01500000 0.18145898 3.61706339 0.04313725 0.17647059 0.41960784
v 0.04000000 0.18145898 3.61706339 0.04313725 0.17647059 0.41960784
v 1.00665874 0.30374920 3.53062242 0.04313725 0.17647059 0.41960784
v 1.00665874 0.26666716 3.64474921 0.04313725 0.17647059 0.41960784
v 0.98177768 0.38749944 3.55783453 0.04313725 0.17647059 0.41960784
v 0.98177768 0.35041740 3.67196131 0.04313725 0.17647059 0.41960784
v 0.94078254 0.46835875 3.58410731 0.04313725 0.17647059 0.41960784
v 0.94078254 0.43127671 3.69823409 0.04313725 0.17647059 0.41960784
v 0.88437477 0.54494362 3.60899124 0.04313725 0.17647059 0.41960784
v 0.88437477 0.50786158 3.72311802 0.04313725 0.17647059 0.41960784
v 0.81351951 0.61594364 3.63206055 0.04313725 0.17647059 0.41960784
v 0.81351951 0.57886160 3.74618733 0.04313725 0.17647059 0.41960784
v 0.72942911 0.68014400 3.65292051 0.04313725 0.17647059 0.41960784
v 0.72942911 0.64306196 3.76704729 0.04313725 0.17647059 0.41960784
v 0.63354239 0.73644620 3.67121420 0.04313725 0.17647059 0.41960784
v 0.63354239 0.69936416 3.78534098 0.04313725 0.17647059 0.41960784
v 0.52750000 0.78388690 3.68662862 0.04313725 0.17647059 0.41960784
v 0.52750000 0.74680486 3.80075540 0.04313725 0.17647059 0.41960784
v 0.41311635 0.82165438 3.69890002 0.04313725 0.17647059 0.41960784
v 0.41311635 0.78457234 3.81302680 0.04313725 0.17647059 0.41960784
v 0.29234857 0.84910241 3.70781843 0.04313725 0.17647059 0.41960784
v 0.29234857 0.81202038 3.82194521 0.04313725 0.17647059 0.41960784
v 0.16726304 0.86576137 3.71323125 0.04313725 0.17647059 0.41960784
v 0.16726304 0.82867933 3.82735803 0.04313725 0.17647059 0.41960784
v 0.04000000 0.87134621 3.71504587 0.04313725 0.17647059 0.41960784
v 0.04000000 0.83426417 3.82917266 0.04313725 0.17647059 0.41960784
v -0.08726304 0.86576137 3.71323125 0.04313725 0.17647059 0.41960784
v -0.08726304 0.82867933 3.82735803 0.04313725 0.17647059 0.41960784
v -0.21234857 0.84910241 3.70781843 0.04313725 0.17647059 0.41960784
v -0.21234857 0.81202038 3.82194521 0.04313725 0.17647059 0.41960784
v -0.33311635 0.82165438 3.69890002 0.04313725 0.17647059 0.41960784
v -0.33311635 0.78457234 3.81302680 0.04313725 0.17647059 0.41960784
v -0.44750000 0.78388690 3.68662862 0.04313725 0.17647059 0.41960784
v -0.44750000 0.74680486 3.80075540 0.04313725 0.17647059 0.41960784
v -0.55354239 0.73644620 3.67121420 0.04313725 0.17647059 0.41960784
v -0.55354239 0.69936416 3.78534098 0.04313725 0.17647059 0.41960784
v -0.64942911 0.68014400 3.65292051 0.04313725 0.17647059 0.41960784
v -0.64942911 0.64306196 3.76704729 0.04313725 0.17647059 0.41960784
v -0.73351951 0.61594364 3.63206055 0.04313725 0.17647059 0.41960784
v -0.73351951 0.57886160 3.74618733 0.04313725 0.17647059 0.41960784
v -0.80437477 0.54494362 3.60899124 0.04313725 0.17647059 0.41960784
v -0.80437477 0.50786158 3.72311802 0.04313725 0.17647059 0.41960784
v -0.86078254 0.46835875 3.58410731 0.04313725 0.17647059 0.41960784
v -0.86078254 0.43127671 3.69823409 0.04313725 0.17647059 0.41960784
v -0.90177768 0.38749944 3.55783453 0.04313725 0.17647059 0.41960784
v -0.90177768 0.35041740 3.67196131 0.04313725 0.17647059 0.41960784
v -0.92665874 0.30374920 3.53062242 0.04313725 0.17647059 0.41960784
v -0.92665874 0.26666716 3.64474921 0.04313725 0.17647059 0.41960784
v -0.93500000 0.21854102 3.50293661 0.04313725 0.17647059 0.41960784
v -0.93500000 0.18145898 3.61706339 0.04313725 0.17647059 0.41960784
v -0.92665874 0.13333284 3.47525079 0.04313725 0.17647059 0.41960784
v -0.92665874 0.09625080 3.58937758 0.04313725 0.17647059 0.41960784
v -0.90177768 0.04958260 3.44803869 0.04313725 0.17647059 0.41960784
v -0.90177768 0.01250056 3.56216547 0.04313725 0.17647059 0.41960784
v -0.86078254 -0.03127671 3.42176591 0.04313725 0.17647059 0.41960784
v -0.86078254 -0.06835875 3.53589269 0.04313725 0.17647059 0.41960784
v -0.80437477 -0.10786158 3.39688198 0.04313725 0.17647059 0.41960784
v -0.80437477 -0.14494362 3.51100876 0.04313725 0.17647059 0.41960784
v -0.73351951 -0.17886160 3.37381267 0.04313725 0.17647059 0.41960784
v -0.73351951 -0.21594364 3.48793945 0.04313725 0.17647059 0.41960784
v -0.64942911 -0.24306196 3.35295271 0.04313725 0.17647059 0.41960784
v -0.64942911 -0.28014400 3.46707949 0.04313725 0.17647059 0.41960784
v -0.55354239 -0.29936416 3.33465902 0.04313725 0.17647059 0.41960784
v -0.55354239 -0.33644620 3.44878580 0.04313725 0.17647059 0.41960784
v -0.44750000 -0.34680486 3.31924460 0.04313725 0.17647059 0.41960784
v -0.44750000 -0.38388690 3.43337138 0.04313725 0.17647059 0.41960784
v -0.33311635 -0.38457234 3.30697320 0.04313725 0.17647059 0.41960784
v -0.33311635 -0.42165438 3.42109998 0.04313725 0.17647059 0.41960784
v -0.21234857 -0.41202038 3.29805479 0.04313725 0.17647059 0.41960784
v -0.21234857 -0.44910241 3.41218157 0.04313725 0.17647059 0.41960784
v -0.08726304 -0.42867933 3.29264197 0.04313725 0.17647059 0.41960784
v -0.08726304 -0.46576137 3.40676875 0.04313725 0.17647059 0.41960784
v 0.04000000 -0.43426417 3.29082734 0.04313725 0.17647059 0.41960784
v 0.04000000 -0.47134621 3.40495413 0.04313725 0.17647059 0.41960784
v 0.16726304 -0.42867933 3.29264197 0.04313725 0.17647059 0.41960784
v 0.16726304 -0.46576137 3.40676875 0.04313725 0.17647059 0.41960784
v 0.29234857 -0.41202038 3.29805479 0.04313725 0.17647059 0.41960784
v 0.29234857 -0.44910241 3.41218157 0.04313725 0.17647059 0.41960784
v 0.41311635 -0.38457234 3.30697320 0.04313725 0.17647059 0.41960784
v 0.41311635 -0.42165438 3.42109998 0.04313725 0.17647059 0.41960784
v 0.52750000 -0.34680486 3.31924460 0.04313725 0.17647059 0.41960784
v 0.52750000 -0.38388690 3.43337138 0.04313725 0.17647059 0.41960784
v 0.63354239 -0.29936416 3.33465902 0.04313725 0.17647059 0.41960784
v 0.63354239 -0.33644620 3.44878580 0.04313725 0.17647059 0.41960784
v 0.72942911 -0.24306196 3.35295271 0.04313725 0.17647059 0.41960784
v 0.72942911 -0.28014400 3.46707949 0.04313725 0.17647059 0.41960784
v 0.81351951 -0.17886160 3.37381267 0.04313725 0.17647059 0.41960784
v 0.81351951 -0.21594364 3.48793945 0.04313725 0.17647059 0.41960784
v 0.88437477 -0.10786158 3.39688198 0.04313725 0.17647059 0.41960784
v 0.88437477 -0.14494362 3.51100876 0.04313725 0.17647059 0.41960784
v 0.94078254 -0.03127671 3.42176591 0.04313725 0.17647059 0.41960784
v 0.94078254 -0.06835875 3.53589269 0.04313725 0.17647059 0.41960784
v 0.98177768 0.04958260 3.44803869 0.04313725 0.17647059 0.41960784
v 0.98177768 0.01250056 3.56216547 0.04313725 0.17647059 0.41960784
v 1.00665874 0.13333284 3.47525079 0.04313725 0.17647059 0.41960784
v 1.00665874 0.09625080 3.58937758 0.04313725 0.17647059 0.41960784
v -0.17184742 0.30154601 3.63000000 0.04313725 0.17647059 0.41960784
v 0.29184742 0.30154601 3.63000000 0.04313725 0.17647059 0.41960784
v -0.17184742 -0.34154601 3.63000000 0.04313725 0.17647059 0.41960784
v 0.29184742 -0.34154601 3.63000000 0.04313725 0.17647059 0.41960784
v 0.06000000 -0.21872636 3.80863667 0.04313725 0.17647059 0.41960784
v 0.06000000 0.17872636 3.80863667 0.04313725 0.17647059 0.41960784
v 0.06000000 -0.21872636 3.45136333 0.04313725 0.17647059 0.41960784
v 0.06000000 0.17872636 3.45136333 0.04313725 0.17647059 0.41960784
v 0.43513701 -0.02000000 3.51959647 0.04313725 0.17647059 0.41960784
v 0.43513701 -0.02000000 3.74040353 0.04313725 0.17647059 0.41960784
v -0.31513701 -0.02000000 3.51959647 0.04313725 0.17647059 0.41960784
v -0.31513701 -0.02000000 3.74040353 0.04313725 0.17647059 0.41960784
v 0.06000000 0.35800000 3.63000000 0.04313725 0.17647059 0.41960784
v 0.06000000 -0.39800000 3.63000000 0.04313725 0.17647059 0.41960784
v -0.07627649 -0.32580842 3.73500000 0.04313725 0.17647059 0.41960784
v 0.19627649 -0.32580842 3.73500000 0.04313725 0.17647059 0.41960784
v -0.07627649 0.28580842 3.73500000 0.04313725 0.17647059 0.41960784
v 0.19627649 0.28580842 3.73500000 0.04313725 0.17647059 0.41960784
v 0.06000000 -0.02000000 3.84000000 0.04313725 0.17647059 0.41960784
v -0.07627649 -0.32580842 3.52500000 0.04313725 0.17647059 0.41960784
v 0.19627649 -0.32580842 3.52500000 0.04313725 0.17647059 0.41960784
v -0.07627649 0.28580842 3.52500000 0.04313725 0.17647059 0.41960784
v 0.19627649 0.28580842 3.52500000 0.04313725 0.17647059 0.41960784
v 0.06000000 -0.02000000 3.42000000 0.04313725 0.17647059 0.41960784
v 0.41677649 0.16900000 3.56510643 0.04313725 0.17647059 0.41960784
v 0.41677649 -0.20900000 3.56510643 0.04313725 0.17647059 0.41960784
v 0.28050000 -0.13680842 3.46010643 0.04313725 0.17647059 0.41960784
v 0.28050000 0.09680842 3.46010643 0.04313725 0.17647059 0.41960784
v 0.41677649 0.16900000 3.69489357 0.04313725 0.17647059 0.41960784
v 0.41677649 -0.20900000 3.69489357 0.04313725 0.17647059 0.41960784
v 0.28050000 -0.13680842 3.79989357 0.04313725 0.17647059 0.41960784
v 0.28050000 0.09680842 3.79989357 0.04313725 0.17647059 0.41960784
v 0.50100000 -0.02000000 3.63000000 0.04313725 0.17647059 0.41960784
v -0.29677649 0.16900000 3.56510643 0.04313725 0.17647059 0.41960784
v -0.29677649 -0.20900000 3.56510643 0.04313725 0.17647059 0.41960784
v -0.16050000 -0.13680842 3.46010643 0.04313725 0.17647059 0.41960784
v -0.16050000 0.09680842 3.46010643 0.04313725 0.17647059 0.41960784
v -0.29677649 0.16900000 3.69489357 0.04313725 0.17647059 0.41960784
v -0.29677649 -0.20900000 3.69489357 0.04313725 0.17647059 0.41960784
v -0.16050000 -0.13680842 3.79989357 0.04313725 0.17647059 0.41960784
v -0.16050000 0.09680842 3.79989357 0.04313725 0.17647059 0.41960784
v -0.38100000 -0.02000000 3.63000000 0.04313725 0.17647059 0.41960784
v -0.06051054 0.34361270 3.63000000 0.04313725 0.17647059 0.41960784
v 0.18051054 0.34361270 3.63000000 0.04313725 0.17647059 0.41960784
v -0.06051054 -0.38361270 3.63000000 0.04313725 0.17647059 0.41960784
v 0.18051054 -0.38361270 3.63000000 0.04313725 0.17647059 0.41960784
v -0.13134486 -0.34608869 3.68457730 0.04313725 0.17647059 0.41960784
v -0.01083432 -0.28224902 3.77742975 0.04313725 0.17647059 0.41960784
v -0.01164479 -0.37949936 3.68520177 0.04313725 0.17647059 0.41960784
v 0.25134486 -0.34608869 3.68457730 0.04313725 0.17647059 0.41960784
v 0.13083432 -0.28224902 3.77742975 0.04313725 0.17647059 0.41960784
v 0.13164479 -0.37949936 3.68520177 0.04313725 0.17647059 0.41960784
v 0.06000000 -0.34154601 3.74040353 0.04313725 0.17647059 0.41960784
v -0.13134486 0.30608869 3.68457730 0.04313725 0.17647059 0.41960784
v -0.01083432 0.24224902 3.77742975 0.04313725 0.17647059 0.41960784
v -0.01164479 0.33949936 3.68520177 0.04313725 0.17647059 0.41960784
v 0.25134486 0.30608869 3.68457730 0.04313725 0.17647059 0.41960784
v 0.13083432 0.24224902 3.77742975 0.04313725 0.17647059 0.41960784
v 0.13164479 0.33949936 3.68520177 0.04313725 0.17647059 0.41960784
v 0.06000000 0.30154601 3.74040353 0.04313725 0.17647059 0.41960784
v 0.06000000 -0.12329475 3.83200706 0.04313725 0.17647059 0.41960784
v 0.06000000 0.08329475 3.83200706 0.04313725 0.17647059 0.41960784
v -0.13134486 -0.34608869 3.57542270 0.04313725 0.17647059 0.41960784
v -0.01083432 -0.28224902 3.48257025 0.04313725 0.17647059 0.41960784
v -0.01164479 -0.37949936 3.57479823 0.04313725 0.17647059 0.41960784
v 0.25134486 -0.34608869 3.57542270 0.04313725 0.17647059 0.41960784
v 0.13083432 -0.28224902 3.48257025 0.04313725 0.17647059 0.41960784
v 0.13164479 -0.37949936 3.57479823 0.04313725 0.17647059 0.41960784
v 0.06000000 -0.34154601 3.51959647 0.04313725 0.17647059 0.41960784
v -0.13134486 0.30608869 3.57542270 0.04313725 0.17647059 0.41960784
v -0.01083432 0.24224902 3.48257025 0.04313725 0.17647059 0.41960784
v -0.01164479 0.33949936 3.57479823 0.04313725 0.17647059 0.41960784
v 0.25134486 0.30608869 3.57542270 0.04313725 0.17647059 0.41960784
v 0.13083432 0.24224902 3.48257025 0.04313725 0.17647059 0.41960784
v 0.13164479 0.33949936 3.57479823 0.04313725 0.17647059 0.41960784
v 0.06000000 0.30154601 3.51959647 0.04313725 0.17647059 0.41960784
v 0.06000000 -0.12329475 3.42799294 0.04313725 0.17647059 0.41960784
v 0.06000000 0.08329475 3.42799294 0.04313725 0.17647059 0.41960784
v 0.36595719 0.24537356 3.59626937 0.04313725 0.17647059 0.41960784
v 0.44043680 0.07823914 3.53888340 0.04313725 0.17647059 0.41960784
v 0.31921330 0.24013618 3.54068167 0.04313725 0.17647059 0.41960784
v 0.36595719 -0.28537356 3.59626937 0.04313725 0.17647059 0.41960784
v 0.44043680 -0.11823914 3.53888340 0.04313725 0.17647059 0.41960784
v 0.31921330 -0.28013618 3.54068167 0.04313725 0.17647059 0.41960784
v 0.17461233 -0.18400988 3.44883962 0.04313725 0.17647059 0.41960784
v 0.36960248 -0.08071513 3.48430610 0.04313725 0.17647059 0.41960784
v 0.24756850 -0.24218283 3.48547990 0.04313725 0.17647059 0.41960784
v 0.17592371 -0.08140982 3.43027813 0.04313725 0.17647059 0.41960784
v 0.36349221 -0.18077300 3.50656510 0.04313725 0.17647059 0.41960784
v 0.17461233 0.14400988 3.44883962 0.04313725 0.17647059 0.41960784
v 0.36960248 0.04071513 3.48430610 0.04313725 0.17647059 0.41960784
v 0.24756850 0.20218283 3.48547990 0.04313725 0.17647059 0.41960784
v 0.17592371 0.04140982 3.43027813 0.04313725 0.17647059 0.41960784
v 0.36349221 0.14077300 3.50656510 0.04313725 0.17647059 0.41960784
v 0.29184742 -0.02000000 3.45136333 0.04313725 0.17647059 0.41960784
v 0.36595719 0.24537356 3.66373063 0.04313725 0.17647059 0.41960784
v 0.44043680 0.07823914 3.72111660 0.04313725 0.17647059 0.41960784
v 0.31921330 0.24013618 3.71931833 0.04313725 0.17647059 0.41960784
v 0.43513701 0.17872636 3.63000000 0.04313725 0.17647059 0.41960784
v 0.36595719 -0.28537356 3.66373063 0.04313725 0.17647059 0.41960784
v 0.44043680 -0.11823914 3.72111660 0.04313725 0.17647059 0.41960784
v 0.31921330 -0.28013618 3.71931833 0.04313725 0.17647059 0.41960784
v 0.43513701 -0.21872636 3.63000000 0.04313725 0.17647059 0.41960784
v 0.17461233 -0.18400988 3.81116038 0.04313725 0.17647059 0.41960784
v 0.36960248 -0.08071513 3.77569390 0.04313725 0.17647059 0.41960784
v 0.24756850 -0.24218283 3.77452010 0.04313725 0.17647059 0.41960784
v 0.17592371 -0.08140982 3.82972187 0.04313725 0.17647059 0.41960784
v 0.36349221 -0.18077300 3.75343490 0.04313725 0.17647059 0.41960784
v 0.17461233 0.14400988 3.81116038 0.04313725 0.17647059 0.41960784
v 0.36960248 0.04071513 3.77569390 0.04313725 0.17647059 0.41960784
v 0.24756850 0.20218283 3.77452010 0.04313725 0.17647059 0.41960784
v 0.17592371 0.04140982 3.82972187 0.04313725 0.17647059 0.41960784
v 0.36349221 0.14077300 3.75343490 0.04313725 0.17647059 0.41960784
v 0.29184742 -0.02000000 3.80863667 0.04313725 0.17647059 0.41960784
v 0.48421482 -0.02000000 3.57261403 0.04313725 0.17647059 0.41960784
v 0.48421482 -0.02000000 3.68738597 0.04313725 0.17647059 0.41960784
v 0.47941592 0.07936318 3.59588343 0.04313725 0.17647059 0.41960784
v 0.47941592 -0.11936318 3.59588343 0.04313725 0.17647059 0.41960784
v 0.47941592 0.07936318 3.66411657 0.04313725 0.17647059 0.41960784
v 0.47941592 -0.11936318 3.66411657 0.04313725 0.17647059 0.41960784
v -0.24595719 0.24537356 3.59626937 0.04313725 0.17647059 0.41960784
v -0.32043680 0.07823914 3.53888340 0.04313725 0.17647059 0.41960784
v -0.19921330 0.24013618 3.54068167 0.04313725 0.17647059 0.41960784
v -0.24595719 -0.28537356 3.59626937 0.04313725 0.17647059 0.41960784
v -0.32043680 -0.11823914 3.53888340 0.04313725 0.17647059 0.41960784
v -0.19921330 -0.28013618 3.54068167 0.04313725 0.17647059 0.41960784
v -0.05461233 -0.18400988 3.44883962 0.04313725 0.17647059 0.41960784
v -0.24960248 -0.08071513 3.48430610 0.04313725 0.17647059 0.41960784
v -0.12756850 -0.24218283 3.48547990 0.04313725 0.17647059 0.41960784
v -0.05592371 -0.08140982 3.43027813 0.04313725 0.17647059 0.41960784
v -0.24349221 -0.18077300 3.50656510 0.04313725 0.17647059 0.41960784
v -0.05461233 0.14400988 3.44883962 0.04313725 0.17647059 0.41960784
v -0.24960248 0.04071513 3.48430610 0.04313725 0.17647059 0.41960784
v -0.12756850 0.20218283 3.48547990 0.04313725 0.17647059 0.41960784
v -0.05592371 0.04140982 3.43027813 0.04313725 0.17647059 0.41960784
v -0.24349221 0.14077300 3.50656510 0.04313725 0.17647059 0.41960784
v -0.17184742 -0.02000000 3.45136333 0.04313725 0.17647059 0.41960784
v -0.24595719 0.24537356 3.66373063 0.04313725 0.17647059 0.41960784
v -0.32043680 0.07823914 3.72111660 0.04313725 0.17647059 0.41960784
v -0.19921330 0.24013618 3.71931833 0.04313725 0.17647059 0.41960784
v -0.31513701 0.17872636 3.63000000 0.04313725 0.17647059 0.41960784
v -0.24595719 -0.28537356 3.66373063 0.04313725 0.17647059 0.41960784
v -0.32043680 -0.11823914 3.72111660 0.04313725 0.17647059 0.41960784
v -0.19921330 -0.28013618 3.71931833 0.04313725 0.17647059 0.41960784
v -0.31513701 -0.21872636 3.63000000 0.04313725 0.17647059 0.41960784
v -0.05461233 -0.18400988 3.81116038 0.04313725 0.17647059 0.41960784
v -0.24960248 -0.08071513 3.77569390 0.04313725 0.17647059 0.41960784
v -0.12756850 -0.24218283 3.77452010 0.04313725 0.17647059 0.41960784
v -0.05592371 -0.08140982 3.82972187 0.04313725 0.17647059 0.41960784
v -0.24349221 -0.18077300 3.75343490 0.04313725 0.17647059 0.41960784
v -0.05461233 0.14400988 3.81116038 0.04313725 0.17647059 0.41960784
v -0.24960248 0.04071513 3.77569390 0.04313725 0.17647059 0.41960784
v -0.12756850 0.20218283 3.77452010 0.04313725 0.17647059 0.41960784
v -0.05592371 0.04140982 3.82972187 0.04313725 0.17647059 0.41960784
v -0.24349221 0.14077300 3.75343490 0.04313725 0.17647059 0.41960784
v -0.17184742 -0.02000000 3.80863667 0.04313725 0.17647059 0.41960784
v -0.36421482 -0.02000000 3.57261403 0.04313725 0.17647059 0.41960784
v -0.36421482 -0.02000000 3.68738597 0.04313725 0.17647059 0.41960784
v -0.35941592 0.07936318 3.59588343 0.04313725 0.17647059 0.41960784
v -0.35941592 -0.11936318 3.59588343 0.04313725 0.17647059 0.41960784
v -0.35941592 0.07936318 3.66411657 0.04313725 0.17647059 0.41960784
v -0.35941592 -0.11936318 3.66411657 0.04313725 0.17647059 0.41960784
v -0.28992224 0.93550011 3.18000000 0.98039216 0.98823529 1.00000000
v -0.15007776 0.93550011 3.18000000 0.98039216 0.98823529 1.00000000
v -0.28992224 0.80449989 3.18000000 0.98039216 0.98823529 1.00000000
v -0.15007776 0.80449989 3.18000000 0.98039216 0.98823529 1.00000000
v -0.22000000 0.82951870 3.32886389 0.98039216 0.98823529 1.00000000
v -0.22000000 0.91048130 3.32886389 0.98039216 0.98823529 1.00000000
v -0.22000000 0.82951870 3.03113611 0.98039216 0.98823529 1.00000000
v -0.22000000 0.91048130 3.03113611 0.98039216 0.98823529 1.00000000
v -0.10686344 0.87000000 3.08799706 0.98039216 0.98823529 1.00000000
v -0.10686344 0.87000000 3.27200294 0.98039216 0.98823529 1.00000000
v -0.33313656 0.87000000 3.08799706 0.98039216 0.98823529 1.00000000
v -0.33313656 0.87000000 3.27200294 0.98039216 0.98823529 1.00000000
v -0.22000000 0.94700000 3.18000000 0.98039216 0.98823529 1.00000000
v -0.22000000 0.79300000 3.18000000 0.98039216 0.98823529 1.00000000
v -0.26109926 0.80770569 3.26750000 0.98039216 0.98823529 1.00000000
v -0.17890074 0.80770569 3.26750000 0.98039216 0.98823529 1.00000000
v -0.26109926 0.93229431 3.26750000 0.98039216 0.98823529 1.00000000
v -0.17890074 0.93229431 3.26750000 0.98039216 0.98823529 1.00000000
v -0.22000000 0.87000000 3.35500000 0.98039216 0.98823529 1.00000000
v -0.26109926 0.80770569 3.09250000 0.98039216 0.98823529 1.00000000
v -0.17890074 0.80770569 3.09250000 0.98039216 0.98823529 1.00000000
v -0.26109926 0.93229431 3.09250000 0.98039216 0.98823529 1.00000000
v -0.17890074 0.93229431 3.09250000 0.98039216 0.98823529 1.00000000
v -0.22000000 0.87000000 3.00500000 0.98039216 0.98823529 1.00000000
v -0.11240074 0.90850000 3.12592203 0.98039216 0.98823529 1.00000000
v -0.11240074 0.83150000 3.12592203 0.98039216 0.98823529 1.00000000
v -0.15350000 0.84620569 3.03842203 0.98039216 0.98823529 1.00000000
v -0.15350000 0.89379431 3.03842203 0.98039216 0.98823529 1.00000000
v -0.11240074 0.90850000 3.23407797 0.98039216 0.98823529 1.00000000
v -0.11240074 0.83150000 3.23407797 0.98039216 0.98823529 1.00000000
v -0.15350000 0.84620569 3.32157797 0.98039216 0.98823529 1.00000000
v -0.15350000 0.89379431 3.32157797 0.98039216 0.98823529 1.00000000
v -0.08700000 0.87000000 3.18000000 0.98039216 0.98823529 1.00000000
v -0.32759926 0.90850000 3.12592203 0.98039216 0.98823529 1.00000000
v -0.32759926 0.83150000 3.12592203 0.98039216 0.98823529 1.00000000
v -0.28650000 0.84620569 3.03842203 0.98039216 0.98823529 1.00000000
v -0.28650000 0.89379431 3.03842203 0.98039216 0.98823529 1.00000000
v -0.32759926 0.90850000 3.23407797 0.98039216 0.98823529 1.00000000
v -0.32759926 0.83150000 3.23407797 0.98039216 0.98823529 1.00000000
v -0.28650000 0.84620569 3.32157797 0.98039216 0.98823529 1.00000000
v -0.28650000 0.89379431 3.32157797 0.98039216 0.98823529 1.00000000
v -0.35300000 0.87000000 3.18000000 0.98039216 0.98823529 1.00000000
v -0.25634445 0.94406925 3.18000000 0.98039216 0.98823529 1.00000000
v -0.18365555 0.94406925 3.18000000 0.98039216 0.98823529 1.00000000
v -0.25634445 0.79593075 3.18000000 0.98039216 0.98823529 1.00000000
v -0.18365555 0.79593075 3.18000000 0.98039216 0.98823529 1.00000000
v -0.27770718 0.80357453 3.22548108 0.98039216 0.98823529 1.00000000
v -0.24136273 0.81657890 3.30285813 0.98039216 0.98823529 1.00000000
v -0.24160716 0.79676865 3.22600147 0.98039216 0.98823529 1.00000000
v -0.16229282 0.80357453 3.22548108 0.98039216 0.98823529 1.00000000
v -0.19863727 0.81657890 3.30285813 0.98039216 0.98823529 1.00000000
v -0.19839284 0.79676865 3.22600147 0.98039216 0.98823529 1.00000000
v -0.22000000 0.80449989 3.27200294 0.98039216 0.98823529 1.00000000
v -0.27770718 0.93642547 3.22548108 0.98039216 0.98823529 1.00000000
v -0.24136273 0.92342110 3.30285813 0.98039216 0.98823529 1.00000000
v -0.24160716 0.94323135 3.22600147 0.98039216 0.98823529 1.00000000
v -0.16229282 0.93642547 3.22548108 0.98039216 0.98823529 1.00000000
v -0.19863727 0.92342110 3.30285813 0.98039216 0.98823529 1.00000000
v -0.19839284 0.94323135 3.22600147 0.98039216 0.98823529 1.00000000
v -0.22000000 0.93550011 3.27200294 0.98039216 0.98823529 1.00000000
v -0.22000000 0.84895848 3.34833921 0.98039216 0.98823529 1.00000000
v -0.22000000 0.89104152 3.34833921 0.98039216 0.98823529 1.00000000
v -0.27770718 0.80357453 3.13451892 0.98039216 0.98823529 1.00000000
v -0.24136273 0.81657890 3.05714187 0.98039216 0.98823529 1.00000000
v -0.24160716 0.79676865 3.13399853 0.98039216 0.98823529 1.00000000
v -0.16229282 0.80357453 3.13451892 0.98039216 0.98823529 1.00000000
v -0.19863727 0.81657890 3.05714187 0.98039216 0.98823529 1.00000000
v -0.19839284 0.79676865 3.13399853 0.98039216 0.98823529 1.00000000
v -0.22000000 0.80449989 3.08799706 0.98039216 0.98823529 1.00000000
v -0.27770718 0.93642547 3.13451892 0.98039216 0.98823529 1.00000000
v -0.24136273 0.92342110 3.05714187 0.98039216 0.98823529 1.00000000
v -0.24160716 0.94323135 3.13399853 0.98039216 0.98823529 1.00000000
v -0.16229282 0.93642547 3.13451892 0.98039216 0.98823529 1.00000000
v -0.19863727 0.92342110 3.05714187 0.98039216 0.98823529 1.00000000
v -0.19839284 0.94323135 3.13399853 0.98039216 0.98823529 1.00000000
v -0.22000000 0.93550011 3.08799706 0.98039216 0.98823529 1.00000000
v -0.22000000 0.84895848 3.01166079 0.98039216 0.98823529 1.00000000
v -0.22000000 0.89104152 3.01166079 0.98039216 0.98823529 1.00000000
v -0.12772720 0.92405758 3.15189114 0.98039216 0.98823529 1.00000000
v -0.10526509 0.89001168 3.10406950 0.98039216 0.98823529 1.00000000
v -0.14182456 0.92299070 3.10556805 0.98039216 0.98823529 1.00000000
v -0.12772720 0.81594242 3.15189114 0.98039216 0.98823529 1.00000000
v -0.10526509 0.84998832 3.10406950 0.98039216 0.98823529 1.00000000
v -0.14182456 0.81700930 3.10556805 0.98039216 0.98823529 1.00000000
v -0.18543438 0.83659058 3.02903302 0.98039216 0.98823529 1.00000000
v -0.12662782 0.85763210 3.05858842 0.98039216 0.98823529 1.00000000
v -0.16343172 0.82474054 3.05956658 0.98039216 0.98823529 1.00000000
v -0.18503888 0.85749059 3.01356511 0.98039216 0.98823529 1.00000000
v -0.12847060 0.83724994 3.07713758 0.98039216 0.98823529 1.00000000
v -0.18543438 0.90340942 3.02903302 0.98039216 0.98823529 1.00000000
v -0.12662782 0.88236790 3.05858842 0.98039216 0.98823529 1.00000000
v -0.16343172 0.91525946 3.05956658 0.98039216 0.98823529 1.00000000
v -0.18503888 0.88250941 3.01356511 0.98039216 0.98823529 1.00000000
v -0.12847060 0.90275006 3.07713758 0.98039216 0.98823529 1.00000000
v -0.15007776 0.87000000 3.03113611 0.98039216 0.98823529 1.00000000
v -0.12772720 0.92405758 3.20810886 0.98039216 0.98823529 1.00000000
v -0.10526509 0.89001168 3.25593050 0.98039216 0.98823529 1.00000000
v -0.14182456 0.92299070 3.25443195 0.98039216 0.98823529 1.00000000
v -0.10686344 0.91048130 3.18000000 0.98039216 0.98823529 1.00000000
v -0.12772720 0.81594242 3.20810886 0.98039216 0.98823529 1.00000000
v -0.10526509 0.84998832 3.25593050 0.98039216 0.98823529 1.00000000
v -0.14182456 0.81700930 3.25443195 0.98039216 0.98823529 1.00000000
v -0.10686344 0.82951870 3.18000000 0.98039216 0.98823529 1.00000000
v -0.18543438 0.83659058 3.33096698 0.98039216 0.98823529 1.00000000
v -0.12662782 0.85763210 3.30141158 0.98039216 0.98823529 1.00000000
v -0.16343172 0.82474054 3.30043342 0.98039216 0.98823529 1.00000000
v -0.18503888 0.85749059 3.34643489 0.98039216 0.98823529 1.00000000
v -0.12847060 0.83724994 3.28286242 0.98039216 0.98823529 1.00000000
v -0.18543438 0.90340942 3.33096698 0.98039216 0.98823529 1.00000000
v -0.12662782 0.88236790 3.30141158 0.98039216 0.98823529 1.00000000
v -0.16343172 0.91525946 3.30043342 0.98039216 0.98823529 1.00000000
v -0.18503888 0.88250941 3.34643489 0.98039216 0.98823529 1.00000000
v -0.12847060 0.90275006 3.28286242 0.98039216 0.98823529 1.00000000
v -0.15007776 0.87000000 3.32886389 0.98039216 0.98823529 1.00000000
v -0.09206220 0.87000000 3.13217836 0.98039216 0.98823529 1.00000000
v -0.09206220 0.87000000 3.22782164 0.98039216 0.98823529 1.00000000
v -0.09350948 0.89024065 3.15156953 0.98039216 0.98823529 1.00000000
v -0.09350948 0.84975935 3.15156953 0.98039216 0.98823529 1.00000000
v -0.09350948 0.89024065 3.20843047 0.98039216 0.98823529 1.00000000
v -0.09350948 0.84975935 3.20843047 0.98039216 0.98823529 1.00000000
v -0.31227280 0.92405758 3.15189114 0.98039216 0.98823529 1.00000000
v -0.33473491 0.89001168 3.10406950 0.98039216 0.98823529 1.00000000
v -0.29817544 0.92299070 3.10556805 0.98039216 0.98823529 1.00000000
v -0.31227280 0.81594242 3.15189114 0.98039216 0.98823529 1.00000000
v -0.33473491 0.84998832 3.10406950 0.98039216 0.98823529 1.00000000
v -0.29817544 0.81700930 3.10556805 0.98039216 0.98823529 1.00000000
v -0.25456562 0.83659058 3.02903302 0.98039216 0.98823529 1.00000000
v -0.31337218 0.85763210 3.05858842 0.98039216 0.98823529 1.00000000
v -0.27656828 0.82474054 3.05956658 0.98039216 0.98823529 1.00000000
v -0.25496112 0.85749059 3.01356511 0.98039216 0.98823529 1.00000000
v -0.31152940 0.83724994 3.07713758 0.98039216 0.98823529 1.00000000
v -0.25456562 0.90340942 3.02903302 0.98039216 0.98823529 1.00000000
v -0.31337218 0.88236790 3.05858842 0.98039216 0.98823529 1.00000000
v -0.27656828 0.91525946 3.05956658 0.98039216 0.98823529 1.00000000
v -0.25496112 0.88250941 3.01356511 0.98039216 0.98823529 1.00000000
v -0.31152940 0.90275006 3.07713758 0.98039216 0.98823529 1.00000000
v -0.28992224 0.87000000 3.03113611 0.98039216 0.98823529 1.00000000
v -0.31227280 0.92405758 3.20810886 0.98039216 0.98823529 1.00000000
v -0.33473491 0.89001168 3.25593050 0.98039216 0.98823529 1.00000000
v -0.29817544 0.92299070 3.25443195 0.98039216 0.98823529 1.00000000
v -0.33313656 0.91048130 3.18000000 0.98039216 0.98823529 1.00000000
v -0.31227280 0.81594242 3.20810886 0.98039216 0.98823529 1.00000000
v -0.33473491 0.84998832 3.25593050 0.98039216 0.98823529 1.00000000
v -0.29817544 0.81700930 3.25443195 0.98039216 0.98823529 1.00000000
v -0.33313656 0.82951870 3.18000000 0.98039216 0.98823529 1.00000000
v -0.25456562 0.83659058 3.33096698 0.98039216 0.98823529 1.00000000
v -0.31337218 0.85763210 3.30141158 0.98039216 0.98823529 1.00000000
v -0.27656828 0.82474054 3.30043342 0.98039216 0.98823529 1.00000000
v -0.25496112 0.85749059 3.34643489 0.98039216 0.98823529 1.00000000
v -0.31152940 0.83724994 3.28286242 0.98039216 0.98823529 1.00000000
v -0.25456562 0.90340942 3.33096698 0.98039216 0.98823529 1.00000000
v -0.31337218 0.88236790 3.30141158 0.98039216 0.98823529 1.00000000
v -0.27656828 0.91525946 3.30043342 0.98039216 0.98823529 1.00000000
v -0.25496112 0.88250941 3.34643489 0.98039216 0.98823529 1.00000000
v -0.31152940 0.90275006 3.28286242 0.98039216 0.98823529 1.00000000
v -0.28992224 0.87000000 3.32886389 0.98039216 0.98823529 1.00000000
v -0.34793780 0.87000000 3.13217836 0.98039216 0.98823529 1.00000000
v -0.34793780 0.87000000 3.22782164 0.98039216 0.98823529 1.00000000
v -0.34649052 0.89024065 3.15156953 0.98039216 0.98823529 1.00000000
v -0.34649052 0.84975935 3.15156953 0.98039216 0.98823529 1.00000000
v -0.34649052 0.89024065 3.20843047 0.98039216 0.98823529 1.00000000
v -0.34649052 0.84975935 3.20843047 0.98039216 0.98823529 1.00000000
v -0.27204738 0.99146437 3.17000000 0.04313725 0.17647059 0.41960784
v -0.16795262 0.99146437 3.17000000 0.04313725 0.17647059 0.41960784
v -0.27204738 0.88853563 3.17000000 0.04313725 0.17647059 0.41960784
v -0.16795262 0.88853563 3.17000000 0.04313725 0.17647059 0.41960784
v -0.22000000 0.90819327 3.27760733 0.04313725 0.17647059 0.41960784
v -0.22000000 0.97180673 3.27760733 0.04313725 0.17647059 0.41960784
v -0.22000000 0.90819327 3.06239267 0.04313725 0.17647059 0.41960784
v -0.22000000 0.97180673 3.06239267 0.04313725 0.17647059 0.41960784
v -0.13578557 0.94000000 3.10349501 0.04313725 0.17647059 0.41960784
v -0.13578557 0.94000000 3.23650499 0.04313725 0.17647059 0.41960784
v -0.30421443 0.94000000 3.10349501 0.04313725 0.17647059 0.41960784
v -0.30421443 0.94000000 3.23650499 0.04313725 0.17647059 0.41960784
v -0.22000000 1.00050000 3.17000000 0.04313725 0.17647059 0.41960784
v -0.22000000 0.87950000 3.17000000 0.04313725 0.17647059 0.41960784
v -0.25059268 0.89105447 3.23325000 0.04313725 0.17647059 0.41960784
v -0.18940732 0.89105447 3.23325000 0.04313725 0.17647059 0.41960784
v -0.25059268 0.98894553 3.23325000 0.04313725 0.17647059 0.41960784
v -0.18940732 0.98894553 3.23325000 0.04313725 0.17647059 0.41960784
v -0.22000000 0.94000000 3.29650000 0.04313725 0.17647059 0.41960784
v -0.25059268 0.89105447 3.10675000 0.04313725 0.17647059 0.41960784
v -0.18940732 0.89105447 3.10675000 0.04313725 0.17647059 0.41960784
v -0.25059268 0.98894553 3.10675000 0.04313725 0.17647059 0.41960784
v -0.18940732 0.98894553 3.10675000 0.04313725 0.17647059 0.41960784
v -0.22000000 0.94000000 3.04350000 0.04313725 0.17647059 0.41960784
v -0.13990732 0.97025000 3.13090935 0.04313725 0.17647059 0.41960784
v -0.13990732 0.90975000 3.13090935 0.04313725 0.17647059 0.41960784
v -0.17050000 0.92130447 3.06765935 0.04313725 0.17647059 0.41960784
v -0.17050000 0.95869553 3.06765935 0.04313725 0.17647059 0.41960784
v -0.13990732 0.97025000 3.20909065 0.04313725 0.17647059 0.41960784
v -0.13990732 0.90975000 3.20909065 0.04313725 0.17647059 0.41960784
v -0.17050000 0.92130447 3.27234065 0.04313725 0.17647059 0.41960784
v -0.17050000 0.95869553 3.27234065 0.04313725 0.17647059 0.41960784
v -0.12100000 0.94000000 3.17000000 0.04313725 0.17647059 0.41960784
v -0.30009268 0.97025000 3.13090935 0.04313725 0.17647059 0.41960784
v -0.30009268 0.90975000 3.13090935 0.04313725 0.17647059 0.41960784
v -0.26950000 0.92130447 3.06765935 0.04313725 0.17647059 0.41960784
v -0.26950000 0.95869553 3.06765935 0.04313725 0.17647059 0.41960784
v -0.30009268 0.97025000 3.20909065 0.04313725 0.17647059 0.41960784
v -0.30009268 0.90975000 3.20909065 0.04313725 0.17647059 0.41960784
v -0.26950000 0.92130447 3.27234065 0.04313725 0.17647059 0.41960784
v -0.26950000 0.95869553 3.27234065 0.04313725 0.17647059 0.41960784
v -0.31900000 0.94000000 3.17000000 0.04313725 0.17647059 0.41960784
v -0.24705339 0.99819727 3.17000000 0.04313725 0.17647059 0.41960784
v -0.19294661 0.99819727 3.17000000 0.04313725 0.17647059 0.41960784
v -0.24705339 0.88180273 3.17000000 0.04313725 0.17647059 0.41960784
v -0.19294661 0.88180273 3.17000000 0.04313725 0.17647059 0.41960784
v -0.26295497 0.88780856 3.20287633 0.04313725 0.17647059 0.41960784
v -0.23590158 0.89802628 3.25880888 0.04313725 0.17647059 0.41960784
v -0.23608352 0.88246108 3.20325249 0.04313725 0.17647059 0.41960784
v -0.17704503 0.88780856 3.20287633 0.04313725 0.17647059 0.41960784
v -0.20409842 0.89802628 3.25880888 0.04313725 0.17647059 0.41960784
v -0.20391648 0.88246108 3.20325249 0.04313725 0.17647059 0.41960784
v -0.22000000 0.88853563 3.23650499 0.04313725 0.17647059 0.41960784
v -0.26295497 0.99219144 3.20287633 0.04313725 0.17647059 0.41960784
v -0.23590158 0.98197372 3.25880888 0.04313725 0.17647059 0.41960784
v -0.23608352 0.99753892 3.20325249 0.04313725 0.17647059 0.41960784
v -0.17704503 0.99219144 3.20287633 0.04313725 0.17647059 0.41960784
v -0.20409842 0.98197372 3.25880888 0.04313725 0.17647059 0.41960784
v -0.20391648 0.99753892 3.20325249 0.04313725 0.17647059 0.41960784
v -0.22000000 0.99146437 3.23650499 0.04313725 0.17647059 0.41960784
v -0.22000000 0.92346738 3.29168520 0.04313725 0.17647059 0.41960784
v -0.22000000 0.95653262 3.29168520 0.04313725 0.17647059 0.41960784
v -0.26295497 0.88780856 3.13712367 0.04313725 0.17647059 0.41960784
v -0.23590158 0.89802628 3.08119112 0.04313725 0.17647059 0.41960784
v -0.23608352 0.88246108 3.13674751 0.04313725 0.17647059 0.41960784
v -0.17704503 0.88780856 3.13712367 0.04313725 0.17647059 0.41960784
v -0.20409842 0.89802628 3.08119112 0.04313725 0.17647059 0.41960784
v -0.20391648 0.88246108 3.13674751 0.04313725 0.17647059 0.41960784
v -0.22000000 0.88853563 3.10349501 0.04313725 0.17647059 0.41960784
v -0.26295497 0.99219144 3.13712367 0.04313725 0.17647059 0.41960784
v -0.23590158 0.98197372 3.08119112 0.04313725 0.17647059 0.41960784
v -0.23608352 0.99753892 3.13674751 0.04313725 0.17647059 0.41960784
v -0.17704503 0.99219144 3.13712367 0.04313725 0.17647059 0.41960784
v -0.20409842 0.98197372 3.08119112 0.04313725 0.17647059 0.41960784
v -0.20391648 0.99753892 3.13674751 0.04313725 0.17647059 0.41960784
v -0.22000000 0.99146437 3.10349501 0.04313725 0.17647059 0.41960784
v -0.22000000 0.92346738 3.04831480 0.04313725 0.17647059 0.41960784
v -0.22000000 0.95653262 3.04831480 0.04313725 0.17647059 0.41960784
v -0.15131573 0.98247381 3.14968131 0.04313725 0.17647059 0.41960784
v -0.13459582 0.95572346 3.11511310 0.04313725 0.17647059 0.41960784
v -0.16180926 0.98163555 3.11619634 0.04313725 0.17647059 0.41960784
v -0.15131573 0.89752619 3.14968131 0.04313725 0.17647059 0.41960784
v -0.13459582 0.92427654 3.11511310 0.04313725 0.17647059 0.41960784
v -0.16180926 0.89836445 3.11619634 0.04313725 0.17647059 0.41960784
v -0.19427070 0.91374974 3.06087244 0.04313725 0.17647059 0.41960784
v -0.15049740 0.93028237 3.08223677 0.04313725 0.17647059 0.41960784
v -0.17789278 0.90443899 3.08294384 0.04313725 0.17647059 0.41960784
v -0.19397631 0.93017118 3.04969135 0.04313725 0.17647059 0.41960784
v -0.15186909 0.91426781 3.09564517 0.04313725 0.17647059 0.41960784
v -0.19427070 0.96625026 3.06087244 0.04313725 0.17647059 0.41960784
v -0.15049740 0.94971763 3.08223677 0.04313725 0.17647059 0.41960784
v -0.17789278 0.97556101 3.08294384 0.04313725 0.17647059 0.41960784
v -0.19397631 0.94982882 3.04969135 0.04313725 0.17647059 0.41960784
v -0.15186909 0.96573219 3.09564517 0.04313725 0.17647059 0.41960784
v -0.16795262 0.94000000 3.06239267 0.04313725 0.17647059 0.41960784
v -0.15131573 0.98247381 3.19031869 0.04313725 0.17647059 0.41960784
v -0.13459582 0.95572346 3.22488690 0.04313725 0.17647059 0.41960784
v -0.16180926 0.98163555 3.22380366 0.04313725 0.17647059 0.41960784
v -0.13578557 0.97180673 3.17000000 0.04313725 0.17647059 0.41960784
v -0.15131573 0.89752619 3.19031869 0.04313725 0.17647059 0.41960784
v -0.13459582 0.92427654 3.22488690 0.04313725 0.17647059 0.41960784
v -0.16180926 0.89836445 3.22380366 0.04313725 0.17647059 0.41960784
v -0.13578557 0.90819327 3.17000000 0.04313725 0.17647059 0.41960784
v -0.19427070 0.91374974 3.27912756 0.04313725 0.17647059 0.41960784
v -0.15049740 0.93028237 3.25776323 0.04313725 0.17647059 0.41960784
v -0.17789278 0.90443899 3.25705616 0.04313725 0.17647059 0.41960784
v -0.19397631 0.93017118 3.29030865 0.04313725 0.17647059 0.41960784
v -0.15186909 0.91426781 3.24435483 0.04313725 0.17647059 0.41960784
v -0.19427070 0.96625026 3.27912756 0.04313725 0.17647059 0.41960784
v -0.15049740 0.94971763 3.25776323 0.04313725 0.17647059 0.41960784
v -0.17789278 0.97556101 3.25705616 0.04313725 0.17647059 0.41960784
v -0.19397631 0.94982882 3.29030865 0.04313725 0.17647059 0.41960784
v -0.15186909 0.96573219 3.24435483 0.04313725 0.17647059 0.41960784
v -0.16795262 0.94000000 3.27760733 0.04313725 0.17647059 0.41960784
v -0.12476810 0.94000000 3.13543178 0.04313725 0.17647059 0.41960784
v -0.12476810 0.94000000 3.20456822 0.04313725 0.17647059 0.41960784
v -0.12584540 0.95590337 3.14944883 0.04313725 0.17647059 0.41960784
v -0.12584540 0.92409663 3.14944883 0.04313725 0.17647059 0.41960784
v -0.12584540 0.95590337 3.19055117 0.04313725 0.17647059 0.41960784
v -0.12584540 0.92409663 3.19055117 0.04313725 0.17647059 0.41960784
v -0.28868427 0.98247381 3.14968131 0.04313725 0.17647059 0.41960784
v -0.30540418 0.95572346 3.11511310 0.04313725 0.17647059 0.41960784
v -0.27819074 0.98163555 3.11619634 0.04313725 0.17647059 0.41960784
v -0.28868427 0.89752619 3.14968131 0.04313725 0.17647059 0.41960784
v -0.30540418 0.92427654 3.11511310 0.04313725 0.17647059 0.41960784
v -0.27819074 0.89836445 3.11619634 0.04313725 0.17647059 0.41960784
v -0.24572930 0.91374974 3.06087244 0.04313725 0.17647059 0.41960784
v -0.28950260 0.93028237 3.08223677 0.04313725 0.17647059 0.41960784
v -0.26210722 0.90443899 3.08294384 0.04313725 0.17647059 0.41960784
v -0.24602369 0.93017118 3.04969135 0.04313725 0.17647059 0.41960784
v -0.28813091 0.91426781 3.09564517 0.04313725 0.17647059 0.41960784
v -0.24572930 0.96625026 3.06087244 0.04313725 0.17647059 0.41960784
v -0.28950260 0.94971763 3.08223677 0.04313725 0.17647059 0.41960784
v -0.26210722 0.97556101 3.08294384 0.04313725 0.17647059 0.41960784
v -0.24602369 0.94982882 3.04969135 0.04313725 0.17647059 0.41960784
v -0.28813091 0.96573219 3.09564517 0.04313725 0.17647059 0.41960784
v -0.27204738 0.94000000 3.06239267 0.04313725 0.17647059 0.41960784
v -0.28868427 0.98247381 3.19031869 0.04313725 0.17647059 0.41960784
v -0.30540418 0.95572346 3.22488690 0.04313725 0.17647059 0.41960784
v -0.27819074 0.98163555 3.22380366 0.04313725 0.17647059 0.41960784
v -0.30421443 0.97180673 3.17000000 0.04313725 0.17647059 0.41960784
v -0.28868427 0.89752619 3.19031869 0.04313725 0.17647059 0.41960784
v -0.30540418 0.92427654 3.22488690 0.04313725 0.17647059 0.41960784
v -0.27819074 0.89836445 3.22380366 0.04313725 0.17647059 0.41960784
v -0.30421443 0.90819327 3.17000000 0.04313725 0.17647059 0.41960784
v -0.24572930 0.91374974 3.27912756 0.04313725 0.17647059 0.41960784
v -0.28950260 0.93028237 3.25776323 0.04313725 0.17647059 0.41960784
v -0.26210722 0.90443899 3.25705616 0.04313725 0.17647059 0.41960784
v -0.24602369 0.93017118 3.29030865 0.04313725 0.17647059 0.41960784
v -0.28813091 0.91426781 3.24435483 0.04313725 0.17647059 0.41960784
v -0.24572930 0.96625026 3.27912756 0.04313725 0.17647059 0.41960784
v -0.28950260 0.94971763 3.25776323 0.04313725 0.17647059 0.41960784
v -0.26210722 0.97556101 3.25705616 0.04313725 0.17647059 0.41960784
v -0.24602369 0.94982882 3.29030865 0.04313725 0.17647059 0.41960784
v -0.28813091 0.96573219 3.24435483 0.04313725 0.17647059 0.41960784
v -0.27204738 0.94000000 3.27760733 0.04313725 0.17647059 0.41960784
v -0.31523190 0.94000000 3.13543178 0.04313725 0.17647059 0.41960784
v -0.31523190 0.94000000 3.20456822 0.04313725 0.17647059 0.41960784
v -0.31415460 0.95590337 3.14944883 0.04313725 0.17647059 0.41960784
v -0.31415460 0.92409663 3.14944883 0.04313725 0.17647059 0.41960784
v -0.31415460 0.95590337 3.19055117 0.04313725 0.17647059 0.41960784
v -0.31415460 0.92409663 3.19055117 0.04313725 0.17647059 0.41960784
v -0.24497223 1.03551952 3.15000000 0.03921569 0.10196078 0.23529412
v -0.19502777 1.03551952 3.15000000 0.03921569 0.10196078 0.23529412
v -0.24497223 0.98448048 3.15000000 0.03921569 0.10196078 0.23529412
v -0.19502777 0.98448048 3.15000000 0.03921569 0.10196078 0.23529412
v -0.22000000 0.99422807 3.19253254 0.03921569 0.10196078 0.23529412
v -0.22000000 1.02577193 3.19253254 0.03921569 0.10196078 0.23529412
v -0.22000000 0.99422807 3.10746746 0.03921569 0.10196078 0.23529412
v -0.22000000 1.02577193 3.10746746 0.03921569 0.10196078 0.23529412
v -0.17959409 1.01000000 3.12371344 0.03921569 0.10196078 0.23529412
v -0.17959409 1.01000000 3.17628656 0.03921569 0.10196078 0.23529412
v -0.26040591 1.01000000 3.12371344 0.03921569 0.10196078 0.23529412
v -0.26040591 1.01000000 3.17628656 0.03921569 0.10196078 0.23529412
v -0.22000000 1.04000000 3.15000000 0.03921569 0.10196078 0.23529412
v -0.22000000 0.98000000 3.15000000 0.03921569 0.10196078 0.23529412
v -0.23467831 0.98572949 3.17500000 0.03921569 0.10196078 0.23529412
v -0.20532169 0.98572949 3.17500000 0.03921569 0.10196078 0.23529412
v -0.23467831 1.03427051 3.17500000 0.03921569 0.10196078 0.23529412
v -0.20532169 1.03427051 3.17500000 0.03921569 0.10196078 0.23529412
v -0.22000000 1.01000000 3.20000000 0.03921569 0.10196078 0.23529412
v -0.23467831 0.98572949 3.12500000 0.03921569 0.10196078 0.23529412
v -0.20532169 0.98572949 3.12500000 0.03921569 0.10196078 0.23529412
v -0.23467831 1.03427051 3.12500000 0.03921569 0.10196078 0.23529412
v -0.20532169 1.03427051 3.12500000 0.03921569 0.10196078 0.23529412
v -0.22000000 1.01000000 3.10000000 0.03921569 0.10196078 0.23529412
v -0.18157169 1.02500000 3.13454915 0.03921569 0.10196078 0.23529412
v -0.18157169 0.99500000 3.13454915 0.03921569 0.10196078 0.23529412
v -0.19625000 1.00072949 3.10954915 0.03921569 0.10196078 0.23529412
v -0.19625000 1.01927051 3.10954915 0.03921569 0.10196078 0.23529412
v -0.18157169 1.02500000 3.16545085 0.03921569 0.10196078 0.23529412
v -0.18157169 0.99500000 3.16545085 0.03921569 0.10196078 0.23529412
v -0.19625000 1.00072949 3.19045085 0.03921569 0.10196078 0.23529412
v -0.19625000 1.01927051 3.19045085 0.03921569 0.10196078 0.23529412
v -0.17250000 1.01000000 3.15000000 0.03921569 0.10196078 0.23529412
v -0.25842831 1.02500000 3.13454915 0.03921569 0.10196078 0.23529412
v -0.25842831 0.99500000 3.13454915 0.03921569 0.10196078 0.23529412
v -0.24375000 1.00072949 3.10954915 0.03921569 0.10196078 0.23529412
v -0.24375000 1.01927051 3.10954915 0.03921569 0.10196078 0.23529412
v -0.25842831 1.02500000 3.16545085 0.03921569 0.10196078 0.23529412
v -0.25842831 0.99500000 3.16545085 0.03921569 0.10196078 0.23529412
v -0.24375000 1.00072949 3.19045085 0.03921569 0.10196078 0.23529412
v -0.24375000 1.01927051 3.19045085 0.03921569 0.10196078 0.23529412
v -0.26750000 1.01000000 3.15000000 0.03921569 0.10196078 0.23529412
v -0.26366901 1.06327015 3.26000000 0.98039216 0.98823529 1.00000000
v -0.23633099 1.06327015 3.26000000 0.98039216 0.98823529 1.00000000
v -0.26366901 1.03672985 3.26000000 0.98039216 0.98823529 1.00000000
v -0.23633099 1.03672985 3.26000000 0.98039216 0.98823529 1.00000000
v -0.25000000 1.04179859 3.28211692 0.98039216 0.98823529 1.00000000
v -0.25000000 1.05820141 3.28211692 0.98039216 0.98823529 1.00000000
v -0.25000000 1.04179859 3.23788308 0.98039216 0.98823529 1.00000000
v -0.25000000 1.05820141 3.23788308 0.98039216 0.98823529 1.00000000
v -0.22788308 1.05000000 3.24633099 0.98039216 0.98823529 1.00000000
v -0.22788308 1.05000000 3.27366901 0.98039216 0.98823529 1.00000000
v -0.27211692 1.05000000 3.24633099 0.98039216 0.98823529 1.00000000
v -0.27211692 1.05000000 3.27366901 0.98039216 0.98823529 1.00000000
v -0.25000000 1.06560000 3.26000000 0.98039216 0.98823529 1.00000000
v -0.25000000 1.03440000 3.26000000 0.98039216 0.98823529 1.00000000
v -0.25803444 1.03737933 3.27300000 0.98039216 0.98823529 1.00000000
v -0.24196556 1.03737933 3.27300000 0.98039216 0.98823529 1.00000000
v -0.25803444 1.06262067 3.27300000 0.98039216 0.98823529 1.00000000
v -0.24196556 1.06262067 3.27300000 0.98039216 0.98823529 1.00000000
v -0.25000000 1.05000000 3.28600000 0.98039216 0.98823529 1.00000000
v -0.25803444 1.03737933 3.24700000 0.98039216 0.98823529 1.00000000
v -0.24196556 1.03737933 3.24700000 0.98039216 0.98823529 1.00000000
v -0.25803444 1.06262067 3.24700000 0.98039216 0.98823529 1.00000000
v -0.24196556 1.06262067 3.24700000 0.98039216 0.98823529 1.00000000
v -0.25000000 1.05000000 3.23400000 0.98039216 0.98823529 1.00000000
v -0.22896556 1.05780000 3.25196556 0.98039216 0.98823529 1.00000000
v -0.22896556 1.04220000 3.25196556 0.98039216 0.98823529 1.00000000
v -0.23700000 1.04517933 3.23896556 0.98039216 0.98823529 1.00000000
v -0.23700000 1.05482067 3.23896556 0.98039216 0.98823529 1.00000000
v -0.22896556 1.05780000 3.26803444 0.98039216 0.98823529 1.00000000
v -0.22896556 1.04220000 3.26803444 0.98039216 0.98823529 1.00000000
v -0.23700000 1.04517933 3.28103444 0.98039216 0.98823529 1.00000000
v -0.23700000 1.05482067 3.28103444 0.98039216 0.98823529 1.00000000
v -0.22400000 1.05000000 3.26000000 0.98039216 0.98823529 1.00000000
v -0.27103444 1.05780000 3.25196556 0.98039216 0.98823529 1.00000000
v -0.27103444 1.04220000 3.25196556 0.98039216 0.98823529 1.00000000
v -0.26300000 1.04517933 3.23896556 0.98039216 0.98823529 1.00000000
v -0.26300000 1.05482067 3.23896556 0.98039216 0.98823529 1.00000000
v -0.27103444 1.05780000 3.26803444 0.98039216 0.98823529 1.00000000
v -0.27103444 1.04220000 3.26803444 0.98039216 0.98823529 1.00000000
v -0.26300000 1.04517933 3.28103444 0.98039216 0.98823529 1.00000000
v -0.26300000 1.05482067 3.28103444 0.98039216 0.98823529 1.00000000
v -0.27600000 1.05000000 3.26000000 0.98039216 0.98823529 1.00000000
v 0.15007776 0.93550011 3.18000000 0.98039216 0.98823529 1.00000000
v 0.28992224 0.93550011 3.18000000 0.98039216 0.98823529 1.00000000
v 0.15007776 0.80449989 3.18000000 0.98039216 0.98823529 1.00000000
v 0.28992224 0.80449989 3.18000000 0.98039216 0.98823529 1.00000000
v 0.22000000 0.82951870 3.32886389 0.98039216 0.98823529 1.00000000
v 0.22000000 0.91048130 3.32886389 0.98039216 0.98823529 1.00000000
v 0.22000000 0.82951870 3.03113611 0.98039216 0.98823529 1.00000000
v 0.22000000 0.91048130 3.03113611 0.98039216 0.98823529 1.00000000
v 0.33313656 0.87000000 3.08799706 0.98039216 0.98823529 1.00000000
v 0.33313656 0.87000000 3.27200294 0.98039216 0.98823529 1.00000000
v 0.10686344 0.87000000 3.08799706 0.98039216 0.98823529 1.00000000
v 0.10686344 0.87000000 3.27200294 0.98039216 0.98823529 1.00000000
v 0.22000000 0.94700000 3.18000000 0.98039216 0.98823529 1.00000000
v 0.22000000 0.79300000 3.18000000 0.98039216 0.98823529 1.00000000
v 0.17890074 0.80770569 3.26750000 0.98039216 0.98823529 1.00000000
v 0.26109926 0.80770569 3.26750000 0.98039216 0.98823529 1.00000000
v 0.17890074 0.93229431 3.26750000 0.98039216 0.98823529 1.00000000
v 0.26109926 0.93229431 3.26750000 0.98039216 0.98823529 1.00000000
v 0.22000000 0.87000000 3.35500000 0.98039216 0.98823529 1.00000000
v 0.17890074 0.80770569 3.09250000 0.98039216 0.98823529 1.00000000
v 0.26109926 0.80770569 3.09250000 0.98039216 0.98823529 1.00000000
v 0.17890074 0.93229431 3.09250000 0.98039216 0.98823529 1.00000000
v 0.26109926 0.93229431 3.09250000 0.98039216 0.98823529 1.00000000
v 0.22000000 0.87000000 3.00500000 0.98039216 0.98823529 1.00000000
v 0.32759926 0.90850000 3.12592203 0.98039216 0.98823529 1.00000000
v 0.32759926 0.83150000 3.12592203 0.98039216 0.98823529 1.00000000
v 0.28650000 0.84620569 3.03842203 0.98039216 0.98823529 1.00000000
v 0.28650000 0.89379431 3.03842203 0.98039216 0.98823529 1.00000000
v 0.32759926 0.90850000 3.23407797 0.98039216 0.98823529 1.00000000
v 0.32759926 0.83150000 3.23407797 0.98039216 0.98823529 1.00000000
v 0.28650000 0.84620569 3.32157797 0.98039216 0.98823529 1.00000000
v 0.28650000 0.89379431 3.32157797 0.98039216 0.98823529 1.00000000
v 0.35300000 0.87000000 3.18000000 0.98039216 0.98823529 1.00000000
v 0.11240074 0.90850000 3.12592203 0.98039216 0.98823529 1.00000000
v 0.11240074 0.83150000 3.12592203 0.98039216 0.98823529 1.00000000
v 0.15350000 0.84620569 3.03842203 0.98039216 0.98823529 1.00000000
v 0.15350000 0.89379431 3.03842203 0.98039216 0.98823529 1.00000000
v 0.11240074 0.90850000 3.23407797 0.98039216 0.98823529 1.00000000
v 0.11240074 0.83150000 3.23407797 0.98039216 0.98823529 1.00000000
v 0.15350000 0.84620569 3.32157797 0.98039216 0.98823529 1.00000000
v 0.15350000 0.89379431 3.32157797 0.98039216 0.98823529 1.00000000
v 0.08700000 0.87000000 3.18000000 0.98039216 0.98823529 1.00000000
v 0.18365555 0.94406925 3.18000000 0.98039216 0.98823529 1.00000000
v 0.25634445 0.94406925 3.18000000 0.98039216 0.98823529 1.00000000
v 0.18365555 0.79593075 3.18000000 0.98039216 0.98823529 1.00000000
v 0.25634445 0.79593075 3.18000000 0.98039216 0.98823529 1.00000000
v 0.16229282 0.80357453 3.22548108 0.98039216 0.98823529 1.00000000
v 0.19863727 0.81657890 3.30285813 0.98039216 0.98823529 1.00000000
v 0.19839284 0.79676865 3.22600147 0.98039216 0.98823529 1.00000000
v 0.27770718 0.80357453 3.22548108 0.98039216 0.98823529 1.00000000
v 0.24136273 0.81657890 3.30285813 0.98039216 0.98823529 1.00000000
v 0.24160716 0.79676865 3.22600147 0.98039216 0.98823529 1.00000000
v 0.22000000 0.80449989 3.27200294 0.98039216 0.98823529 1.00000000
v 0.16229282 0.93642547 3.22548108 0.98039216 0.98823529 1.00000000
v 0.19863727 0.92342110 3.30285813 0.98039216 0.98823529 1.00000000
v 0.19839284 0.94323135 3.22600147 0.98039216 0.98823529 1.00000000
v 0.27770718 0.93642547 3.22548108 0.98039216 0.98823529 1.00000000
v 0.24136273 0.92342110 3.30285813 0.98039216 0.98823529 1.00000000
v 0.24160716 0.94323135 3.22600147 0.98039216 0.98823529 1.00000000
v 0.22000000 0.93550011 3.27200294 0.98039216 0.98823529 1.00000000
v 0.22000000 0.84895848 3.34833921 0.98039216 0.98823529 1.00000000
v 0.22000000 0.89104152 3.34833921 0.98039216 0.98823529 1.00000000
v 0.16229282 0.80357453 3.13451892 0.98039216 0.98823529 1.00000000
v 0.19863727 0.81657890 3.05714187 0.98039216 0.98823529 1.00000000
v 0.19839284 0.79676865 3.13399853 0.98039216 0.98823529 1.00000000
v 0.27770718 0.80357453 3.13451892 0.98039216 0.98823529 1.00000000
v 0.24136273 0.81657890 3.05714187 0.98039216 0.98823529 1.00000000
v 0.24160716 0.79676865 3.13399853 0.98039216 0.98823529 1.00000000
v 0.22000000 0.80449989 3.08799706 0.98039216 0.98823529 1.00000000
v 0.16229282 0.93642547 3.13451892 0.98039216 0.98823529 1.00000000
v 0.19863727 0.92342110 3.05714187 0.98039216 0.98823529 1.00000000
v 0.19839284 0.94323135 3.13399853 0.98039216 0.98823529 1.00000000
v 0.27770718 0.93642547 3.13451892 0.98039216 0.98823529 1.00000000
v 0.24136273 0.92342110 3.05714187 0.98039216 0.98823529 1.00000000
v 0.24160716 0.94323135 3.13399853 0.98039216 0.98823529 1.00000000
v 0.22000000 0.93550011 3.08799706 0.98039216 0.98823529 1.00000000
v 0.22000000 0.84895848 3.01166079 0.98039216 0.98823529 1.00000000
v 0.22000000 0.89104152 3.01166079 0.98039216 0.98823529 1.00000000
v 0.31227280 0.92405758 3.15189114 0.98039216 0.98823529 1.00000000
v 0.33473491 0.89001168 3.10406950 0.98039216 0.98823529 1.00000000
v 0.29817544 0.92299070 3.10556805 0.98039216 0.98823529 1.00000000
v 0.31227280 0.81594242 3.15189114 0.98039216 0.98823529 1.00000000
v 0.33473491 0.84998832 3.10406950 0.98039216 0.98823529 1.00000000
v 0.29817544 0.81700930 3.10556805 0.98039216 0.98823529 1.00000000
v 0.25456562 0.83659058 3.02903302 0.98039216 0.98823529 1.00000000
v 0.31337218 0.85763210 3.05858842 0.98039216 0.98823529 1.00000000
v 0.27656828 0.82474054 3.05956658 0.98039216 0.98823529 1.00000000
v 0.25496112 0.85749059 3.01356511 0.98039216 0.98823529 1.00000000
v 0.31152940 0.83724994 3.07713758 0.98039216 0.98823529 1.00000000
v 0.25456562 0.90340942 3.02903302 0.98039216 0.98823529 1.00000000
v 0.31337218 0.88236790 3.05858842 0.98039216 0.98823529 1.00000000
v 0.27656828 0.91525946 3.05956658 0.98039216 0.98823529 1.00000000
v 0.25496112 0.88250941 3.01356511 0.98039216 0.98823529 1.00000000
v 0.31152940 0.90275006 3.07713758 0.98039216 0.98823529 1.00000000
v 0.28992224 0.87000000 3.03113611 0.98039216 0.98823529 1.00000000
v 0.31227280 0.92405758 3.20810886 0.98039216 0.98823529 1.00000000
v 0.33473491 0.89001168 3.25593050 0.98039216 0.98823529 1.00000000
v 0.29817544 0.92299070 3.25443195 0.98039216 0.98823529 1.00000000
v 0.33313656 0.91048130 3.18000000 0.98039216 0.98823529 1.00000000
v 0.31227280 0.81594242 3.20810886 0.98039216 0.98823529 1.00000000
v 0.33473491 0.84998832 3.25593050 0.98039216 0.98823529 1.00000000
v 0.29817544 0.81700930 3.25443195 0.98039216 0.98823529 1.00000000
v 0.33313656 0.82951870 3.18000000 0.98039216 0.98823529 1.00000000
v 0.25456562 0.83659058 3.33096698 0.98039216 0.98823529 1.00000000
v 0.31337218 0.85763210 3.30141158 0.98039216 0.98823529 1.00000000
v 0.27656828 0.82474054 3.30043342 0.98039216 0.98823529 1.00000000
v 0.25496112 0.85749059 3.34643489 0.98039216 0.98823529 1.00000000
v 0.31152940 0.83724994 3.28286242 0.98039216 0.98823529 1.00000000
v 0.25456562 0.90340942 3.33096698 0.98039216 0.98823529 1.00000000
v 0.31337218 0.88236790 3.30141158 0.98039216 0.98823529 1.00000000
v 0.27656828 0.91525946 3.30043342 0.98039216 0.98823529 1.00000000
v 0.25496112 0.88250941 3.34643489 0.98039216 0.98823529 1.00000000
v 0.31152940 0.90275006 3.28286242 0.98039216 0.98823529 1.00000000
v 0.28992224 0.87000000 3.32886389 0.98039216 0.98823529 1.00000000
v 0.34793780 0.87000000 3.13217836 0.98039216 0.98823529 1.00000000
v 0.34793780 0.87000000 3.22782164 0.98039216 0.98823529 1.00000000
v 0.34649052 0.89024065 3.15156953 0.98039216 0.98823529 1.00000000
v 0.34649052 0.84975935 3.15156953 0.98039216 0.98823529 1.00000000
v 0.34649052 0.89024065 3.20843047 0.98039216 0.98823529 1.00000000
v 0.34649052 0.84975935 3.20843047 0.98039216 0.98823529 1.00000000
v 0.12772720 0.92405758 3.15189114 0.98039216 0.98823529 1.00000000
v 0.10526509 0.89001168 3.10406950 0.98039216 0.98823529 1.00000000
v 0.14182456 0.92299070 3.10556805 0.98039216 0.98823529 1.00000000
v 0.12772720 0.81594242 3.15189114 0.98039216 0.98823529 1.00000000
v 0.10526509 0.84998832 3.10406950 0.98039216 0.98823529 1.00000000
v 0.14182456 0.81700930 3.10556805 0.98039216 0.98823529 1.00000000
v 0.18543438 0.83659058 3.02903302 0.98039216 0.98823529 1.00000000
v 0.12662782 0.85763210 3.05858842 0.98039216 0.98823529 1.00000000
v 0.16343172 0.82474054 3.05956658 0.98039216 0.98823529 1.00000000
v 0.18503888 0.85749059 3.01356511 0.98039216 0.98823529 1.00000000
v 0.12847060 0.83724994 3.07713758 0.98039216 0.98823529 1.00000000
v 0.18543438 0.90340942 3.02903302 0.98039216 0.98823529 1.00000000
v 0.12662782 0.88236790 3.05858842 0.98039216 0.98823529 1.00000000
v 0.16343172 0.91525946 3.05956658 0.98039216 0.98823529 1.00000000
v 0.18503888 0.88250941 3.01356511 0.98039216 0.98823529 1.00000000
v 0.12847060 0.90275006 3.07713758 0.98039216 0.98823529 1.00000000
v 0.15007776 0.87000000 3.03113611 0.98039216 0.98823529 1.00000000
v 0.12772720 0.92405758 3.20810886 0.98039216 0.98823529 1.00000000
v 0.10526509 0.89001168 3.25593050 0.98039216 0.98823529 1.00000000
v 0.14182456 0.92299070 3.25443195 0.98039216 0.98823529 1.00000000
v 0.10686344 0.91048130 3.18000000 0.98039216 0.98823529 1.00000000
v 0.12772720 0.81594242 3.20810886 0.98039216 0.98823529 1.00000000
v 0.10526509 0.84998832 3.25593050 0.98039216 0.98823529 1.00000000
v 0.14182456 0.81700930 3.25443195 0.98039216 0.98823529 1.00000000
v 0.10686344 0.82951870 3.18000000 0.98039216 0.98823529 1.00000000
v 0.18543438 0.83659058 3.33096698 0.98039216 0.98823529 1.00000000
v 0.12662782 0.85763210 3.30141158 0.98039216 0.98823529 1.00000000
v 0.16343172 0.82474054 3.30043342 0.98039216 0.98823529 1.00000000
v 0.18503888 0.85749059 3.34643489 0.98039216 0.98823529 1.00000000
v 0.12847060 0.83724994 3.28286242 0.98039216 0.98823529 1.00000000
v 0.18543438 0.90340942 3.33096698 0.98039216 0.98823529 1.00000000
v 0.12662782 0.88236790 3.30141158 0.98039216 0.98823529 1.00000000
v 0.16343172 0.91525946 3.30043342 0.98039216 0.98823529 1.00000000
v 0.18503888 0.88250941 3.34643489 0.98039216 0.98823529 1.00000000
v 0.12847060 0.90275006 3.28286242 0.98039216 0.98823529 1.00000000
v 0.15007776 0.87000000 3.32886389 0.98039216 0.98823529 1.00000000
v 0.09206220 0.87000000 3.13217836 0.98039216 0.98823529 1.00000000
v 0.09206220 0.87000000 3.22782164 0.98039216 0.98823529 1.00000000
v 0.09350948 0.89024065 3.15156953 0.98039216 0.98823529 1.00000000
v 0.09350948 0.84975935 3.15156953 0.98039216 0.98823529 1.00000000
v 0.09350948 0.89024065 3.20843047 0.98039216 0.98823529 1.00000000
v 0.09350948 0.84975935 3.20843047 0.98039216 0.98823529 1.00000000
v 0.16795262 0.99146437 3.17000000 0.04313725 0.17647059 0.41960784
v 0.27204738 0.99146437 3.17000000 0.04313725 0.17647059 0.41960784
v 0.16795262 0.88853563 3.17000000 0.04313725 0.17647059 0.41960784
v 0.27204738 0.88853563 3.17000000 0.04313725 0.17647059 0.41960784
v 0.22000000 0.90819327 3.27760733 0.04313725 0.17647059 0.41960784
v 0.22000000 0.97180673 3.27760733 0.04313725 0.17647059 0.41960784
v 0.22000000 0.90819327 3.06239267 0.04313725 0.17647059 0.41960784
v 0.22000000 0.97180673 3.06239267 0.04313725 0.17647059 0.41960784
v 0.30421443 0.94000000 3.10349501 0.04313725 0.17647059 0.41960784
v 0.30421443 0.94000000 3.23650499 0.04313725 0.17647059 0.41960784
v 0.13578557 0.94000000 3.10349501 0.04313725 0.17647059 0.41960784
v 0.13578557 0.94000000 3.23650499 0.04313725 0.17647059 0.41960784
v 0.22000000 1.00050000 3.17000000 0.04313725 0.17647059 0.41960784
v 0.22000000 0.87950000 3.17000000 0.04313725 0.17647059 0.41960784
v 0.18940732 0.89105447 3.23325000 0.04313725 0.17647059 0.41960784
v 0.25059268 0.89105447 3.23325000 0.04313725 0.17647059 0.41960784
v 0.18940732 0.98894553 3.23325000 0.04313725 0.17647059 0.41960784
v 0.25059268 0.98894553 3.23325000 0.04313725 0.17647059 0.41960784
v 0.22000000 0.94000000 3.29650000 0.04313725 0.17647059 0.41960784
v 0.18940732 0.89105447 3.10675000 0.04313725 0.17647059 0.41960784
v 0.25059268 0.89105447 3.10675000 0.04313725 0.17647059 0.41960784
v 0.18940732 0.98894553 3.10675000 0.04313725 0.17647059 0.41960784
v 0.25059268 0.98894553 3.10675000 0.04313725 0.17647059 0.41960784
v 0.22000000 0.94000000 3.04350000 0.04313725 0.17647059 0.41960784
v 0.30009268 0.97025000 3.13090935 0.04313725 0.17647059 0.41960784
v 0.30009268 0.90975000 3.13090935 0.04313725 0.17647059 0.41960784
v 0.26950000 0.92130447 3.06765935 0.04313725 0.17647059 0.41960784
v 0.26950000 0.95869553 3.06765935 0.04313725 0.17647059 0.41960784
v 0.30009268 0.97025000 3.20909065 0.04313725 0.17647059 0.41960784
v 0.30009268 0.90975000 3.20909065 0.04313725 0.17647059 0.41960784
v 0.26950000 0.92130447 3.27234065 0.04313725 0.17647059 0.41960784
v 0.26950000 0.95869553 3.27234065 0.04313725 0.17647059 0.41960784
v 0.31900000 0.94000000 3.17000000 0.04313725 0.17647059 0.41960784
v 0.13990732 0.97025000 3.13090935 0.04313725 0.17647059 0.41960784
v 0.13990732 0.90975000 3.13090935 0.04313725 0.17647059 0.41960784
v 0.17050000 0.92130447 3.06765935 0.04313725 0.17647059 0.41960784
v 0.17050000 0.95869553 3.06765935 0.04313725 0.17647059 0.41960784
v 0.13990732 0.97025000 3.20909065 0.04313725 0.17647059 0.41960784
v 0.13990732 0.90975000 3.20909065 0.04313725 0.17647059 0.41960784
v 0.17050000 0.92130447 3.27234065 0.04313725 0.17647059 0.41960784
v 0.17050000 0.95869553 3.27234065 0.04313725 0.17647059 0.41960784
v 0.12100000 0.94000000 3.17000000 0.04313725 0.17647059 0.41960784
v 0.19294661 0.99819727 3.17000000 0.04313725 0.17647059 0.41960784
v 0.24705339 0.99819727 3.17000000 0.04313725 0.17647059 0.41960784
v 0.19294661 0.88180273 3.17000000 0.04313725 0.17647059 0.41960784
v 0.24705339 0.88180273 3.17000000 0.04313725 0.17647059 0.41960784
v 0.17704503 0.88780856 3.20287633 0.04313725 0.17647059 0.41960784
v 0.20409842 0.89802628 3.25880888 0.04313725 0.17647059 0.41960784
v 0.20391648 0.88246108 3.20325249 0.04313725 0.17647059 0.41960784
v 0.26295497 0.88780856 3.20287633 0.04313725 0.17647059 0.41960784
v 0.23590158 0.89802628 3.25880888 0.04313725 0.17647059 0.41960784
v 0.23608352 0.88246108 3.20325249 0.04313725 0.17647059 0.41960784
v 0.22000000 0.88853563 3.23650499 0.04313725 0.17647059 0.41960784
v 0.17704503 0.99219144 3.20287633 0.04313725 0.17647059 0.41960784
v 0.20409842 0.98197372 3.25880888 0.04313725 0.17647059 0.41960784
v 0.20391648 0.99753892 3.20325249 0.04313725 0.17647059 0.41960784
v 0.26295497 0.99219144 3.20287633 0.04313725 0.17647059 0.41960784
v 0.23590158 0.98197372 3.25880888 0.04313725 0.17647059 0.41960784
v 0.23608352 0.99753892 3.20325249 0.04313725 0.17647059 0.41960784
v 0.22000000 0.99146437 3.23650499 0.04313725 0.17647059 0.41960784
v 0.22000000 0.92346738 3.29168520 0.04313725 0.17647059 0.41960784
v 0.22000000 0.95653262 3.29168520 0.04313725 0.17647059 0.41960784
v 0.17704503 0.88780856 3.13712367 0.04313725 0.17647059 0.41960784
v 0.20409842 0.89802628 3.08119112 0.04313725 0.17647059 0.41960784
v 0.20391648 0.88246108 3.13674751 0.04313725 0.17647059 0.41960784
v 0.26295497 0.88780856 3.13712367 0.04313725 0.17647059 0.41960784
v 0.23590158 0.89802628 3.08119112 0.04313725 0.17647059 0.41960784
v 0.23608352 0.88246108 3.13674751 0.04313725 0.17647059 0.41960784
v 0.22000000 0.88853563 3.10349501 0.04313725 0.17647059 0.41960784
v 0.17704503 0.99219144 3.13712367 0.04313725 0.17647059 0.41960784
v 0.20409842 0.98197372 3.08119112 0.04313725 0.17647059 0.41960784
v 0.20391648 0.99753892 3.13674751 0.04313725 0.17647059 0.41960784
v 0.26295497 0.99219144 3.13712367 0.04313725 0.17647059 0.41960784
v 0.23590158 0.98197372 3.08119112 0.04313725 0.17647059 0.41960784
v 0.23608352 0.99753892 3.13674751 0.04313725 0.17647059 0.41960784
v 0.22000000 0.99146437 3.10349501 0.04313725 0.17647059 0.41960784
v 0.22000000 0.92346738 3.04831480 0.04313725 0.17647059 0.41960784
v 0.22000000 0.95653262 3.04831480 0.04313725 0.17647059 0.41960784
v 0.28868427 0.98247381 3.14968131 0.04313725 0.17647059 0.41960784
v 0.30540418 0.95572346 3.11511310 0.04313725 0.17647059 0.41960784
v 0.27819074 0.98163555 3.11619634 0.04313725 0.17647059 0.41960784
v 0.28868427 0.89752619 3.14968131 0.04313725 0.17647059 0.41960784
v 0.30540418 0.92427654 3.11511310 0.04313725 0.17647059 0.41960784
v 0.27819074 0.89836445 3.11619634 0.04313725 0.17647059 0.41960784
v 0.24572930 0.91374974 3.06087244 0.04313725 0.17647059 0.41960784
v 0.28950260 0.93028237 3.08223677 0.04313725 0.17647059 0.41960784
v 0.26210722 0.90443899 3.08294384 0.04313725 0.17647059 0.41960784
v 0.24602369 0.93017118 3.04969135 0.04313725 0.17647059 0.41960784
v 0.28813091 0.91426781 3.09564517 0.04313725 0.17647059 0.41960784
v 0.24572930 0.96625026 3.06087244 0.04313725 0.17647059 0.41960784
v 0.28950260 0.94971763 3.08223677 0.04313725 0.17647059 0.41960784
v 0.26210722 0.97556101 3.08294384 0.04313725 0.17647059 0.41960784
v 0.24602369 0.94982882 3.04969135 0.04313725 0.17647059 0.41960784
v 0.28813091 0.96573219 3.09564517 0.04313725 0.17647059 0.41960784
v 0.27204738 0.94000000 3.06239267 0.04313725 0.17647059 0.41960784
v 0.28868427 0.98247381 3.19031869 0.04313725 0.17647059 0.41960784
v 0.30540418 0.95572346 3.22488690 0.04313725 0.17647059 0.41960784
v 0.27819074 0.98163555 3.22380366 0.04313725 0.17647059 0.41960784
v 0.30421443 0.97180673 3.17000000 0.04313725 0.17647059 0.41960784
v 0.28868427 0.89752619 3.19031869 0.04313725 0.17647059 0.41960784
v 0.30540418 0.92427654 3.22488690 0.04313725 0.17647059 0.41960784
v 0.27819074 0.89836445 3.22380366 0.04313725 0.17647059 0.41960784
v 0.30421443 0.90819327 3.17000000 0.04313725 0.17647059 0.41960784
v 0.24572930 0.91374974 3.27912756 0.04313725 0.17647059 0.41960784
v 0.28950260 0.93028237 3.25776323 0.04313725 0.17647059 0.41960784
v 0.26210722 0.90443899 3.25705616 0.04313725 0.17647059 0.41960784
v 0.24602369 0.93017118 3.29030865 0.04313725 0.17647059 0.41960784
v 0.28813091 0.91426781 3.24435483 0.04313725 0.17647059 0.41960784
v 0.24572930 0.96625026 3.27912756 0.04313725 0.17647059 0.41960784
v 0.28950260 0.94971763 3.25776323 0.04313725 0.17647059 0.41960784
v 0.26210722 0.97556101 3.25705616 0.04313725 0.17647059 0.41960784
v 0.24602369 0.94982882 3.29030865 0.04313725 0.17647059 0.41960784
v 0.28813091 0.96573219 3.24435483 0.04313725 0.17647059 0.41960784
v 0.27204738 0.94000000 3.27760733 0.04313725 0.17647059 0.41960784
v 0.31523190 0.94000000 3.13543178 0.04313725 0.17647059 0.41960784
v 0.31523190 0.94000000 3.20456822 0.04313725 0.17647059 0.41960784
v 0.31415460 0.95590337 3.14944883 0.04313725 0.17647059 0.41960784
v 0.31415460 0.92409663 3.14944883 0.04313725 0.17647059 0.41960784
v 0.31415460 0.95590337 3.19055117 0.04313725 0.17647059 0.41960784
v 0.31415460 0.92409663 3.19055117 0.04313725 0.17647059 0.41960784
v 0.15131573 0.98247381 3.14968131 0.04313725 0.17647059 0.41960784
v 0.13459582 0.95572346 3.11511310 0.04313725 0.17647059 0.41960784
v 0.16180926 0.98163555 3.11619634 0.04313725 0.17647059 0.41960784
v 0.15131573 0.89752619 3.14968131 0.04313725 0.17647059 0.41960784
v 0.13459582 0.92427654 3.11511310 0.04313725 0.17647059 0.41960784
v 0.16180926 0.89836445 3.11619634 0.04313725 0.17647059 0.41960784
v 0.19427070 0.91374974 3.06087244 0.04313725 0.17647059 0.41960784
v 0.15049740 0.93028237 3.08223677 0.04313725 0.17647059 0.41960784
v 0.17789278 0.90443899 3.08294384 0.04313725 0.17647059 0.41960784
v 0.19397631 0.93017118 3.04969135 0.04313725 0.17647059 0.41960784
v 0.15186909 0.91426781 3.09564517 0.04313725 0.17647059 0.41960784
v 0.19427070 0.96625026 3.06087244 0.04313725 0.17647059 0.41960784
v 0.15049740 0.94971763 3.08223677 0.04313725 0.17647059 0.41960784
v 0.17789278 0.97556101 3.08294384 0.04313725 0.17647059 0.41960784
v 0.19397631 0.94982882 3.04969135 0.04313725 0.17647059 0.41960784
v 0.15186909 0.96573219 3.09564517 0.04313725 0.17647059 0.41960784
v 0.16795262 0.94000000 3.06239267 0.04313725 0.17647059 0.41960784
v 0.15131573 0.98247381 3.19031869 0.04313725 0.17647059 0.41960784
v 0.13459582 0.95572346 3.22488690 0.04313725 0.17647059 0.41960784
v 0.16180926 0.98163555 3.22380366 0.04313725 0.17647059 0.41960784
v 0.13578557 0.97180673 3.17000000 0.04313725 0.17647059 0.41960784
v 0.15131573 0.89752619 3.19031869 0.04313725 0.17647059 0.41960784
v 0.13459582 0.92427654 3.22488690 0.04313725 0.17647059 0.41960784
v 0.16180926 0.89836445 3.22380366 0.04313725 0.17647059 0.41960784
v 0.13578557 0.90819327 3.17000000 0.04313725 0.17647059 0.41960784
v 0.19427070 0.91374974 3.27912756 0.04313725 0.17647059 0.41960784
v 0.15049740 0.93028237 3.25776323 0.04313725 0.17647059 0.41960784
v 0.17789278 0.90443899 3.25705616 0.04313725 0.17647059 0.41960784
v 0.19397631 0.93017118 3.29030865 0.04313725 0.17647059 0.41960784
v 0.15186909 0.91426781 3.24435483 0.04313725 0.17647059 0.41960784
v 0.19427070 0.96625026 3.27912756 0.04313725 0.17647059 0.41960784
v 0.15049740 0.94971763 3.25776323 0.04313725 0.17647059 0.41960784
v 0.17789278 0.97556101 3.25705616 0.04313725 0.17647059 0.41960784
v 0.19397631 0.94982882 3.29030865 0.04313725 0.17647059 0.41960784
v 0.15186909 0.96573219 3.24435483 0.04313725 0.17647059 0.41960784
v 0.16795262 0.94000000 3.27760733 0.04313725 0.17647059 0.41960784
v 0.12476810 0.94000000 3.13543178 0.04313725 0.17647059 0.41960784
v 0.12476810 0.94000000 3.20456822 0.04313725 0.17647059 0.41960784
v 0.12584540 0.95590337 3.14944883 0.04313725 0.17647059 0.41960784
v 0.12584540 0.92409663 3.14944883 0.04313725 0.17647059 0.41960784
v 0.12584540 0.95590337 3.19055117 0.04313725 0.17647059 0.41960784
v 0.12584540 0.92409663 3.19055117 0.04313725 0.17647059 0.41960784
v 0.19502777 1.03551952 3.15000000 0.03921569 0.10196078 0.23529412
v 0.24497223 1.03551952 3.15000000 0.03921569 0.10196078 0.23529412
v 0.19502777 0.98448048 3.15000000 0.03921569 0.10196078 0.23529412
v 0.24497223 0.98448048 3.15000000 0.03921569 0.10196078 0.23529412
v 0.22000000 0.99422807 3.19253254 0.03921569 0.10196078 0.23529412
v 0.22000000 1.02577193 3.19253254 0.03921569 0.10196078 0.23529412
v 0.22000000 0.99422807 3.10746746 0.03921569 0.10196078 0.23529412
v 0.22000000 1.02577193 3.10746746 0.03921569 0.10196078 0.23529412
v 0.26040591 1.01000000 3.12371344 0.03921569 0.10196078 0.23529412
v 0.26040591 1.01000000 3.17628656 0.03921569 0.10196078 0.23529412
v 0.17959409 1.01000000 3.12371344 0.03921569 0.10196078 0.23529412
v 0.17959409 1.01000000 3.17628656 0.03921569 0.10196078 0.23529412
v 0.22000000 1.04000000 3.15000000 0.03921569 0.10196078 0.23529412
v 0.22000000 0.98000000 3.15000000 0.03921569 0.10196078 0.23529412
v 0.20532169 0.98572949 3.17500000 0.03921569 0.10196078 0.23529412
v 0.23467831 0.98572949 3.17500000 0.03921569 0.10196078 0.23529412
v 0.20532169 1.03427051 3.17500000 0.03921569 0.10196078 0.23529412
v 0.23467831 1.03427051 3.17500000 0.03921569 0.10196078 0.23529412
v 0.22000000 1.01000000 3.20000000 0.03921569 0.10196078 0.23529412
v 0.20532169 0.98572949 3.12500000 0.03921569 0.10196078 0.23529412
v 0.23467831 0.98572949 3.12500000 0.03921569 0.10196078 0.23529412
v 0.20532169 1.03427051 3.12500000 0.03921569 0.10196078 0.23529412
v 0.23467831 1.03427051 3.12500000 0.03921569 0.10196078 0.23529412
v 0.22000000 1.01000000 3.10000000 0.03921569 0.10196078 0.23529412
v 0.25842831 1.02500000 3.13454915 0.03921569 0.10196078 0.23529412
v 0.25842831 0.99500000 3.13454915 0.03921569 0.10196078 0.23529412
v 0.24375000 1.00072949 3.10954915 0.03921569 0.10196078 0.23529412
v 0.24375000 1.01927051 3.10954915 0.03921569 0.10196078 0.23529412
v 0.25842831 1.02500000 3.16545085 0.03921569 0.10196078 0.23529412
v 0.25842831 0.99500000 3.16545085 0.03921569 0.10196078 0.23529412
v 0.24375000 1.00072949 3.19045085 0.03921569 0.10196078 0.23529412
v 0.24375000 1.01927051 3.19045085 0.03921569 0.10196078 0.23529412
v 0.26750000 1.01000000 3.15000000 0.03921569 0.10196078 0.23529412
v 0.18157169 1.02500000 3.13454915 0.03921569 0.10196078 0.23529412
v 0.18157169 0.99500000 3.13454915 0.03921569 0.10196078 0.23529412
v 0.19625000 1.00072949 3.10954915 0.03921569 0.10196078 0.23529412
v 0.19625000 1.01927051 3.10954915 0.03921569 0.10196078 0.23529412
v 0.18157169 1.02500000 3.16545085 0.03921569 0.10196078 0.23529412
v 0.18157169 0.99500000 3.16545085 0.03921569 0.10196078 0.23529412
v 0.19625000 1.00072949 3.19045085 0.03921569 0.10196078 0.23529412
v 0.19625000 1.01927051 3.19045085 0.03921569 0.10196078 0.23529412
v 0.17250000 1.01000000 3.15000000 0.03921569 0.10196078 0.23529412
v 0.17633099 1.06327015 3.26000000 0.98039216 0.98823529 1.00000000
v 0.20366901 1.06327015 3.26000000 0.98039216 0.98823529 1.00000000
v 0.17633099 1.03672985 3.26000000 0.98039216 0.98823529 1.00000000
v 0.20366901 1.03672985 3.26000000 0.98039216 0.98823529 1.00000000
v 0.19000000 1.04179859 3.28211692 0.98039216 0.98823529 1.00000000
v 0.19000000 1.05820141 3.28211692 0.98039216 0.98823529 1.00000000
v 0.19000000 1.04179859 3.23788308 0.98039216 0.98823529 1.00000000
v 0.19000000 1.05820141 3.23788308 0.98039216 0.98823529 1.00000000
v 0.21211692 1.05000000 3.24633099 0.98039216 0.98823529 1.00000000
v 0.21211692 1.05000000 3.27366901 0.98039216 0.98823529 1.00000000
v 0.16788308 1.05000000 3.24633099 0.98039216 0.98823529 1.00000000
v 0.16788308 1.05000000 3.27366901 0.98039216 0.98823529 1.00000000
v 0.19000000 1.06560000 3.26000000 0.98039216 0.98823529 1.00000000
v 0.19000000 1.03440000 3.26000000 0.98039216 0.98823529 1.00000000
v 0.18196556 1.03737933 3.27300000 0.98039216 0.98823529 1.00000000
v 0.19803444 1.03737933 3.27300000 0.98039216 0.98823529 1.00000000
v 0.18196556 1.06262067 3.27300000 0.98039216 0.98823529 1.00000000
v 0.19803444 1.06262067 3.27300000 0.98039216 0.98823529 1.00000000
v 0.19000000 1.05000000 3.28600000 0.98039216 0.98823529 1.00000000
v 0.18196556 1.03737933 3.24700000 0.98039216 0.98823529 1.00000000
v 0.19803444 1.03737933 3.24700000 0.98039216 0.98823529 1.00000000
v 0.18196556 1.06262067 3.24700000 0.98039216 0.98823529 1.00000000
v 0.19803444 1.06262067 3.24700000 0.98039216 0.98823529 1.00000000
v 0.19000000 1.05000000 3.23400000 0.98039216 0.98823529 1.00000000
v 0.21103444 1.05780000 3.25196556 0.98039216 0.98823529 1.00000000
v 0.21103444 1.04220000 3.25196556 0.98039216 0.98823529 1.00000000
v 0.20300000 1.04517933 3.23896556 0.98039216 0.98823529 1.00000000
v 0.20300000 1.05482067 3.23896556 0.98039216 0.98823529 1.00000000
v 0.21103444 1.05780000 3.26803444 0.98039216 0.98823529 1.00000000
v 0.21103444 1.04220000 3.26803444 0.98039216 0.98823529 1.00000000
v 0.20300000 1.04517933 3.28103444 0.98039216 0.98823529 1.00000000
v 0.20300000 1.05482067 3.28103444 0.98039216 0.98823529 1.00000000
v 0.21600000 1.05000000 3.26000000 0.98039216 0.98823529 1.00000000
v 0.16896556 1.05780000 3.25196556 0.98039216 0.98823529 1.00000000
v 0.16896556 1.04220000 3.25196556 0.98039216 0.98823529 1.00000000
v 0.17700000 1.04517933 3.23896556 0.98039216 0.98823529 1.00000000
v 0.17700000 1.05482067 3.23896556 0.98039216 0.98823529 1.00000000
v 0.16896556 1.05780000 3.26803444 0.98039216 0.98823529 1.00000000
v 0.16896556 1.04220000 3.26803444 0.98039216 0.98823529 1.00000000
v 0.17700000 1.04517933 3.28103444 0.98039216 0.98823529 1.00000000
v 0.17700000 1.05482067 3.28103444 0.98039216 0.98823529 1.00000000
v 0.16400000 1.05000000 3.26000000 0.98039216 0.98823529 1.00000000
v -0.34063078 0.69773817 3.50000000 0.03921569 0.10196078 0.23529412
v -0.34063078 0.69773817 3.47000000 0.03921569 0.10196078 0.23529412
v -0.15936922 0.78226183 3.47000000 0.03921569 0.10196078 0.23529412
v -0.15936922 0.78226183 3.50000000 0.03921569 0.10196078 0.23529412
v -0.34391223 0.70477527 3.47102223 0.03921569 0.10196078 0.23529412
v -0.16265067 0.78929892 3.47102223 0.03921569 0.10196078 0.23529412
v -0.34697005 0.71133279 3.47401924 0.03921569 0.10196078 0.23529412
v -0.16570850 0.79585644 3.47401924 0.03921569 0.10196078 0.23529412
v -0.34959587 0.71696387 3.47878680 0.03921569 0.10196078 0.23529412
v -0.16833431 0.80148752 3.47878680 0.03921569 0.10196078 0.23529412
v -0.35161072 0.72128474 3.48500000 0.03921569 0.10196078 0.23529412
v -0.17034917 0.80580839 3.48500000 0.03921569 0.10196078 0.23529412
v -0.35287732 0.72400096 3.49223543 0.03921569 0.10196078 0.23529412
v -0.17161576 0.80852461 3.49223543 0.03921569 0.10196078 0.23529412
v -0.35330933 0.72492741 3.50000000 0.03921569 0.10196078 0.23529412
v -0.17204777 0.80945106 3.50000000 0.03921569 0.10196078 0.23529412
v -0.35287732 0.72400096 3.50776457 0.03921569 0.10196078 0.23529412
v -0.17161576 0.80852461 3.50776457 0.03921569 0.10196078 0.23529412
v -0.35161072 0.72128474 3.51500000 0.03921569 0.10196078 0.23529412
v -0.17034917 0.80580839 3.51500000 0.03921569 0.10196078 0.23529412
v -0.34959587 0.71696387 3.52121320 0.03921569 0.10196078 0.23529412
v -0.16833431 0.80148752 3.52121320 0.03921569 0.10196078 0.23529412
v -0.34697005 0.71133279 3.52598076 0.03921569 0.10196078 0.23529412
v -0.16570850 0.79585644 3.52598076 0.03921569 0.10196078 0.23529412
v -0.34391223 0.70477527 3.52897777 0.03921569 0.10196078 0.23529412
v -0.16265067 0.78929892 3.52897777 0.03921569 0.10196078 0.23529412
v -0.34063078 0.69773817 3.53000000 0.03921569 0.10196078 0.23529412
v -0.15936922 0.78226183 3.53000000 0.03921569 0.10196078 0.23529412
v -0.33734933 0.69070108 3.52897777 0.03921569 0.10196078 0.23529412
v -0.15608777 0.77522473 3.52897777 0.03921569 0.10196078 0.23529412
v -0.33429150 0.68414356 3.52598076 0.03921569 0.10196078 0.23529412
v -0.15302995 0.76866721 3.52598076 0.03921569 0.10196078 0.23529412
v -0.33166569 0.67851248 3.52121320 0.03921569 0.10196078 0.23529412
v -0.15040413 0.76303613 3.52121320 0.03921569 0.10196078 0.23529412
v -0.32965083 0.67419161 3.51500000 0.03921569 0.10196078 0.23529412
v -0.14838928 0.75871526 3.51500000 0.03921569 0.10196078 0.23529412
v -0.32838424 0.67147539 3.50776457 0.03921569 0.10196078 0.23529412
v -0.14712268 0.75599904 3.50776457 0.03921569 0.10196078 0.23529412
v -0.32795223 0.67054894 3.50000000 0.03921569 0.10196078 0.23529412
v -0.14669067 0.75507259 3.50000000 0.03921569 0.10196078 0.23529412
v -0.32838424 0.67147539 3.49223543 0.03921569 0.10196078 0.23529412
v -0.14712268 0.75599904 3.49223543 0.03921569 0.10196078 0.23529412
v -0.32965083 0.67419161 3.48500000 0.03921569 0.10196078 0.23529412
v -0.14838928 0.75871526 3.48500000 0.03921569 0.10196078 0.23529412
v -0.33166569 0.67851248 3.47878680 0.03921569 0.10196078 0.23529412
v -0.15040413 0.76303613 3.47878680 0.03921569 0.10196078 0.23529412
v -0.33429150 0.68414356 3.47401924 0.03921569 0.10196078 0.23529412
v -0.15302995 0.76866721 3.47401924 0.03921569 0.10196078 0.23529412
v -0.33734933 0.69070108 3.47102223 0.03921569 0.10196078 0.23529412
v -0.15608777 0.77522473 3.47102223 0.03921569 0.10196078 0.23529412
v 0.15936922 0.78226183 3.50000000 0.03921569 0.10196078 0.23529412
v 0.15936922 0.78226183 3.47000000 0.03921569 0.10196078 0.23529412
v 0.34063078 0.69773817 3.47000000 0.03921569 0.10196078 0.23529412
v 0.34063078 0.69773817 3.50000000 0.03921569 0.10196078 0.23529412
v 0.16265067 0.78929892 3.47102223 0.03921569 0.10196078 0.23529412
v 0.34391223 0.70477527 3.47102223 0.03921569 0.10196078 0.23529412
v 0.16570850 0.79585644 3.47401924 0.03921569 0.10196078 0.23529412
v 0.34697005 0.71133279 3.47401924 0.03921569 0.10196078 0.23529412
v 0.16833431 0.80148752 3.47878680 0.03921569 0.10196078 0.23529412
v 0.34959587 0.71696387 3.47878680 0.03921569 0.10196078 0.23529412
v 0.17034917 0.80580839 3.48500000 0.03921569 0.10196078 0.23529412
v 0.35161072 0.72128474 3.48500000 0.03921569 0.10196078 0.23529412
v 0.17161576 0.80852461 3.49223543 0.03921569 0.10196078 0.23529412
v 0.35287732 0.72400096 3.49223543 0.03921569 0.10196078 0.23529412
v 0.17204777 0.80945106 3.50000000 0.03921569 0.10196078 0.23529412
v 0.35330933 0.72492741 3.50000000 0.03921569 0.10196078 0.23529412
v 0.17161576 0.80852461 3.50776457 0.03921569 0.10196078 0.23529412
v 0.35287732 0.72400096 3.50776457 0.03921569 0.10196078 0.23529412
v 0.17034917 0.80580839 3.51500000 0.03921569 0.10196078 0.23529412
v 0.35161072 0.72128474 3.51500000 0.03921569 0.10196078 0.23529412
v 0.16833431 0.80148752 3.52121320 0.03921569 0.10196078 0.23529412
v 0.34959587 0.71696387 3.52121320 0.03921569 0.10196078 0.23529412
v 0.16570850 0.79585644 3.52598076 0.03921569 0.10196078 0.23529412
v 0.34697005 0.71133279 3.52598076 0.03921569 0.10196078 0.23529412
v 0.16265067 0.78929892 3.52897777 0.03921569 0.10196078 0.23529412
v 0.34391223 0.70477527 3.52897777 0.03921569 0.10196078 0.23529412
v 0.15936922 0.78226183 3.53000000 0.03921569 0.10196078 0.23529412
v 0.34063078 0.69773817 3.53000000 0.03921569 0.10196078 0.23529412
v 0.15608777 0.77522473 3.52897777 0.03921569 0.10196078 0.23529412
v 0.33734933 0.69070108 3.52897777 0.03921569 0.10196078 0.23529412
v 0.15302995 0.76866721 3.52598076 0.03921569 0.10196078 0.23529412
v 0.33429150 0.68414356 3.52598076 0.03921569 0.10196078 0.23529412
v 0.15040413 0.76303613 3.52121320 0.03921569 0.10196078 0.23529412
v 0.33166569 0.67851248 3.52121320 0.03921569 0.10196078 0.23529412
v 0.14838928 0.75871526 3.51500000 0.03921569 0.10196078 0.23529412
v 0.32965083 0.67419161 3.51500000 0.03921569 0.10196078 0.23529412
v 0.14712268 0.75599904 3.50776457 0.03921569 0.10196078 0.23529412
v 0.32838424 0.67147539 3.50776457 0.03921569 0.10196078 0.23529412
v 0.14669067 0.75507259 3.50000000 0.03921569 0.10196078 0.23529412
v 0.32795223 0.67054894 3.50000000 0.03921569 0.10196078 0.23529412
v 0.14712268 0.75599904 3.49223543 0.03921569 0.10196078 0.23529412
v 0.32838424 0.67147539 3.49223543 0.03921569 0.10196078 0.23529412
v 0.14838928 0.75871526 3.48500000 0.03921569 0.10196078 0.23529412
v 0.32965083 0.67419161 3.48500000 0.03921569 0.10196078 0.23529412
v 0.15040413 0.76303613 3.47878680 0.03921569 0.10196078 0.23529412
v 0.33166569 0.67851248 3.47878680 0.03921569 0.10196078 0.23529412
v 0.15302995 0.76866721 3.47401924 0.03921569 0.10196078 0.23529412
v 0.33429150 0.68414356 3.47401924 0.03921569 0.10196078 0.23529412
v 0.15608777 0.77522473 3.47102223 0.03921569 0.10196078 0.23529412
v 0.33734933 0.69070108 3.47102223 0.03921569 0.10196078 0.23529412
v -0.03417252 0.96977278 2.98000000 0.03921569 0.10196078 0.23529412
v 0.03417252 0.96977278 2.98000000 0.03921569 0.10196078 0.23529412
v -0.03417252 0.91022722 2.98000000 0.03921569 0.10196078 0.23529412
v 0.03417252 0.91022722 2.98000000 0.03921569 0.10196078 0.23529412
v 0.00000000 0.92159941 3.02253254 0.03921569 0.10196078 0.23529412
v 0.00000000 0.95840059 3.02253254 0.03921569 0.10196078 0.23529412
v 0.00000000 0.92159941 2.93746746 0.03921569 0.10196078 0.23529412
v 0.00000000 0.95840059 2.93746746 0.03921569 0.10196078 0.23529412
v 0.05529230 0.94000000 2.95371344 0.03921569 0.10196078 0.23529412
v 0.05529230 0.94000000 3.00628656 0.03921569 0.10196078 0.23529412
v -0.05529230 0.94000000 2.95371344 0.03921569 0.10196078 0.23529412
v -0.05529230 0.94000000 3.00628656 0.03921569 0.10196078 0.23529412
v 0.00000000 0.97500000 2.98000000 0.03921569 0.10196078 0.23529412
v 0.00000000 0.90500000 2.98000000 0.03921569 0.10196078 0.23529412
v -0.02008610 0.91168441 3.00500000 0.03921569 0.10196078 0.23529412
v 0.02008610 0.91168441 3.00500000 0.03921569 0.10196078 0.23529412
v -0.02008610 0.96831559 3.00500000 0.03921569 0.10196078 0.23529412
v 0.02008610 0.96831559 3.00500000 0.03921569 0.10196078 0.23529412
v 0.00000000 0.94000000 3.03000000 0.03921569 0.10196078 0.23529412
v -0.02008610 0.91168441 2.95500000 0.03921569 0.10196078 0.23529412
v 0.02008610 0.91168441 2.95500000 0.03921569 0.10196078 0.23529412
v -0.02008610 0.96831559 2.95500000 0.03921569 0.10196078 0.23529412
v 0.02008610 0.96831559 2.95500000 0.03921569 0.10196078 0.23529412
v 0.00000000 0.94000000 2.93000000 0.03921569 0.10196078 0.23529412
v 0.05258610 0.95750000 2.96454915 0.03921569 0.10196078 0.23529412
v 0.05258610 0.92250000 2.96454915 0.03921569 0.10196078 0.23529412
v 0.03250000 0.92918441 2.93954915 0.03921569 0.10196078 0.23529412
v 0.03250000 0.95081559 2.93954915 0.03921569 0.10196078 0.23529412
v 0.05258610 0.95750000 2.99545085 0.03921569 0.10196078 0.23529412
v 0.05258610 0.92250000 2.99545085 0.03921569 0.10196078 0.23529412
v 0.03250000 0.92918441 3.02045085 0.03921569 0.10196078 0.23529412
v 0.03250000 0.95081559 3.02045085 0.03921569 0.10196078 0.23529412
v 0.06500000 0.94000000 2.98000000 0.03921569 0.10196078 0.23529412
v -0.05258610 0.95750000 2.96454915 0.03921569 0.10196078 0.23529412
v -0.05258610 0.92250000 2.96454915 0.03921569 0.10196078 0.23529412
v -0.03250000 0.92918441 2.93954915 0.03921569 0.10196078 0.23529412
v -0.03250000 0.95081559 2.93954915 0.03921569 0.10196078 0.23529412
v -0.05258610 0.95750000 2.99545085 0.03921569 0.10196078 0.23529412
v -0.05258610 0.92250000 2.99545085 0.03921569 0.10196078 0.23529412
v -0.03250000 0.92918441 3.02045085 0.03921569 0.10196078 0.23529412
v -0.03250000 0.95081559 3.02045085 0.03921569 0.10196078 0.23529412
v -0.06500000 0.94000000 2.98000000 0.03921569 0.10196078 0.23529412
v -0.07228803 0.98614295 2.80000000 0.82352941 0.27843137 0.27843137
v 0.07228803 0.98614295 2.80000000 0.82352941 0.27843137 0.27843137
v -0.07228803 0.87385705 2.80000000 0.82352941 0.27843137 0.27843137
v 0.07228803 0.87385705 2.80000000 0.82352941 0.27843137 0.27843137
v 0.00000000 0.89530175 2.87485727 0.82352941 0.27843137 0.27843137
v 0.00000000 0.96469825 2.87485727 0.82352941 0.27843137 0.27843137
v 0.00000000 0.89530175 2.72514273 0.82352941 0.27843137 0.27843137
v 0.00000000 0.96469825 2.72514273 0.82352941 0.27843137 0.27843137
v 0.11696449 0.93000000 2.75373566 0.82352941 0.27843137 0.27843137
v 0.11696449 0.93000000 2.84626434 0.82352941 0.27843137 0.27843137
v -0.11696449 0.93000000 2.75373566 0.82352941 0.27843137 0.27843137
v -0.11696449 0.93000000 2.84626434 0.82352941 0.27843137 0.27843137
v 0.00000000 0.99600000 2.80000000 0.82352941 0.27843137 0.27843137
v 0.00000000 0.86400000 2.80000000 0.82352941 0.27843137 0.27843137
v -0.04248984 0.87660488 2.84400000 0.82352941 0.27843137 0.27843137
v 0.04248984 0.87660488 2.84400000 0.82352941 0.27843137 0.27843137
v -0.04248984 0.98339512 2.84400000 0.82352941 0.27843137 0.27843137
v 0.04248984 0.98339512 2.84400000 0.82352941 0.27843137 0.27843137
v 0.00000000 0.93000000 2.88800000 0.82352941 0.27843137 0.27843137
v -0.04248984 0.87660488 2.75600000 0.82352941 0.27843137 0.27843137
v 0.04248984 0.87660488 2.75600000 0.82352941 0.27843137 0.27843137
v -0.04248984 0.98339512 2.75600000 0.82352941 0.27843137 0.27843137
v 0.04248984 0.98339512 2.75600000 0.82352941 0.27843137 0.27843137
v 0.00000000 0.93000000 2.71200000 0.82352941 0.27843137 0.27843137
v 0.11123984 0.96300000 2.77280650 0.82352941 0.27843137 0.27843137
v 0.11123984 0.89700000 2.77280650 0.82352941 0.27843137 0.27843137
v 0.06875000 0.90960488 2.72880650 0.82352941 0.27843137 0.27843137
v 0.06875000 0.95039512 2.72880650 0.82352941 0.27843137 0.27843137
v 0.11123984 0.96300000 2.82719350 0.82352941 0.27843137 0.27843137
v 0.11123984 0.89700000 2.82719350 0.82352941 0.27843137 0.27843137
v 0.06875000 0.90960488 2.87119350 0.82352941 0.27843137 0.27843137
v 0.06875000 0.95039512 2.87119350 0.82352941 0.27843137 0.27843137
v 0.13750000 0.93000000 2.80000000 0.82352941 0.27843137 0.27843137
v -0.11123984 0.96300000 2.77280650 0.82352941 0.27843137 0.27843137
v -0.11123984 0.89700000 2.77280650 0.82352941 0.27843137 0.27843137
v -0.06875000 0.90960488 2.72880650 0.82352941 0.27843137 0.27843137
v -0.06875000 0.95039512 2.72880650 0.82352941 0.27843137 0.27843137
v -0.11123984 0.96300000 2.82719350 0.82352941 0.27843137 0.27843137
v -0.11123984 0.89700000 2.82719350 0.82352941 0.27843137 0.27843137
v -0.06875000 0.90960488 2.87119350 0.82352941 0.27843137 0.27843137
v -0.06875000 0.95039512 2.87119350 0.82352941 0.27843137 0.27843137
v -0.13750000 0.93000000 2.80000000 0.82352941 0.27843137 0.27843137
v -0.03757415 0.99348793 2.80000000 0.82352941 0.27843137 0.27843137
v 0.03757415 0.99348793 2.80000000 0.82352941 0.27843137 0.27843137
v -0.03757415 0.86651207 2.80000000 0.82352941 0.27843137 0.27843137
v 0.03757415 0.86651207 2.80000000 0.82352941 0.27843137 0.27843137
v -0.05965968 0.87306388 2.82287049 0.82352941 0.27843137 0.27843137
v -0.02208553 0.88421049 2.86178009 0.82352941 0.27843137 0.27843137
v -0.02233823 0.86723027 2.82313217 0.82352941 0.27843137 0.27843137
v 0.05965968 0.87306388 2.82287049 0.82352941 0.27843137 0.27843137
v 0.02208553 0.88421049 2.86178009 0.82352941 0.27843137 0.27843137
v 0.02233823 0.86723027 2.82313217 0.82352941 0.27843137 0.27843137
v 0.00000000 0.87385705 2.84626434 0.82352941 0.27843137 0.27843137
v -0.05965968 0.98693612 2.82287049 0.82352941 0.27843137 0.27843137
v -0.02208553 0.97578951 2.86178009 0.82352941 0.27843137 0.27843137
v -0.02233823 0.99276973 2.82313217 0.82352941 0.27843137 0.27843137
v 0.05965968 0.98693612 2.82287049 0.82352941 0.27843137 0.27843137
v 0.02208553 0.97578951 2.86178009 0.82352941 0.27843137 0.27843137
v 0.02233823 0.99276973 2.82313217 0.82352941 0.27843137 0.27843137
v 0.00000000 0.98614295 2.84626434 0.82352941 0.27843137 0.27843137
v 0.00000000 0.91196441 2.88465058 0.82352941 0.27843137 0.27843137
v 0.00000000 0.94803559 2.88465058 0.82352941 0.27843137 0.27843137
v -0.05965968 0.87306388 2.77712951 0.82352941 0.27843137 0.27843137
v -0.02208553 0.88421049 2.73821991 0.82352941 0.27843137 0.27843137
v -0.02233823 0.86723027 2.77686783 0.82352941 0.27843137 0.27843137
v 0.05965968 0.87306388 2.77712951 0.82352941 0.27843137 0.27843137
v 0.02208553 0.88421049 2.73821991 0.82352941 0.27843137 0.27843137
v 0.02233823 0.86723027 2.77686783 0.82352941 0.27843137 0.27843137
v 0.00000000 0.87385705 2.75373566 0.82352941 0.27843137 0.27843137
v -0.05965968 0.98693612 2.77712951 0.82352941 0.27843137 0.27843137
v -0.02208553 0.97578951 2.73821991 0.82352941 0.27843137 0.27843137
v -0.02233823 0.99276973 2.77686783 0.82352941 0.27843137 0.27843137
v 0.05965968 0.98693612 2.77712951 0.82352941 0.27843137 0.27843137
v 0.02208553 0.97578951 2.73821991 0.82352941 0.27843137 0.27843137
v 0.02233823 0.99276973 2.77686783 0.82352941 0.27843137 0.27843137
v 0.00000000 0.98614295 2.75373566 0.82352941 0.27843137 0.27843137
v 0.00000000 0.91196441 2.71534942 0.82352941 0.27843137 0.27843137
v 0.00000000 0.94803559 2.71534942 0.82352941 0.27843137 0.27843137
v 0.09539482 0.97633507 2.78586526 0.82352941 0.27843137 0.27843137
v 0.11861692 0.94715287 2.76181781 0.82352941 0.27843137 0.27843137
v 0.08082047 0.97542060 2.76257136 0.82352941 0.27843137 0.27843137
v 0.09539482 0.88366493 2.78586526 0.82352941 0.27843137 0.27843137
v 0.11861692 0.91284713 2.76181781 0.82352941 0.27843137 0.27843137
v 0.08082047 0.88457940 2.76257136 0.82352941 0.27843137 0.27843137
v 0.03573514 0.90136335 2.72408517 0.82352941 0.27843137 0.27843137
v 0.09653139 0.91939895 2.73894732 0.82352941 0.27843137 0.27843137
v 0.05848224 0.89120617 2.73943920 0.82352941 0.27843137 0.27843137
v 0.03614401 0.91927765 2.71630703 0.82352941 0.27843137 0.27843137
v 0.09462626 0.90192852 2.74827490 0.82352941 0.27843137 0.27843137
v 0.03573514 0.95863665 2.72408517 0.82352941 0.27843137 0.27843137
v 0.09653139 0.94060105 2.73894732 0.82352941 0.27843137 0.27843137
v 0.05848224 0.96879383 2.73943920 0.82352941 0.27843137 0.27843137
v 0.03614401 0.94072235 2.71630703 0.82352941 0.27843137 0.27843137
v 0.09462626 0.95807148 2.74827490 0.82352941 0.27843137 0.27843137
v 0.07228803 0.93000000 2.72514273 0.82352941 0.27843137 0.27843137
v 0.09539482 0.97633507 2.81413474 0.82352941 0.27843137 0.27843137
v 0.11861692 0.94715287 2.83818219 0.82352941 0.27843137 0.27843137
v 0.08082047 0.97542060 2.83742864 0.82352941 0.27843137 0.27843137
v 0.11696449 0.96469825 2.80000000 0.82352941 0.27843137 0.27843137
v 0.09539482 0.88366493 2.81413474 0.82352941 0.27843137 0.27843137
v 0.11861692 0.91284713 2.83818219 0.82352941 0.27843137 0.27843137
v 0.08082047 0.88457940 2.83742864 0.82352941 0.27843137 0.27843137
v 0.11696449 0.89530175 2.80000000 0.82352941 0.27843137 0.27843137
v 0.03573514 0.90136335 2.87591483 0.82352941 0.27843137 0.27843137
v 0.09653139 0.91939895 2.86105268 0.82352941 0.27843137 0.27843137
v 0.05848224 0.89120617 2.86056080 0.82352941 0.27843137 0.27843137
v 0.03614401 0.91927765 2.88369297 0.82352941 0.27843137 0.27843137
v 0.09462626 0.90192852 2.85172510 0.82352941 0.27843137 0.27843137
v 0.03573514 0.95863665 2.87591483 0.82352941 0.27843137 0.27843137
v 0.09653139 0.94060105 2.86105268 0.82352941 0.27843137 0.27843137
v 0.05848224 0.96879383 2.86056080 0.82352941 0.27843137 0.27843137
v 0.03614401 0.94072235 2.88369297 0.82352941 0.27843137 0.27843137
v 0.09462626 0.95807148 2.85172510 0.82352941 0.27843137 0.27843137
v 0.07228803 0.93000000 2.87485727 0.82352941 0.27843137 0.27843137
v 0.13226652 0.93000000 2.77595255 0.82352941 0.27843137 0.27843137
v 0.13226652 0.93000000 2.82404745 0.82352941 0.27843137 0.27843137
v 0.13077027 0.94734913 2.78570353 0.82352941 0.27843137 0.27843137
v 0.13077027 0.91265087 2.78570353 0.82352941 0.27843137 0.27843137
v 0.13077027 0.94734913 2.81429647 0.82352941 0.27843137 0.27843137
v 0.13077027 0.91265087 2.81429647 0.82352941 0.27843137 0.27843137
v -0.09539482 0.97633507 2.78586526 0.82352941 0.27843137 0.27843137
v -0.11861692 0.94715287 2.76181781 0.82352941 0.27843137 0.27843137
v -0.08082047 0.97542060 2.76257136 0.82352941 0.27843137 0.27843137
v -0.09539482 0.88366493 2.78586526 0.82352941 0.27843137 0.27843137
v -0.11861692 0.91284713 2.76181781 0.82352941 0.27843137 0.27843137
v -0.08082047 0.88457940 2.76257136 0.82352941 0.27843137 0.27843137
v -0.03573514 0.90136335 2.72408517 0.82352941 0.27843137 0.27843137
v -0.09653139 0.91939895 2.73894732 0.82352941 0.27843137 0.27843137
v -0.05848224 0.89120617 2.73943920 0.82352941 0.27843137 0.27843137
v -0.03614401 0.91927765 2.71630703 0.82352941 0.27843137 0.27843137
v -0.09462626 0.90192852 2.74827490 0.82352941 0.27843137 0.27843137
v -0.03573514 0.95863665 2.72408517 0.82352941 0.27843137 0.27843137
v -0.09653139 0.94060105 2.73894732 0.82352941 0.27843137 0.27843137
v -0.05848224 0.96879383 2.73943920 0.82352941 0.27843137 0.27843137
v -0.03614401 0.94072235 2.71630703 0.82352941 0.27843137 0.27843137
v -0.09462626 0.95807148 2.74827490 0.82352941 0.27843137 0.27843137
v -0.07228803 0.93000000 2.72514273 0.82352941 0.27843137 0.27843137
v -0.09539482 0.97633507 2.81413474 0.82352941 0.27843137 0.27843137
v -0.11861692 0.94715287 2.83818219 0.82352941 0.27843137 0.27843137
v -0.08082047 0.97542060 2.83742864 0.82352941 0.27843137 0.27843137
v -0.11696449 0.96469825 2.80000000 0.82352941 0.27843137 0.27843137
v -0.09539482 0.88366493 2.81413474 0.82352941 0.27843137 0.27843137
v -0.11861692 0.91284713 2.83818219 0.82352941 0.27843137 0.27843137
v -0.08082047 0.88457940 2.83742864 0.82352941 0.27843137 0.27843137
v -0.11696449 0.89530175 2.80000000 0.82352941 0.27843137 0.27843137
v -0.03573514 0.90136335 2.87591483 0.82352941 0.27843137 0.27843137
v -0.09653139 0.91939895 2.86105268 0.82352941 0.27843137 0.27843137
v -0.05848224 0.89120617 2.86056080 0.82352941 0.27843137 0.27843137
v -0.03614401 0.91927765 2.88369297 0.82352941 0.27843137 0.27843137
v -0.09462626 0.90192852 2.85172510 0.82352941 0.27843137 0.27843137
v -0.03573514 0.95863665 2.87591483 0.82352941 0.27843137 0.27843137
v -0.09653139 0.94060105 2.86105268 0.82352941 0.27843137 0.27843137
v -0.05848224 0.96879383 2.86056080 0.82352941 0.27843137 0.27843137
v -0.03614401 0.94072235 2.88369297 0.82352941 0.27843137 0.27843137
v -0.09462626 0.95807148 2.85172510 0.82352941 0.27843137 0.27843137
v -0.07228803 0.93000000 2.87485727 0.82352941 0.27843137 0.27843137
v -0.13226652 0.93000000 2.77595255 0.82352941 0.27843137 0.27843137
v -0.13226652 0.93000000 2.82404745 0.82352941 0.27843137 0.27843137
v -0.13077027 0.94734913 2.78570353 0.82352941 0.27843137 0.27843137
v -0.13077027 0.91265087 2.78570353 0.82352941 0.27843137 0.27843137
v -0.13077027 0.94734913 2.81429647 0.82352941 0.27843137 0.27843137
v -0.13077027 0.91265087 2.81429647 0.82352941 0.27843137 0.27843137
v -0.02628656 1.02339290 2.72000000 1.00000000 0.71372549 0.75686275
v 0.02628656 1.02339290 2.72000000 1.00000000 0.71372549 0.75686275
v -0.02628656 0.97660710 2.72000000 1.00000000 0.71372549 0.75686275
v 0.02628656 0.97660710 2.72000000 1.00000000 0.71372549 0.75686275
v 0.00000000 0.98554239 2.74551952 1.00000000 0.71372549 0.75686275
v 0.00000000 1.01445761 2.74551952 1.00000000 0.71372549 0.75686275
v 0.00000000 0.98554239 2.69448048 1.00000000 0.71372549 0.75686275
v 0.00000000 1.01445761 2.69448048 1.00000000 0.71372549 0.75686275
v 0.04253254 1.00000000 2.70422807 1.00000000 0.71372549 0.75686275
v 0.04253254 1.00000000 2.73577193 1.00000000 0.71372549 0.75686275
v -0.04253254 1.00000000 2.70422807 1.00000000 0.71372549 0.75686275
v -0.04253254 1.00000000 2.73577193 1.00000000 0.71372549 0.75686275
v 0.00000000 1.02750000 2.72000000 1.00000000 0.71372549 0.75686275
v 0.00000000 0.97250000 2.72000000 1.00000000 0.71372549 0.75686275
v -0.01545085 0.97775203 2.73500000 1.00000000 0.71372549 0.75686275
v 0.01545085 0.97775203 2.73500000 1.00000000 0.71372549 0.75686275
v -0.01545085 1.02224797 2.73500000 1.00000000 0.71372549 0.75686275
v 0.01545085 1.02224797 2.73500000 1.00000000 0.71372549 0.75686275
v 0.00000000 1.00000000 2.75000000 1.00000000 0.71372549 0.75686275
v -0.01545085 0.97775203 2.70500000 1.00000000 0.71372549 0.75686275
v 0.01545085 0.97775203 2.70500000 1.00000000 0.71372549 0.75686275
v -0.01545085 1.02224797 2.70500000 1.00000000 0.71372549 0.75686275
v 0.01545085 1.02224797 2.70500000 1.00000000 0.71372549 0.75686275
v 0.00000000 1.00000000 2.69000000 1.00000000 0.71372549 0.75686275
v 0.04045085 1.01375000 2.71072949 1.00000000 0.71372549 0.75686275
v 0.04045085 0.98625000 2.71072949 1.00000000 0.71372549 0.75686275
v 0.02500000 0.99150203 2.69572949 1.00000000 0.71372549 0.75686275
v 0.02500000 1.00849797 2.69572949 1.00000000 0.71372549 0.75686275
v 0.04045085 1.01375000 2.72927051 1.00000000 0.71372549 0.75686275
v 0.04045085 0.98625000 2.72927051 1.00000000 0.71372549 0.75686275
v 0.02500000 0.99150203 2.74427051 1.00000000 0.71372549 0.75686275
v 0.02500000 1.00849797 2.74427051 1.00000000 0.71372549 0.75686275
v 0.05000000 1.00000000 2.72000000 1.00000000 0.71372549 0.75686275
v -0.04045085 1.01375000 2.71072949 1.00000000 0.71372549 0.75686275
v -0.04045085 0.98625000 2.71072949 1.00000000 0.71372549 0.75686275
v -0.02500000 0.99150203 2.69572949 1.00000000 0.71372549 0.75686275
v -0.02500000 1.00849797 2.69572949 1.00000000 0.71372549 0.75686275
v -0.04045085 1.01375000 2.72927051 1.00000000 0.71372549 0.75686275
v -0.04045085 0.98625000 2.72927051 1.00000000 0.71372549 0.75686275
v -0.02500000 0.99150203 2.74427051 1.00000000 0.71372549 0.75686275
v -0.02500000 1.00849797 2.74427051 1.00000000 0.71372549 0.75686275
v -0.05000000 1.00000000 2.72000000 1.00000000 0.71372549 0.75686275
v -0.56778960 0.74857271 1.75000000 0.04313725 0.17647059 0.41960784
v 0.56778960 0.74857271 1.75000000 0.04313725 0.17647059 0.41960784
v -0.56778960 -0.74857271 1.75000000 0.04313725 0.17647059 0.41960784
v 0.56778960 -0.74857271 1.75000000 0.04313725 0.17647059 0.41960784
v 0.00000000 -0.46264338 2.72824843 0.04313725 0.17647059 0.41960784
v 0.00000000 0.46264338 2.72824843 0.04313725 0.17647059 0.41960784
v 0.00000000 -0.46264338 0.77175157 0.04313725 0.17647059 0.41960784
v 0.00000000 0.46264338 0.77175157 0.04313725 0.17647059 0.41960784
v 0.91870287 0.00000000 1.14540922 0.04313725 0.17647059 0.41960784
v 0.91870287 0.00000000 2.35459078 0.04313725 0.17647059 0.41960784
v -0.91870287 0.00000000 1.14540922 0.04313725 0.17647059 0.41960784
v -0.91870287 0.00000000 2.35459078 0.04313725 0.17647059 0.41960784
v 0.00000000 0.88000000 1.75000000 0.04313725 0.17647059 0.41960784
v 0.00000000 -0.88000000 1.75000000 0.04313725 0.17647059 0.41960784
v -0.33373835 -0.71193496 2.32500000 0.04313725 0.17647059 0.41960784
v 0.33373835 -0.71193496 2.32500000 0.04313725 0.17647059 0.41960784
v -0.33373835 0.71193496 2.32500000 0.04313725 0.17647059 0.41960784
v 0.33373835 0.71193496 2.32500000 0.04313725 0.17647059 0.41960784
v 0.00000000 0.00000000 2.90000000 0.04313725 0.17647059 0.41960784
v -0.33373835 -0.71193496 1.17500000 0.04313725 0.17647059 0.41960784
v 0.33373835 -0.71193496 1.17500000 0.04313725 0.17647059 0.41960784
v -0.33373835 0.71193496 1.17500000 0.04313725 0.17647059 0.41960784
v 0.33373835 0.71193496 1.17500000 0.04313725 0.17647059 0.41960784
v 0.00000000 0.00000000 0.60000000 0.04313725 0.17647059 0.41960784
v 0.87373835 0.44000000 1.39463046 0.04313725 0.17647059 0.41960784
v 0.87373835 -0.44000000 1.39463046 0.04313725 0.17647059 0.41960784
v 0.54000000 -0.27193496 0.81963046 0.04313725 0.17647059 0.41960784
v 0.54000000 0.27193496 0.81963046 0.04313725 0.17647059 0.41960784
v 0.87373835 0.44000000 2.10536954 0.04313725 0.17647059 0.41960784
v 0.87373835 -0.44000000 2.10536954 0.04313725 0.17647059 0.41960784
v 0.54000000 -0.27193496 2.68036954 0.04313725 0.17647059 0.41960784
v 0.54000000 0.27193496 2.68036954 0.04313725 0.17647059 0.41960784
v 1.08000000 0.00000000 1.75000000 0.04313725 0.17647059 0.41960784
v -0.87373835 0.44000000 1.39463046 0.04313725 0.17647059 0.41960784
v -0.87373835 -0.44000000 1.39463046 0.04313725 0.17647059 0.41960784
v -0.54000000 -0.27193496 0.81963046 0.04313725 0.17647059 0.41960784
v -0.54000000 0.27193496 0.81963046 0.04313725 0.17647059 0.41960784
v -0.87373835 0.44000000 2.10536954 0.04313725 0.17647059 0.41960784
v -0.87373835 -0.44000000 2.10536954 0.04313725 0.17647059 0.41960784
v -0.54000000 -0.27193496 2.68036954 0.04313725 0.17647059 0.41960784
v -0.54000000 0.27193496 2.68036954 0.04313725 0.17647059 0.41960784
v -1.08000000 0.00000000 1.75000000 0.04313725 0.17647059 0.41960784
v -0.29512785 0.84650575 1.75000000 0.04313725 0.17647059 0.41960784
v 0.29512785 0.84650575 1.75000000 0.04313725 0.17647059 0.41960784
v -0.29512785 -0.84650575 1.75000000 0.04313725 0.17647059 0.41960784
v 0.29512785 -0.84650575 1.75000000 0.04313725 0.17647059 0.41960784
v -0.46859965 -0.75914826 2.04887570 0.04313725 0.17647059 0.41960784
v -0.17347180 -0.61052682 2.55735341 0.04313725 0.17647059 0.41960784
v -0.17545664 -0.83692973 2.05229539 0.04313725 0.17647059 0.41960784
v 0.46859965 -0.75914826 2.04887570 0.04313725 0.17647059 0.41960784
v 0.17347180 -0.61052682 2.55735341 0.04313725 0.17647059 0.41960784
v 0.17545664 -0.83692973 2.05229539 0.04313725 0.17647059 0.41960784
v 0.00000000 -0.74857271 2.35459078 0.04313725 0.17647059 0.41960784
v -0.46859965 0.75914826 2.04887570 0.04313725 0.17647059 0.41960784
v -0.17347180 0.61052682 2.55735341 0.04313725 0.17647059 0.41960784
v -0.17545664 0.83692973 2.05229539 0.04313725 0.17647059 0.41960784
v 0.46859965 0.75914826 2.04887570 0.04313725 0.17647059 0.41960784
v 0.17347180 0.61052682 2.55735341 0.04313725 0.17647059 0.41960784
v 0.17545664 0.83692973 2.05229539 0.04313725 0.17647059 0.41960784
v 0.00000000 0.74857271 2.35459078 0.04313725 0.17647059 0.41960784
v 0.00000000 -0.24047455 2.85622911 0.04313725 0.17647059 0.41960784
v 0.00000000 0.24047455 2.85622911 0.04313725 0.17647059 0.41960784
v -0.46859965 -0.75914826 1.45112430 0.04313725 0.17647059 0.41960784
v -0.17347180 -0.61052682 0.94264659 0.04313725 0.17647059 0.41960784
v -0.17545664 -0.83692973 1.44770461 0.04313725 0.17647059 0.41960784
v 0.46859965 -0.75914826 1.45112430 0.04313725 0.17647059 0.41960784
v 0.17347180 -0.61052682 0.94264659 0.04313725 0.17647059 0.41960784
v 0.17545664 -0.83692973 1.44770461 0.04313725 0.17647059 0.41960784
v 0.00000000 -0.74857271 1.14540922 0.04313725 0.17647059 0.41960784
v -0.46859965 0.75914826 1.45112430 0.04313725 0.17647059 0.41960784
v -0.17347180 0.61052682 0.94264659 0.04313725 0.17647059 0.41960784
v -0.17545664 0.83692973 1.44770461 0.04313725 0.17647059 0.41960784
v 0.46859965 0.75914826 1.45112430 0.04313725 0.17647059 0.41960784
v 0.17347180 0.61052682 0.94264659 0.04313725 0.17647059 0.41960784
v 0.17545664 0.83692973 1.44770461 0.04313725 0.17647059 0.41960784
v 0.00000000 0.74857271 1.14540922 0.04313725 0.17647059 0.41960784
v 0.00000000 -0.24047455 0.64377089 0.04313725 0.17647059 0.41960784
v 0.00000000 0.24047455 0.64377089 0.04313725 0.17647059 0.41960784
v 0.74928292 0.61780087 1.56528466 0.04313725 0.17647059 0.41960784
v 0.93168196 0.22870488 1.25102815 0.04313725 0.17647059 0.41960784
v 0.63480807 0.60560805 1.26087579 0.04313725 0.17647059 0.41960784
v 0.74928292 -0.61780087 1.56528466 0.04313725 0.17647059 0.41960784
v 0.93168196 -0.22870488 1.25102815 0.04313725 0.17647059 0.41960784
v 0.63480807 -0.60560805 1.26087579 0.04313725 0.17647059 0.41960784
v 0.28068327 -0.38182194 0.75793125 0.04313725 0.17647059 0.41960784
v 0.75821016 -0.14134739 0.95215245 0.04313725 0.17647059 0.41960784
v 0.45935144 -0.51725102 0.95858040 0.04313725 0.17647059 0.41960784
v 0.28389480 -0.14296467 0.65628501 0.04313725 0.17647059 0.41960784
v 0.74324624 -0.37428636 1.07404696 0.04313725 0.17647059 0.41960784
v 0.28068327 0.38182194 0.75793125 0.04313725 0.17647059 0.41960784
v 0.75821016 0.14134739 0.95215245 0.04313725 0.17647059 0.41960784
v 0.45935144 0.51725102 0.95858040 0.04313725 0.17647059 0.41960784
v 0.28389480 0.14296467 0.65628501 0.04313725 0.17647059 0.41960784
v 0.74324624 0.37428636 1.07404696 0.04313725 0.17647059 0.41960784
v 0.56778960 0.00000000 0.77175157 0.04313725 0.17647059 0.41960784
v 0.74928292 0.61780087 1.93471534 0.04313725 0.17647059 0.41960784
v 0.93168196 0.22870488 2.24897185 0.04313725 0.17647059 0.41960784
v 0.63480807 0.60560805 2.23912421 0.04313725 0.17647059 0.41960784
v 0.91870287 0.46264338 1.75000000 0.04313725 0.17647059 0.41960784
v 0.74928292 -0.61780087 1.93471534 0.04313725 0.17647059 0.41960784
v 0.93168196 -0.22870488 2.24897185 0.04313725 0.17647059 0.41960784
v 0.63480807 -0.60560805 2.23912421 0.04313725 0.17647059 0.41960784
v 0.91870287 -0.46264338 1.75000000 0.04313725 0.17647059 0.41960784
v 0.28068327 -0.38182194 2.74206875 0.04313725 0.17647059 0.41960784
v 0.75821016 -0.14134739 2.54784755 0.04313725 0.17647059 0.41960784
v 0.45935144 -0.51725102 2.54141960 0.04313725 0.17647059 0.41960784
v 0.28389480 -0.14296467 2.84371499 0.04313725 0.17647059 0.41960784
v 0.74324624 -0.37428636 2.42595304 0.04313725 0.17647059 0.41960784
v 0.28068327 0.38182194 2.74206875 0.04313725 0.17647059 0.41960784
v 0.75821016 0.14134739 2.54784755 0.04313725 0.17647059 0.41960784
v 0.45935144 0.51725102 2.54141960 0.04313725 0.17647059 0.41960784
v 0.28389480 0.14296467 2.84371499 0.04313725 0.17647059 0.41960784
v 0.74324624 0.37428636 2.42595304 0.04313725 0.17647059 0.41960784
v 0.56778960 0.00000000 2.72824843 0.04313725 0.17647059 0.41960784
v 1.03889343 0.00000000 1.43574349 0.04313725 0.17647059 0.41960784
v 1.03889343 0.00000000 2.06425651 0.04313725 0.17647059 0.41960784
v 1.02714104 0.23132169 1.56317117 0.04313725 0.17647059 0.41960784
v 1.02714104 -0.23132169 1.56317117 0.04313725 0.17647059 0.41960784
v 1.02714104 0.23132169 1.93682883 0.04313725 0.17647059 0.41960784
v 1.02714104 -0.23132169 1.93682883 0.04313725 0.17647059 0.41960784
v -0.74928292 0.61780087 1.56528466 0.04313725 0.17647059 0.41960784
v -0.93168196 0.22870488 1.25102815 0.04313725 0.17647059 0.41960784
v -0.63480807 0.60560805 1.26087579 0.04313725 0.17647059 0.41960784
v -0.74928292 -0.61780087 1.56528466 0.04313725 0.17647059 0.41960784
v -0.93168196 -0.22870488 1.25102815 0.04313725 0.17647059 0.41960784
v -0.63480807 -0.60560805 1.26087579 0.04313725 0.17647059 0.41960784
v -0.28068327 -0.38182194 0.75793125 0.04313725 0.17647059 0.41960784
v -0.75821016 -0.14134739 0.95215245 0.04313725 0.17647059 0.41960784
v -0.45935144 -0.51725102 0.95858040 0.04313725 0.17647059 0.41960784
v -0.28389480 -0.14296467 0.65628501 0.04313725 0.17647059 0.41960784
v -0.74324624 -0.37428636 1.07404696 0.04313725 0.17647059 0.41960784
v -0.28068327 0.38182194 0.75793125 0.04313725 0.17647059 0.41960784
v -0.75821016 0.14134739 0.95215245 0.04313725 0.17647059 0.41960784
v -0.45935144 0.51725102 0.95858040 0.04313725 0.17647059 0.41960784
v -0.28389480 0.14296467 0.65628501 0.04313725 0.17647059 0.41960784
v -0.74324624 0.37428636 1.07404696 0.04313725 0.17647059 0.41960784
v -0.56778960 0.00000000 0.77175157 0.04313725 0.17647059 0.41960784
v -0.74928292 0.61780087 1.93471534 0.04313725 0.17647059 0.41960784
v -0.93168196 0.22870488 2.24897185 0.04313725 0.17647059 0.41960784
v -0.63480807 0.60560805 2.23912421 0.04313725 0.17647059 0.41960784
v -0.91870287 0.46264338 1.75000000 0.04313725 0.17647059 0.41960784
v -0.74928292 -0.61780087 1.93471534 0.04313725 0.17647059 0.41960784
v -0.93168196 -0.22870488 2.24897185 0.04313725 0.17647059 0.41960784
v -0.63480807 -0.60560805 2.23912421 0.04313725 0.17647059 0.41960784
v -0.91870287 -0.46264338 1.75000000 0.04313725 0.17647059 0.41960784
v -0.28068327 -0.38182194 2.74206875 0.04313725 0.17647059 0.41960784
v -0.75821016 -0.14134739 2.54784755 0.04313725 0.17647059 0.41960784
v -0.45935144 -0.51725102 2.54141960 0.04313725 0.17647059 0.41960784
v -0.28389480 -0.14296467 2.84371499 0.04313725 0.17647059 0.41960784
v -0.74324624 -0.37428636 2.42595304 0.04313725 0.17647059 0.41960784
v -0.28068327 0.38182194 2.74206875 0.04313725 0.17647059 0.41960784
v -0.75821016 0.14134739 2.54784755 0.04313725 0.17647059 0.41960784
v -0.45935144 0.51725102 2.54141960 0.04313725 0.17647059 0.41960784
v -0.28389480 0.14296467 2.84371499 0.04313725 0.17647059 0.41960784
v -0.74324624 0.37428636 2.42595304 0.04313725 0.17647059 0.41960784
v -0.56778960 0.00000000 2.72824843 0.04313725 0.17647059 0.41960784
v -1.03889343 0.00000000 1.43574349 0.04313725 0.17647059 0.41960784
v -1.03889343 0.00000000 2.06425651 0.04313725 0.17647059 0.41960784
v -1.02714104 0.23132169 1.56317117 0.04313725 0.17647059 0.41960784
v -1.02714104 -0.23132169 1.56317117 0.04313725 0.17647059 0.41960784
v -1.02714104 0.23132169 1.93682883 0.04313725 0.17647059 0.41960784
v -1.02714104 -0.23132169 1.93682883 0.04313725 0.17647059 0.41960784
v -0.43562378 0.80523821 1.75000000 0.04313725 0.17647059 0.41960784
v -0.14898842 0.87158622 1.75000000 0.04313725 0.17647059 0.41960784
v 0.43562378 0.80523821 1.75000000 0.04313725 0.17647059 0.41960784
v 0.14898842 0.87158622 1.75000000 0.04313725 0.17647059 0.41960784
v -0.43562378 -0.80523821 1.75000000 0.04313725 0.17647059 0.41960784
v -0.14898842 -0.87158622 1.75000000 0.04313725 0.17647059 0.41960784
v 0.43562378 -0.80523821 1.75000000 0.04313725 0.17647059 0.41960784
v 0.14898842 -0.87158622 1.75000000 0.04313725 0.17647059 0.41960784
v -0.52319697 -0.76113782 1.90088044 0.04313725 0.17647059 0.41960784
v -0.40504165 -0.74264210 2.19115579 0.04313725 0.17647059 0.41960784
v -0.38688710 -0.81338805 1.90140368 0.04313725 0.17647059 0.41960784
v -0.08757320 -0.54176498 2.65141950 0.04313725 0.17647059 0.41960784
v -0.25605323 -0.66761402 2.44784892 0.04313725 0.17647059 0.41960784
v -0.08882186 -0.86916574 1.90303177 0.04313725 0.17647059 0.41960784
v -0.25777108 -0.78408574 2.19411549 0.04313725 0.17647059 0.41960784
v -0.23772639 -0.85042549 1.90271135 0.04313725 0.17647059 0.41960784
v -0.32535959 -0.80629487 2.05369516 0.04313725 0.17647059 0.41960784
v 0.52319697 -0.76113782 1.90088044 0.04313725 0.17647059 0.41960784
v 0.40504165 -0.74264210 2.19115579 0.04313725 0.17647059 0.41960784
v 0.38688710 -0.81338805 1.90140368 0.04313725 0.17647059 0.41960784
v 0.08757320 -0.54176498 2.65141950 0.04313725 0.17647059 0.41960784
v 0.25605323 -0.66761402 2.44784892 0.04313725 0.17647059 0.41960784
v 0.00000000 -0.61855819 2.56797400 0.04313725 0.17647059 0.41960784
v 0.08882186 -0.86916574 1.90303177 0.04313725 0.17647059 0.41960784
v 0.25777108 -0.78408574 2.19411549 0.04313725 0.17647059 0.41960784
v 0.23772639 -0.85042549 1.90271135 0.04313725 0.17647059 0.41960784
v 0.00000000 -0.84819791 2.05636541 0.04313725 0.17647059 0.41960784
v 0.32535959 -0.80629487 2.05369516 0.04313725 0.17647059 0.41960784
v -0.16894922 -0.73935654 2.34714726 0.04313725 0.17647059 0.41960784
v 0.16894922 -0.73935654 2.34714726 0.04313725 0.17647059 0.41960784
v -0.08763320 -0.68657985 2.46327552 0.04313725 0.17647059 0.41960784
v -0.08890947 -0.80342459 2.20954811 0.04313725 0.17647059 0.41960784
v 0.08763320 -0.68657985 2.46327552 0.04313725 0.17647059 0.41960784
v 0.08890947 -0.80342459 2.20954811 0.04313725 0.17647059 0.41960784
v -0.52319697 0.76113782 1.90088044 0.04313725 0.17647059 0.41960784
v -0.40504165 0.74264210 2.19115579 0.04313725 0.17647059 0.41960784
v -0.38688710 0.81338805 1.90140368 0.04313725 0.17647059 0.41960784
v -0.08757320 0.54176498 2.65141950 0.04313725 0.17647059 0.41960784
v -0.25605323 0.66761402 2.44784892 0.04313725 0.17647059 0.41960784
v -0.08882186 0.86916574 1.90303177 0.04313725 0.17647059 0.41960784
v -0.25777108 0.78408574 2.19411549 0.04313725 0.17647059 0.41960784
v -0.23772639 0.85042549 1.90271135 0.04313725 0.17647059 0.41960784
v -0.32535959 0.80629487 2.05369516 0.04313725 0.17647059 0.41960784
v 0.52319697 0.76113782 1.90088044 0.04313725 0.17647059 0.41960784
v 0.40504165 0.74264210 2.19115579 0.04313725 0.17647059 0.41960784
v 0.38688710 0.81338805 1.90140368 0.04313725 0.17647059 0.41960784
v 0.08757320 0.54176498 2.65141950 0.04313725 0.17647059 0.41960784
v 0.25605323 0.66761402 2.44784892 0.04313725 0.17647059 0.41960784
v 0.00000000 0.61855819 2.56797400 0.04313725 0.17647059 0.41960784
v 0.08882186 0.86916574 1.90303177 0.04313725 0.17647059 0.41960784
v 0.25777108 0.78408574 2.19411549 0.04313725 0.17647059 0.41960784
v 0.23772639 0.85042549 1.90271135 0.04313725 0.17647059 0.41960784
v 0.00000000 0.84819791 2.05636541 0.04313725 0.17647059 0.41960784
v 0.32535959 0.80629487 2.05369516 0.04313725 0.17647059 0.41960784
v -0.16894922 0.73935654 2.34714726 0.04313725 0.17647059 0.41960784
v 0.16894922 0.73935654 2.34714726 0.04313725 0.17647059 0.41960784
v -0.08763320 0.68657985 2.46327552 0.04313725 0.17647059 0.41960784
v -0.08890947 0.80342459 2.20954811 0.04313725 0.17647059 0.41960784
v 0.08763320 0.68657985 2.46327552 0.04313725 0.17647059 0.41960784
v 0.08890947 0.80342459 2.20954811 0.04313725 0.17647059 0.41960784
v 0.00000000 -0.35495271 2.80229993 0.04313725 0.17647059 0.41960784
v 0.00000000 -0.12139797 2.88900471 0.04313725 0.17647059 0.41960784
v 0.00000000 0.35495271 2.80229993 0.04313725 0.17647059 0.41960784
v 0.00000000 0.12139797 2.88900471 0.04313725 0.17647059 0.41960784
v -0.52319697 -0.76113782 1.59911956 0.04313725 0.17647059 0.41960784
v -0.40504165 -0.74264210 1.30884421 0.04313725 0.17647059 0.41960784
v -0.38688710 -0.81338805 1.59859632 0.04313725 0.17647059 0.41960784
v -0.08757320 -0.54176498 0.84858050 0.04313725 0.17647059 0.41960784
v -0.25605323 -0.66761402 1.05215108 0.04313725 0.17647059 0.41960784
v -0.08882186 -0.86916574 1.59696823 0.04313725 0.17647059 0.41960784
v -0.25777108 -0.78408574 1.30588451 0.04313725 0.17647059 0.41960784
v -0.23772639 -0.85042549 1.59728865 0.04313725 0.17647059 0.41960784
v -0.32535959 -0.80629487 1.44630484 0.04313725 0.17647059 0.41960784
v 0.52319697 -0.76113782 1.59911956 0.04313725 0.17647059 0.41960784
v 0.40504165 -0.74264210 1.30884421 0.04313725 0.17647059 0.41960784
v 0.38688710 -0.81338805 1.59859632 0.04313725 0.17647059 0.41960784
v 0.08757320 -0.54176498 0.84858050 0.04313725 0.17647059 0.41960784
v 0.25605323 -0.66761402 1.05215108 0.04313725 0.17647059 0.41960784
v 0.00000000 -0.61855819 0.93202600 0.04313725 0.17647059 0.41960784
v 0.08882186 -0.86916574 1.59696823 0.04313725 0.17647059 0.41960784
v 0.25777108 -0.78408574 1.30588451 0.04313725 0.17647059 0.41960784
v 0.23772639 -0.85042549 1.59728865 0.04313725 0.17647059 0.41960784
v 0.00000000 -0.84819791 1.44363459 0.04313725 0.17647059 0.41960784
v 0.32535959 -0.80629487 1.44630484 0.04313725 0.17647059 0.41960784
v -0.16894922 -0.73935654 1.15285274 0.04313725 0.17647059 0.41960784
v 0.16894922 -0.73935654 1.15285274 0.04313725 0.17647059 0.41960784
v -0.08763320 -0.68657985 1.03672448 0.04313725 0.17647059 0.41960784
v -0.08890947 -0.80342459 1.29045189 0.04313725 0.17647059 0.41960784
v 0.08763320 -0.68657985 1.03672448 0.04313725 0.17647059 0.41960784
v 0.08890947 -0.80342459 1.29045189 0.04313725 0.17647059 0.41960784
v -0.52319697 0.76113782 1.59911956 0.04313725 0.17647059 0.41960784
v -0.40504165 0.74264210 1.30884421 0.04313725 0.17647059 0.41960784
v -0.38688710 0.81338805 1.59859632 0.04313725 0.17647059 0.41960784
v -0.08757320 0.54176498 0.84858050 0.04313725 0.17647059 0.41960784
v -0.25605323 0.66761402 1.05215108 0.04313725 0.17647059 0.41960784
v -0.08882186 0.86916574 1.59696823 0.04313725 0.17647059 0.41960784
v -0.25777108 0.78408574 1.30588451 0.04313725 0.17647059 0.41960784
v -0.23772639 0.85042549 1.59728865 0.04313725 0.17647059 0.41960784
v -0.32535959 0.80629487 1.44630484 0.04313725 0.17647059 0.41960784
v 0.52319697 0.76113782 1.59911956 0.04313725 0.17647059 0.41960784
v 0.40504165 0.74264210 1.30884421 0.04313725 0.17647059 0.41960784
v 0.38688710 0.81338805 1.59859632 0.04313725 0.17647059 0.41960784
v 0.08757320 0.54176498 0.84858050 0.04313725 0.17647059 0.41960784
v 0.25605323 0.66761402 1.05215108 0.04313725 0.17647059 0.41960784
v 0.00000000 0.61855819 0.93202600 0.04313725 0.17647059 0.41960784
v 0.08882186 0.86916574 1.59696823 0.04313725 0.17647059 0.41960784
v 0.25777108 0.78408574 1.30588451 0.04313725 0.17647059 0.41960784
v 0.23772639 0.85042549 1.59728865 0.04313725 0.17647059 0.41960784
v 0.00000000 0.84819791 1.44363459 0.04313725 0.17647059 0.41960784
v 0.32535959 0.80629487 1.44630484 0.04313725 0.17647059 0.41960784
v -0.16894922 0.73935654 1.15285274 0.04313725 0.17647059 0.41960784
v 0.16894922 0.73935654 1.15285274 0.04313725 0.17647059 0.41960784
v -0.08763320 0.68657985 1.03672448 0.04313725 0.17647059 0.41960784
v -0.08890947 0.80342459 1.29045189 0.04313725 0.17647059 0.41960784
v 0.08763320 0.68657985 1.03672448 0.04313725 0.17647059 0.41960784
v 0.08890947 0.80342459 1.29045189 0.04313725 0.17647059 0.41960784
v 0.00000000 -0.35495271 0.69770007 0.04313725 0.17647059 0.41960784
v 0.00000000 -0.12139797 0.61099529 0.04313725 0.17647059 0.41960784
v 0.00000000 0.35495271 0.69770007 0.04313725 0.17647059 0.41960784
v 0.00000000 0.12139797 0.61099529 0.04313725 0.17647059 0.41960784
v 0.66489338 0.68978188 1.65675076 0.04313725 0.17647059 0.41960784
v 0.81934448 0.53400613 1.47735073 0.04313725 0.17647059 0.41960784
v 0.61695179 0.69753132 1.50502370 0.04313725 0.17647059 0.41960784
v 0.93412368 0.11545633 1.19289211 0.04313725 0.17647059 0.41960784
v 0.91142439 0.33758008 1.31870565 0.04313725 0.17647059 0.41960784
v 0.49030974 0.66698317 1.21130567 0.04313725 0.17647059 0.41960784
v 0.76367532 0.52932084 1.32248976 0.04313725 0.17647059 0.41960784
v 0.55741135 0.68943749 1.35192403 0.04313725 0.17647059 0.41960784
v 0.69920485 0.61803267 1.40959472 0.04313725 0.17647059 0.41960784
v 0.66489338 -0.68978188 1.65675076 0.04313725 0.17647059 0.41960784
v 0.81934448 -0.53400613 1.47735073 0.04313725 0.17647059 0.41960784
v 0.61695179 -0.69753132 1.50502370 0.04313725 0.17647059 0.41960784
v 0.93412368 -0.11545633 1.19289211 0.04313725 0.17647059 0.41960784
v 0.91142439 -0.33758008 1.31870565 0.04313725 0.17647059 0.41960784
v 0.49030974 -0.66698317 1.21130567 0.04313725 0.17647059 0.41960784
v 0.76367532 -0.52932084 1.32248976 0.04313725 0.17647059 0.41960784
v 0.55741135 -0.68943749 1.35192403 0.04313725 0.17647059 0.41960784
v 0.69920485 -0.61803267 1.40959472 0.04313725 0.17647059 0.41960784
v 0.14169641 -0.42630865 0.75533126 0.04313725 0.17647059 0.41960784
v 0.41430283 -0.33003394 0.77950180 0.04313725 0.17647059 0.41960784
v 0.23006469 -0.50270146 0.83845339 0.04313725 0.17647059 0.41960784
v 0.14218780 -0.31524134 0.68704971 0.04313725 0.17647059 0.41960784
v 0.84655049 -0.07135594 1.04201168 0.04313725 0.17647059 0.41960784
v 0.65537116 -0.20863597 0.87754985 0.04313725 0.17647059 0.41960784
v 0.85606117 -0.18746012 1.09306059 0.04313725 0.17647059 0.41960784
v 0.40148788 -0.62225397 1.05827390 0.04313725 0.17647059 0.41960784
v 0.50590424 -0.39951164 0.87837427 0.04313725 0.17647059 0.41960784
v 0.31968496 -0.56972247 0.94234368 0.04313725 0.17647059 0.41960784
v 0.55444548 -0.56898846 1.10110766 0.04313725 0.17647059 0.41960784
v 0.37384526 -0.45418703 0.84903055 0.04313725 0.17647059 0.41960784
v 0.14371679 -0.07237337 0.61415841 0.04313725 0.17647059 0.41960784
v 0.41708238 -0.21003570 0.72534250 0.04313725 0.17647059 0.41960784
v 0.14341587 -0.19370298 0.63864851 0.04313725 0.17647059 0.41960784
v 0.28520937 -0.26510781 0.69631920 0.04313725 0.17647059 0.41960784
v 0.81857025 -0.41221827 1.22791093 0.04313725 0.17647059 0.41960784
v 0.64962103 -0.32713827 0.93682720 0.04313725 0.17647059 0.41960784
v 0.84612783 -0.30461465 1.15646014 0.04313725 0.17647059 0.41960784
v 0.69830402 -0.49654371 1.15961824 0.04313725 0.17647059 0.41960784
v 0.75849463 -0.26048404 1.00547632 0.04313725 0.17647059 0.41960784
v 0.60939455 -0.45177039 1.00643554 0.04313725 0.17647059 0.41960784
v 0.14169641 0.42630865 0.75533126 0.04313725 0.17647059 0.41960784
v 0.41430283 0.33003394 0.77950180 0.04313725 0.17647059 0.41960784
v 0.23006469 0.50270146 0.83845339 0.04313725 0.17647059 0.41960784
v 0.14218780 0.31524134 0.68704971 0.04313725 0.17647059 0.41960784
v 0.84655049 0.07135594 1.04201168 0.04313725 0.17647059 0.41960784
v 0.65537116 0.20863597 0.87754985 0.04313725 0.17647059 0.41960784
v 0.85606117 0.18746012 1.09306059 0.04313725 0.17647059 0.41960784
v 0.76818427 0.00000000 0.94165691 0.04313725 0.17647059 0.41960784
v 0.40148788 0.62225397 1.05827390 0.04313725 0.17647059 0.41960784
v 0.50590424 0.39951164 0.87837427 0.04313725 0.17647059 0.41960784
v 0.31968496 0.56972247 0.94234368 0.04313725 0.17647059 0.41960784
v 0.55444548 0.56898846 1.10110766 0.04313725 0.17647059 0.41960784
v 0.37384526 0.45418703 0.84903055 0.04313725 0.17647059 0.41960784
v 0.14371679 0.07237337 0.61415841 0.04313725 0.17647059 0.41960784
v 0.41708238 0.21003570 0.72534250 0.04313725 0.17647059 0.41960784
v 0.14341587 0.19370298 0.63864851 0.04313725 0.17647059 0.41960784
v 0.28771708 0.00000000 0.64155955 0.04313725 0.17647059 0.41960784
v 0.28520937 0.26510781 0.69631920 0.04313725 0.17647059 0.41960784
v 0.81857025 0.41221827 1.22791093 0.04313725 0.17647059 0.41960784
v 0.64962103 0.32713827 0.93682720 0.04313725 0.17647059 0.41960784
v 0.84612783 0.30461465 1.15646014 0.04313725 0.17647059 0.41960784
v 0.69830402 0.49654371 1.15961824 0.04313725 0.17647059 0.41960784
v 0.75849463 0.26048404 1.00547632 0.04313725 0.17647059 0.41960784
v 0.60939455 0.45177039 1.00643554 0.04313725 0.17647059 0.41960784
v 0.56079917 -0.13766233 0.78379543 0.04313725 0.17647059 0.41960784
v 0.56079917 0.13766233 0.78379543 0.04313725 0.17647059 0.41960784
v 0.66985875 -0.07140483 0.85276497 0.04313725 0.17647059 0.41960784
v 0.43157562 -0.07244475 0.70007013 0.04313725 0.17647059 0.41960784
v 0.66985875 0.07140483 0.85276497 0.04313725 0.17647059 0.41960784
v 0.43157562 0.07244475 0.70007013 0.04313725 0.17647059 0.41960784
v 0.66489338 0.68978188 1.84324924 0.04313725 0.17647059 0.41960784
v 0.81934448 0.53400613 2.02264927 0.04313725 0.17647059 0.41960784
v 0.61695179 0.69753132 1.99497630 0.04313725 0.17647059 0.41960784
v 0.75913959 0.62592793 1.75000000 0.04313725 0.17647059 0.41960784
v 0.93412368 0.11545633 2.30710789 0.04313725 0.17647059 0.41960784
v 0.91142439 0.33758008 2.18129435 0.04313725 0.17647059 0.41960784
v 0.49030974 0.66698317 2.28869433 0.04313725 0.17647059 0.41960784
v 0.76367532 0.52932084 2.17751024 0.04313725 0.17647059 0.41960784
v 0.55741135 0.68943749 2.14807597 0.04313725 0.17647059 0.41960784
v 0.69920485 0.61803267 2.09040528 0.04313725 0.17647059 0.41960784
v 0.90739212 0.45694747 1.57010037 0.04313725 0.17647059 0.41960784
v 0.90739212 0.45694747 1.92989963 0.04313725 0.17647059 0.41960784
v 0.84262072 0.54581083 1.65668687 0.04313725 0.17647059 0.41960784
v 0.84262072 0.54581083 1.84331313 0.04313725 0.17647059 0.41960784
v 0.66489338 -0.68978188 1.84324924 0.04313725 0.17647059 0.41960784
v 0.81934448 -0.53400613 2.02264927 0.04313725 0.17647059 0.41960784
v 0.61695179 -0.69753132 1.99497630 0.04313725 0.17647059 0.41960784
v 0.75913959 -0.62592793 1.75000000 0.04313725 0.17647059 0.41960784
v 0.93412368 -0.11545633 2.30710789 0.04313725 0.17647059 0.41960784
v 0.91142439 -0.33758008 2.18129435 0.04313725 0.17647059 0.41960784
v 0.49030974 -0.66698317 2.28869433 0.04313725 0.17647059 0.41960784
v 0.76367532 -0.52932084 2.17751024 0.04313725 0.17647059 0.41960784
v 0.55741135 -0.68943749 2.14807597 0.04313725 0.17647059 0.41960784
v 0.69920485 -0.61803267 2.09040528 0.04313725 0.17647059 0.41960784
v 0.90739212 -0.45694747 1.57010037 0.04313725 0.17647059 0.41960784
v 0.90739212 -0.45694747 1.92989963 0.04313725 0.17647059 0.41960784
v 0.84262072 -0.54581083 1.65668687 0.04313725 0.17647059 0.41960784
v 0.84262072 -0.54581083 1.84331313 0.04313725 0.17647059 0.41960784
v 0.14169641 -0.42630865 2.74466874 0.04313725 0.17647059 0.41960784
v 0.41430283 -0.33003394 2.72049820 0.04313725 0.17647059 0.41960784
v 0.23006469 -0.50270146 2.66154661 0.04313725 0.17647059 0.41960784
v 0.14218780 -0.31524134 2.81295029 0.04313725 0.17647059 0.41960784
v 0.84655049 -0.07135594 2.45798832 0.04313725 0.17647059 0.41960784
v 0.65537116 -0.20863597 2.62245015 0.04313725 0.17647059 0.41960784
v 0.85606117 -0.18746012 2.40693941 0.04313725 0.17647059 0.41960784
v 0.40148788 -0.62225397 2.44172610 0.04313725 0.17647059 0.41960784
v 0.50590424 -0.39951164 2.62162573 0.04313725 0.17647059 0.41960784
v 0.31968496 -0.56972247 2.55765632 0.04313725 0.17647059 0.41960784
v 0.55444548 -0.56898846 2.39889234 0.04313725 0.17647059 0.41960784
v 0.37384526 -0.45418703 2.65096945 0.04313725 0.17647059 0.41960784
v 0.14371679 -0.07237337 2.88584159 0.04313725 0.17647059 0.41960784
v 0.41708238 -0.21003570 2.77465750 0.04313725 0.17647059 0.41960784
v 0.14341587 -0.19370298 2.86135149 0.04313725 0.17647059 0.41960784
v 0.28520937 -0.26510781 2.80368080 0.04313725 0.17647059 0.41960784
v 0.81857025 -0.41221827 2.27208907 0.04313725 0.17647059 0.41960784
v 0.64962103 -0.32713827 2.56317280 0.04313725 0.17647059 0.41960784
v 0.84612783 -0.30461465 2.34353986 0.04313725 0.17647059 0.41960784
v 0.69830402 -0.49654371 2.34038176 0.04313725 0.17647059 0.41960784
v 0.75849463 -0.26048404 2.49452368 0.04313725 0.17647059 0.41960784
v 0.60939455 -0.45177039 2.49356446 0.04313725 0.17647059 0.41960784
v 0.14169641 0.42630865 2.74466874 0.04313725 0.17647059 0.41960784
v 0.41430283 0.33003394 2.72049820 0.04313725 0.17647059 0.41960784
v 0.23006469 0.50270146 2.66154661 0.04313725 0.17647059 0.41960784
v 0.14218780 0.31524134 2.81295029 0.04313725 0.17647059 0.41960784
v 0.84655049 0.07135594 2.45798832 0.04313725 0.17647059 0.41960784
v 0.65537116 0.20863597 2.62245015 0.04313725 0.17647059 0.41960784
v 0.85606117 0.18746012 2.40693941 0.04313725 0.17647059 0.41960784
v 0.76818427 0.00000000 2.55834309 0.04313725 0.17647059 0.41960784
v 0.40148788 0.62225397 2.44172610 0.04313725 0.17647059 0.41960784
v 0.50590424 0.39951164 2.62162573 0.04313725 0.17647059 0.41960784
v 0.31968496 0.56972247 2.55765632 0.04313725 0.17647059 0.41960784
v 0.55444548 0.56898846 2.39889234 0.04313725 0.17647059 0.41960784
v 0.37384526 0.45418703 2.65096945 0.04313725 0.17647059 0.41960784
v 0.14371679 0.07237337 2.88584159 0.04313725 0.17647059 0.41960784
v 0.41708238 0.21003570 2.77465750 0.04313725 0.17647059 0.41960784
v 0.14341587 0.19370298 2.86135149 0.04313725 0.17647059 0.41960784
v 0.28771708 0.00000000 2.85844045 0.04313725 0.17647059 0.41960784
v 0.28520937 0.26510781 2.80368080 0.04313725 0.17647059 0.41960784
v 0.81857025 0.41221827 2.27208907 0.04313725 0.17647059 0.41960784
v 0.64962103 0.32713827 2.56317280 0.04313725 0.17647059 0.41960784
v 0.84612783 0.30461465 2.34353986 0.04313725 0.17647059 0.41960784
v 0.69830402 0.49654371 2.34038176 0.04313725 0.17647059 0.41960784
v 0.75849463 0.26048404 2.49452368 0.04313725 0.17647059 0.41960784
v 0.60939455 0.45177039 2.49356446 0.04313725 0.17647059 0.41960784
v 0.56079917 -0.13766233 2.71620457 0.04313725 0.17647059 0.41960784
v 0.56079917 0.13766233 2.71620457 0.04313725 0.17647059 0.41960784
v 0.66985875 -0.07140483 2.64723503 0.04313725 0.17647059 0.41960784
v 0.43157562 -0.07244475 2.79992987 0.04313725 0.17647059 0.41960784
v 0.66985875 0.07140483 2.64723503 0.04313725 0.17647059 0.41960784
v 0.43157562 0.07244475 2.79992987 0.04313725 0.17647059 0.41960784
v 0.98824689 0.00000000 1.28614135 0.04313725 0.17647059 0.41960784
v 1.06967399 0.00000000 1.59135492 0.04313725 0.17647059 0.41960784
v 0.99824897 0.11585673 1.33803689 0.04313725 0.17647059 0.41960784
v 0.99824897 -0.11585673 1.33803689 0.04313725 0.17647059 0.41960784
v 0.98824689 0.00000000 2.21385865 0.04313725 0.17647059 0.41960784
v 1.06967399 0.00000000 1.90864508 0.04313725 0.17647059 0.41960784
v 0.99824897 0.11585673 2.16196311 0.04313725 0.17647059 0.41960784
v 0.99824897 -0.11585673 2.16196311 0.04313725 0.17647059 0.41960784
v 0.96228705 0.33984490 1.47552153 0.04313725 0.17647059 0.41960784
v 1.06670341 0.11710257 1.65542116 0.04313725 0.17647059 0.41960784
v 0.98954371 0.23239282 1.40355229 0.04313725 0.17647059 0.41960784
v 0.98602109 0.35165421 1.65532788 0.04313725 0.17647059 0.41960784
v 1.04370401 0.11685738 1.49686542 0.04313725 0.17647059 0.41960784
v 0.96228705 -0.33984490 1.47552153 0.04313725 0.17647059 0.41960784
v 1.06670341 -0.11710257 1.65542116 0.04313725 0.17647059 0.41960784
v 0.98954371 -0.23239282 1.40355229 0.04313725 0.17647059 0.41960784
v 0.98602109 -0.35165421 1.65532788 0.04313725 0.17647059 0.41960784
v 1.04370401 -0.11685738 1.49686542 0.04313725 0.17647059 0.41960784
v 0.96228705 0.33984490 2.02447847 0.04313725 0.17647059 0.41960784
v 1.06670341 0.11710257 1.84457884 0.04313725 0.17647059 0.41960784
v 0.98954371 0.23239282 2.09644771 0.04313725 0.17647059 0.41960784
v 0.98602109 0.35165421 1.84467212 0.04313725 0.17647059 0.41960784
v 1.04370401 0.11685738 2.00313458 0.04313725 0.17647059 0.41960784
v 1.04097016 0.23443614 1.75000000 0.04313725 0.17647059 0.41960784
v 0.96228705 -0.33984490 2.02447847 0.04313725 0.17647059 0.41960784
v 1.06670341 -0.11710257 1.84457884 0.04313725 0.17647059 0.41960784
v 0.98954371 -0.23239282 2.09644771 0.04313725 0.17647059 0.41960784
v 0.98602109 -0.35165421 1.84467212 0.04313725 0.17647059 0.41960784
v 1.04370401 -0.11685738 2.00313458 0.04313725 0.17647059 0.41960784
v 1.04097016 -0.23443614 1.75000000 0.04313725 0.17647059 0.41960784
v -0.66489338 0.68978188 1.65675076 0.04313725 0.17647059 0.41960784
v -0.81934448 0.53400613 1.47735073 0.04313725 0.17647059 0.41960784
v -0.61695179 0.69753132 1.50502370 0.04313725 0.17647059 0.41960784
v -0.93412368 0.11545633 1.19289211 0.04313725 0.17647059 0.41960784
v -0.91142439 0.33758008 1.31870565 0.04313725 0.17647059 0.41960784
v -0.49030974 0.66698317 1.21130567 0.04313725 0.17647059 0.41960784
v -0.76367532 0.52932084 1.32248976 0.04313725 0.17647059 0.41960784
v -0.55741135 0.68943749 1.35192403 0.04313725 0.17647059 0.41960784
v -0.69920485 0.61803267 1.40959472 0.04313725 0.17647059 0.41960784
v -0.66489338 -0.68978188 1.65675076 0.04313725 0.17647059 0.41960784
v -0.81934448 -0.53400613 1.47735073 0.04313725 0.17647059 0.41960784
v -0.61695179 -0.69753132 1.50502370 0.04313725 0.17647059 0.41960784
v -0.93412368 -0.11545633 1.19289211 0.04313725 0.17647059 0.41960784
v -0.91142439 -0.33758008 1.31870565 0.04313725 0.17647059 0.41960784
v -0.49030974 -0.66698317 1.21130567 0.04313725 0.17647059 0.41960784
v -0.76367532 -0.52932084 1.32248976 0.04313725 0.17647059 0.41960784
v -0.55741135 -0.68943749 1.35192403 0.04313725 0.17647059 0.41960784
v -0.69920485 -0.61803267 1.40959472 0.04313725 0.17647059 0.41960784
v -0.14169641 -0.42630865 0.75533126 0.04313725 0.17647059 0.41960784
v -0.41430283 -0.33003394 0.77950180 0.04313725 0.17647059 0.41960784
v -0.23006469 -0.50270146 0.83845339 0.04313725 0.17647059 0.41960784
v -0.14218780 -0.31524134 0.68704971 0.04313725 0.17647059 0.41960784
v -0.84655049 -0.07135594 1.04201168 0.04313725 0.17647059 0.41960784
v -0.65537116 -0.20863597 0.87754985 0.04313725 0.17647059 0.41960784
v -0.85606117 -0.18746012 1.09306059 0.04313725 0.17647059 0.41960784
v -0.40148788 -0.62225397 1.05827390 0.04313725 0.17647059 0.41960784
v -0.50590424 -0.39951164 0.87837427 0.04313725 0.17647059 0.41960784
v -0.31968496 -0.56972247 0.94234368 0.04313725 0.17647059 0.41960784
v -0.55444548 -0.56898846 1.10110766 0.04313725 0.17647059 0.41960784
v -0.37384526 -0.45418703 0.84903055 0.04313725 0.17647059 0.41960784
v -0.14371679 -0.07237337 0.61415841 0.04313725 0.17647059 0.41960784
v -0.41708238 -0.21003570 0.72534250 0.04313725 0.17647059 0.41960784
v -0.14341587 -0.19370298 0.63864851 0.04313725 0.17647059 0.41960784
v -0.28520937 -0.26510781 0.69631920 0.04313725 0.17647059 0.41960784
v -0.81857025 -0.41221827 1.22791093 0.04313725 0.17647059 0.41960784
v -0.64962103 -0.32713827 0.93682720 0.04313725 0.17647059 0.41960784
v -0.84612783 -0.30461465 1.15646014 0.04313725 0.17647059 0.41960784
v -0.69830402 -0.49654371 1.15961824 0.04313725 0.17647059 0.41960784
v -0.75849463 -0.26048404 1.00547632 0.04313725 0.17647059 0.41960784
v -0.60939455 -0.45177039 1.00643554 0.04313725 0.17647059 0.41960784
v -0.14169641 0.42630865 0.75533126 0.04313725 0.17647059 0.41960784
v -0.41430283 0.33003394 0.77950180 0.04313725 0.17647059 0.41960784
v -0.23006469 0.50270146 0.83845339 0.04313725 0.17647059 0.41960784
v -0.14218780 0.31524134 0.68704971 0.04313725 0.17647059 0.41960784
v -0.84655049 0.07135594 1.04201168 0.04313725 0.17647059 0.41960784
v -0.65537116 0.20863597 0.87754985 0.04313725 0.17647059 0.41960784
v -0.85606117 0.18746012 1.09306059 0.04313725 0.17647059 0.41960784
v -0.76818427 0.00000000 0.94165691 0.04313725 0.17647059 0.41960784
v -0.40148788 0.62225397 1.05827390 0.04313725 0.17647059 0.41960784
v -0.50590424 0.39951164 0.87837427 0.04313725 0.17647059 0.41960784
v -0.31968496 0.56972247 0.94234368 0.04313725 0.17647059 0.41960784
v -0.55444548 0.56898846 1.10110766 0.04313725 0.17647059 0.41960784
v -0.37384526 0.45418703 0.84903055 0.04313725 0.17647059 0.41960784
v -0.14371679 0.07237337 0.61415841 0.04313725 0.17647059 0.41960784
v -0.41708238 0.21003570 0.72534250 0.04313725 0.17647059 0.41960784
v -0.14341587 0.19370298 0.63864851 0.04313725 0.17647059 0.41960784
v -0.28771708 0.00000000 0.64155955 0.04313725 0.17647059 0.41960784
v -0.28520937 0.26510781 0.69631920 0.04313725 0.17647059 0.41960784
v -0.81857025 0.41221827 1.22791093 0.04313725 0.17647059 0.41960784
v -0.64962103 0.32713827 0.93682720 0.04313725 0.17647059 0.41960784
v -0.84612783 0.30461465 1.15646014 0.04313725 0.17647059 0.41960784
v -0.69830402 0.49654371 1.15961824 0.04313725 0.17647059 0.41960784
v -0.75849463 0.26048404 1.00547632 0.04313725 0.17647059 0.41960784
v -0.60939455 0.45177039 1.00643554 0.04313725 0.17647059 0.41960784
v -0.56079917 -0.13766233 0.78379543 0.04313725 0.17647059 0.41960784
v -0.56079917 0.13766233 0.78379543 0.04313725 0.17647059 0.41960784
v -0.66985875 -0.07140483 0.85276497 0.04313725 0.17647059 0.41960784
v -0.43157562 -0.07244475 0.70007013 0.04313725 0.17647059 0.41960784
v -0.66985875 0.07140483 0.85276497 0.04313725 0.17647059 0.41960784
v -0.43157562 0.07244475 0.70007013 0.04313725 0.17647059 0.41960784
v -0.66489338 0.68978188 1.84324924 0.04313725 0.17647059 0.41960784
v -0.81934448 0.53400613 2.02264927 0.04313725 0.17647059 0.41960784
v -0.61695179 0.69753132 1.99497630 0.04313725 0.17647059 0.41960784
v -0.75913959 0.62592793 1.75000000 0.04313725 0.17647059 0.41960784
v -0.93412368 0.11545633 2.30710789 0.04313725 0.17647059 0.41960784
v -0.91142439 0.33758008 2.18129435 0.04313725 0.17647059 0.41960784
v -0.49030974 0.66698317 2.28869433 0.04313725 0.17647059 0.41960784
v -0.76367532 0.52932084 2.17751024 0.04313725 0.17647059 0.41960784
v -0.55741135 0.68943749 2.14807597 0.04313725 0.17647059 0.41960784
v -0.69920485 0.61803267 2.09040528 0.04313725 0.17647059 0.41960784
v -0.90739212 0.45694747 1.57010037 0.04313725 0.17647059 0.41960784
v -0.90739212 0.45694747 1.92989963 0.04313725 0.17647059 0.41960784
v -0.84262072 0.54581083 1.65668687 0.04313725 0.17647059 0.41960784
v -0.84262072 0.54581083 1.84331313 0.04313725 0.17647059 0.41960784
v -0.66489338 -0.68978188 1.84324924 0.04313725 0.17647059 0.41960784
v -0.81934448 -0.53400613 2.02264927 0.04313725 0.17647059 0.41960784
v -0.61695179 -0.69753132 1.99497630 0.04313725 0.17647059 0.41960784
v -0.75913959 -0.62592793 1.75000000 0.04313725 0.17647059 0.41960784
v -0.93412368 -0.11545633 2.30710789 0.04313725 0.17647059 0.41960784
v -0.91142439 -0.33758008 2.18129435 0.04313725 0.17647059 0.41960784
v -0.49030974 -0.66698317 2.28869433 0.04313725 0.17647059 0.41960784
v -0.76367532 -0.52932084 2.17751024 0.04313725 0.17647059 0.41960784
v -0.55741135 -0.68943749 2.14807597 0.04313725 0.17647059 0.41960784
v -0.69920485 -0.61803267 2.09040528 0.04313725 0.17647059 0.41960784
v -0.90739212 -0.45694747 1.57010037 0.04313725 0.17647059 0.41960784
v -0.90739212 -0.45694747 1.92989963 0.04313725 0.17647059 0.41960784
v -0.84262072 -0.54581083 1.65668687 0.04313725 0.17647059 0.41960784
v -0.84262072 -0.54581083 1.84331313 0.04313725 0.17647059 0.41960784
v -0.14169641 -0.42630865 2.74466874 0.04313725 0.17647059 0.41960784
v -0.41430283 -0.33003394 2.72049820 0.04313725 0.17647059 0.41960784
v -0.23006469 -0.50270146 2.66154661 0.04313725 0.17647059 0.41960784
v -0.14218780 -0.31524134 2.81295029 0.04313725 0.17647059 0.41960784
v -0.84655049 -0.07135594 2.45798832 0.04313725 0.17647059 0.41960784
v -0.65537116 -0.20863597 2.62245015 0.04313725 0.17647059 0.41960784
v -0.85606117 -0.18746012 2.40693941 0.04313725 0.17647059 0.41960784
v -0.40148788 -0.62225397 2.44172610 0.04313725 0.17647059 0.41960784
v -0.50590424 -0.39951164 2.62162573 0.04313725 0.17647059 0.41960784
v -0.31968496 -0.56972247 2.55765632 0.04313725 0.17647059 0.41960784
v -0.55444548 -0.56898846 2.39889234 0.04313725 0.17647059 0.41960784
v -0.37384526 -0.45418703 2.65096945 0.04313725 0.17647059 0.41960784
v -0.14371679 -0.07237337 2.88584159 0.04313725 0.17647059 0.41960784
v -0.41708238 -0.21003570 2.77465750 0.04313725 0.17647059 0.41960784
v -0.14341587 -0.19370298 2.86135149 0.04313725 0.17647059 0.41960784
v -0.28520937 -0.26510781 2.80368080 0.04313725 0.17647059 0.41960784
v -0.81857025 -0.41221827 2.27208907 0.04313725 0.17647059 0.41960784
v -0.64962103 -0.32713827 2.56317280 0.04313725 0.17647059 0.41960784
v -0.84612783 -0.30461465 2.34353986 0.04313725 0.17647059 0.41960784
v -0.69830402 -0.49654371 2.34038176 0.04313725 0.17647059 0.41960784
v -0.75849463 -0.26048404 2.49452368 0.04313725 0.17647059 0.41960784
v -0.60939455 -0.45177039 2.49356446 0.04313725 0.17647059 0.41960784
v -0.14169641 0.42630865 2.74466874 0.04313725 0.17647059 0.41960784
v -0.41430283 0.33003394 2.72049820 0.04313725 0.17647059 0.41960784
v -0.23006469 0.50270146 2.66154661 0.04313725 0.17647059 0.41960784
v -0.14218780 0.31524134 2.81295029 0.04313725 0.17647059 0.41960784
v -0.84655049 0.07135594 2.45798832 0.04313725 0.17647059 0.41960784
v -0.65537116 0.20863597 2.62245015 0.04313725 0.17647059 0.41960784
v -0.85606117 0.18746012 2.40693941 0.04313725 0.17647059 0.41960784
v -0.76818427 0.00000000 2.55834309 0.04313725 0.17647059 0.41960784
v -0.40148788 0.62225397 2.44172610 0.04313725 0.17647059 0.41960784
v -0.50590424 0.39951164 2.62162573 0.04313725 0.17647059 0.41960784
v -0.31968496 0.56972247 2.55765632 0.04313725 0.17647059 0.41960784
v -0.55444548 0.56898846 2.39889234 0.04313725 0.17647059 0.41960784
v -0.37384526 0.45418703 2.65096945 0.04313725 0.17647059 0.41960784
v -0.14371679 0.07237337 2.88584159 0.04313725 0.17647059 0.41960784
v -0.41708238 0.21003570 2.77465750 0.04313725 0.17647059 0.41960784
v -0.14341587 0.19370298 2.86135149 0.04313725 0.17647059 0.41960784
v -0.28771708 0.00000000 2.85844045 0.04313725 0.17647059 0.41960784
v -0.28520937 0.26510781 2.80368080 0.04313725 0.17647059 0.41960784
v -0.81857025 0.41221827 2.27208907 0.04313725 0.17647059 0.41960784
v -0.64962103 0.32713827 2.56317280 0.04313725 0.17647059 0.41960784
v -0.84612783 0.30461465 2.34353986 0.04313725 0.17647059 0.41960784
v -0.69830402 0.49654371 2.34038176 0.04313725 0.17647059 0.41960784
v -0.75849463 0.26048404 2.49452368 0.04313725 0.17647059 0.41960784
v -0.60939455 0.45177039 2.49356446 0.04313725 0.17647059 0.41960784
v -0.56079917 -0.13766233 2.71620457 0.04313725 0.17647059 0.41960784
v -0.56079917 0.13766233 2.71620457 0.04313725 0.17647059 0.41960784
v -0.66985875 -0.07140483 2.64723503 0.04313725 0.17647059 0.41960784
v -0.43157562 -0.07244475 2.79992987 0.04313725 0.17647059 0.41960784
v -0.66985875 0.07140483 2.64723503 0.04313725 0.17647059 0.41960784
v -0.43157562 0.07244475 2.79992987 0.04313725 0.17647059 0.41960784
v -0.98824689 0.00000000 1.28614135 0.04313725 0.17647059 0.41960784
v -1.06967399 0.00000000 1.59135492 0.04313725 0.17647059 0.41960784
v -0.99824897 0.11585673 1.33803689 0.04313725 0.17647059 0.41960784
v -0.99824897 -0.11585673 1.33803689 0.04313725 0.17647059 0.41960784
v -0.98824689 0.00000000 2.21385865 0.04313725 0.17647059 0.41960784
v -1.06967399 0.00000000 1.90864508 0.04313725 0.17647059 0.41960784
v -0.99824897 0.11585673 2.16196311 0.04313725 0.17647059 0.41960784
v -0.99824897 -0.11585673 2.16196311 0.04313725 0.17647059 0.41960784
v -0.96228705 0.33984490 1.47552153 0.04313725 0.17647059 0.41960784
v -1.06670341 0.11710257 1.65542116 0.04313725 0.17647059 0.41960784
v -0.98954371 0.23239282 1.40355229 0.04313725 0.17647059 0.41960784
v -0.98602109 0.35165421 1.65532788 0.04313725 0.17647059 0.41960784
v -1.04370401 0.11685738 1.49686542 0.04313725 0.17647059 0.41960784
v -0.96228705 -0.33984490 1.47552153 0.04313725 0.17647059 0.41960784
v -1.06670341 -0.11710257 1.65542116 0.04313725 0.17647059 0.41960784
v -0.98954371 -0.23239282 1.40355229 0.04313725 0.17647059 0.41960784
v -0.98602109 -0.35165421 1.65532788 0.04313725 0.17647059 0.41960784
v -1.04370401 -0.11685738 1.49686542 0.04313725 0.17647059 0.41960784
v -0.96228705 0.33984490 2.02447847 0.04313725 0.17647059 0.41960784
v -1.06670341 0.11710257 1.84457884 0.04313725 0.17647059 0.41960784
v -0.98954371 0.23239282 2.09644771 0.04313725 0.17647059 0.41960784
v -0.98602109 0.35165421 1.84467212 0.04313725 0.17647059 0.41960784
v -1.04370401 0.11685738 2.00313458 0.04313725 0.17647059 0.41960784
v -1.04097016 0.23443614 1.75000000 0.04313725 0.17647059 0.41960784
v -0.96228705 -0.33984490 2.02447847 0.04313725 0.17647059 0.41960784
v -1.06670341 -0.11710257 1.84457884 0.04313725 0.17647059 0.41960784
v -0.98954371 -0.23239282 2.09644771 0.04313725 0.17647059 0.41960784
v -0.98602109 -0.35165421 1.84467212 0.04313725 0.17647059 0.41960784
v -1.04370401 -0.11685738 2.00313458 0.04313725 0.17647059 0.41960784
v -1.04097016 -0.23443614 1.75000000 0.04313725 0.17647059 0.41960784
v -0.08468637 0.68589403 1.50000000 0.98039216 0.98823529 1.00000000
v 0.38468637 0.68589403 1.50000000 0.98039216 0.98823529 1.00000000
v -0.08468637 0.07410597 1.50000000 0.98039216 0.98823529 1.00000000
v 0.38468637 0.07410597 1.50000000 0.98039216 0.98823529 1.00000000
v 0.15000000 0.19094709 2.09069192 0.98039216 0.98823529 1.00000000
v 0.15000000 0.56905291 2.09069192 0.98039216 0.98823529 1.00000000
v 0.15000000 0.19094709 0.90930808 0.98039216 0.98823529 1.00000000
v 0.15000000 0.56905291 0.90930808 0.98039216 0.98823529 1.00000000
v 0.52973052 0.38000000 1.13493232 0.98039216 0.98823529 1.00000000
v 0.52973052 0.38000000 1.86506768 0.98039216 0.98823529 1.00000000
v -0.22973052 0.38000000 1.13493232 0.98039216 0.98823529 1.00000000
v -0.22973052 0.38000000 1.86506768 0.98039216 0.98823529 1.00000000
v 0.15000000 0.73960000 1.50000000 0.98039216 0.98823529 1.00000000
v 0.15000000 0.02040000 1.50000000 0.98039216 0.98823529 1.00000000
v 0.01205481 0.08907749 1.84720000 0.98039216 0.98823529 1.00000000
v 0.28794519 0.08907749 1.84720000 0.98039216 0.98823529 1.00000000
v 0.01205481 0.67092251 1.84720000 0.98039216 0.98823529 1.00000000
v 0.28794519 0.67092251 1.84720000 0.98039216 0.98823529 1.00000000
v 0.15000000 0.38000000 2.19440000 0.98039216 0.98823529 1.00000000
v 0.01205481 0.08907749 1.15280000 0.98039216 0.98823529 1.00000000
v 0.28794519 0.08907749 1.15280000 0.98039216 0.98823529 1.00000000
v 0.01205481 0.67092251 1.15280000 0.98039216 0.98823529 1.00000000
v 0.28794519 0.67092251 1.15280000 0.98039216 0.98823529 1.00000000
v 0.15000000 0.38000000 0.80560000 0.98039216 0.98823529 1.00000000
v 0.51114519 0.55980000 1.28541860 0.98039216 0.98823529 1.00000000
v 0.51114519 0.20020000 1.28541860 0.98039216 0.98823529 1.00000000
v 0.37320000 0.26887749 0.93821860 0.98039216 0.98823529 1.00000000
v 0.37320000 0.49112251 0.93821860 0.98039216 0.98823529 1.00000000
v 0.51114519 0.55980000 1.71458140 0.98039216 0.98823529 1.00000000
v 0.51114519 0.20020000 1.71458140 0.98039216 0.98823529 1.00000000
v 0.37320000 0.26887749 2.06178140 0.98039216 0.98823529 1.00000000
v 0.37320000 0.49112251 2.06178140 0.98039216 0.98823529 1.00000000
v 0.59640000 0.38000000 1.50000000 0.98039216 0.98823529 1.00000000
v -0.21114519 0.55980000 1.28541860 0.98039216 0.98823529 1.00000000
v -0.21114519 0.20020000 1.28541860 0.98039216 0.98823529 1.00000000
v -0.07320000 0.26887749 0.93821860 0.98039216 0.98823529 1.00000000
v -0.07320000 0.49112251 0.93821860 0.98039216 0.98823529 1.00000000
v -0.21114519 0.55980000 1.71458140 0.98039216 0.98823529 1.00000000
v -0.21114519 0.20020000 1.71458140 0.98039216 0.98823529 1.00000000
v -0.07320000 0.26887749 2.06178140 0.98039216 0.98823529 1.00000000
v -0.07320000 0.49112251 2.06178140 0.98039216 0.98823529 1.00000000
v -0.29640000 0.38000000 1.50000000 0.98039216 0.98823529 1.00000000
v 0.02801382 0.72591303 1.50000000 0.98039216 0.98823529 1.00000000
v 0.27198618 0.72591303 1.50000000 0.98039216 0.98823529 1.00000000
v 0.02801382 0.03408697 1.50000000 0.98039216 0.98823529 1.00000000
v 0.27198618 0.03408697 1.50000000 0.98039216 0.98823529 1.00000000
v -0.04368786 0.06978441 1.68046894 0.98039216 0.98823529 1.00000000
v 0.07829832 0.13051654 1.98750105 0.98039216 0.98823529 1.00000000
v 0.07747792 0.03800008 1.68253384 0.98039216 0.98823529 1.00000000
v 0.34368786 0.06978441 1.68046894 0.98039216 0.98823529 1.00000000
v 0.22170168 0.13051654 1.98750105 0.98039216 0.98823529 1.00000000
v 0.22252208 0.03800008 1.68253384 0.98039216 0.98823529 1.00000000
v 0.15000000 0.07410597 1.86506768 0.98039216 0.98823529 1.00000000
v -0.04368786 0.69021559 1.68046894 0.98039216 0.98823529 1.00000000
v 0.07829832 0.62948346 1.98750105 0.98039216 0.98823529 1.00000000
v 0.07747792 0.72199992 1.68253384 0.98039216 0.98823529 1.00000000
v 0.34368786 0.69021559 1.68046894 0.98039216 0.98823529 1.00000000
v 0.22170168 0.62948346 1.98750105 0.98039216 0.98823529 1.00000000
v 0.22252208 0.72199992 1.68253384 0.98039216 0.98823529 1.00000000
v 0.15000000 0.68589403 1.86506768 0.98039216 0.98823529 1.00000000
v 0.15000000 0.28173336 2.16797000 0.98039216 0.98823529 1.00000000
v 0.15000000 0.47826664 2.16797000 0.98039216 0.98823529 1.00000000
v -0.04368786 0.06978441 1.31953106 0.98039216 0.98823529 1.00000000
v 0.07829832 0.13051654 1.01249895 0.98039216 0.98823529 1.00000000
v 0.07747792 0.03800008 1.31746616 0.98039216 0.98823529 1.00000000
v 0.34368786 0.06978441 1.31953106 0.98039216 0.98823529 1.00000000
v 0.22170168 0.13051654 1.01249895 0.98039216 0.98823529 1.00000000
v 0.22252208 0.03800008 1.31746616 0.98039216 0.98823529 1.00000000
v 0.15000000 0.07410597 1.13493232 0.98039216 0.98823529 1.00000000
v -0.04368786 0.69021559 1.31953106 0.98039216 0.98823529 1.00000000
v 0.07829832 0.62948346 1.01249895 0.98039216 0.98823529 1.00000000
v 0.07747792 0.72199992 1.31746616 0.98039216 0.98823529 1.00000000
v 0.34368786 0.69021559 1.31953106 0.98039216 0.98823529 1.00000000
v 0.22170168 0.62948346 1.01249895 0.98039216 0.98823529 1.00000000
v 0.22252208 0.72199992 1.31746616 0.98039216 0.98823529 1.00000000
v 0.15000000 0.68589403 1.13493232 0.98039216 0.98823529 1.00000000
v 0.15000000 0.28173336 0.83203000 0.98039216 0.98823529 1.00000000
v 0.15000000 0.47826664 0.83203000 0.98039216 0.98823529 1.00000000
v 0.45970361 0.63245590 1.38846406 0.98039216 0.98823529 1.00000000
v 0.53509521 0.47345713 1.19870778 0.98039216 0.98823529 1.00000000
v 0.41238734 0.62747347 1.20465404 0.98039216 0.98823529 1.00000000
v 0.45970361 0.12754410 1.38846406 0.98039216 0.98823529 1.00000000
v 0.53509521 0.28654287 1.19870778 0.98039216 0.98823529 1.00000000
v 0.41238734 0.13252653 1.20465404 0.98039216 0.98823529 1.00000000
v 0.26601575 0.22397367 0.90096301 0.98039216 0.98823529 1.00000000
v 0.46339353 0.32224032 1.01823884 0.98039216 0.98823529 1.00000000
v 0.33986526 0.16863242 1.02212020 0.98039216 0.98823529 1.00000000
v 0.26734318 0.32157944 0.83958636 0.98039216 0.98823529 1.00000000
v 0.45720844 0.22705298 1.09184192 0.98039216 0.98823529 1.00000000
v 0.26601575 0.53602633 0.90096301 0.98039216 0.98823529 1.00000000
v 0.46339353 0.43775968 1.01823884 0.98039216 0.98823529 1.00000000
v 0.33986526 0.59136758 1.02212020 0.98039216 0.98823529 1.00000000
v 0.26734318 0.43842056 0.83958636 0.98039216 0.98823529 1.00000000
v 0.45720844 0.53294702 1.09184192 0.98039216 0.98823529 1.00000000
v 0.38468637 0.38000000 0.90930808 0.98039216 0.98823529 1.00000000
v 0.45970361 0.63245590 1.61153594 0.98039216 0.98823529 1.00000000
v 0.53509521 0.47345713 1.80129222 0.98039216 0.98823529 1.00000000
v 0.41238734 0.62747347 1.79534596 0.98039216 0.98823529 1.00000000
v 0.52973052 0.56905291 1.50000000 0.98039216 0.98823529 1.00000000
v 0.45970361 0.12754410 1.61153594 0.98039216 0.98823529 1.00000000
v 0.53509521 0.28654287 1.80129222 0.98039216 0.98823529 1.00000000
v 0.41238734 0.13252653 1.79534596 0.98039216 0.98823529 1.00000000
v 0.52973052 0.19094709 1.50000000 0.98039216 0.98823529 1.00000000
v 0.26601575 0.22397367 2.09903699 0.98039216 0.98823529 1.00000000
v 0.46339353 0.32224032 1.98176116 0.98039216 0.98823529 1.00000000
v 0.33986526 0.16863242 1.97787980 0.98039216 0.98823529 1.00000000
v 0.26734318 0.32157944 2.16041364 0.98039216 0.98823529 1.00000000
v 0.45720844 0.22705298 1.90815808 0.98039216 0.98823529 1.00000000
v 0.26601575 0.53602633 2.09903699 0.98039216 0.98823529 1.00000000
v 0.46339353 0.43775968 1.98176116 0.98039216 0.98823529 1.00000000
v 0.33986526 0.59136758 1.97787980 0.98039216 0.98823529 1.00000000
v 0.26734318 0.43842056 2.16041364 0.98039216 0.98823529 1.00000000
v 0.45720844 0.53294702 1.90815808 0.98039216 0.98823529 1.00000000
v 0.38468637 0.38000000 2.09069192 0.98039216 0.98823529 1.00000000
v 0.57940928 0.38000000 1.31024372 0.98039216 0.98823529 1.00000000
v 0.57940928 0.38000000 1.68975628 0.98039216 0.98823529 1.00000000
v 0.57455163 0.47452645 1.38718788 0.98039216 0.98823529 1.00000000
v 0.57455163 0.28547355 1.38718788 0.98039216 0.98823529 1.00000000
v 0.57455163 0.47452645 1.61281212 0.98039216 0.98823529 1.00000000
v 0.57455163 0.28547355 1.61281212 0.98039216 0.98823529 1.00000000
v -0.15970361 0.63245590 1.38846406 0.98039216 0.98823529 1.00000000
v -0.23509521 0.47345713 1.19870778 0.98039216 0.98823529 1.00000000
v -0.11238734 0.62747347 1.20465404 0.98039216 0.98823529 1.00000000
v -0.15970361 0.12754410 1.38846406 0.98039216 0.98823529 1.00000000
v -0.23509521 0.28654287 1.19870778 0.98039216 0.98823529 1.00000000
v -0.11238734 0.13252653 1.20465404 0.98039216 0.98823529 1.00000000
v 0.03398425 0.22397367 0.90096301 0.98039216 0.98823529 1.00000000
v -0.16339353 0.32224032 1.01823884 0.98039216 0.98823529 1.00000000
v -0.03986526 0.16863242 1.02212020 0.98039216 0.98823529 1.00000000
v 0.03265682 0.32157944 0.83958636 0.98039216 0.98823529 1.00000000
v -0.15720844 0.22705298 1.09184192 0.98039216 0.98823529 1.00000000
v 0.03398425 0.53602633 0.90096301 0.98039216 0.98823529 1.00000000
v -0.16339353 0.43775968 1.01823884 0.98039216 0.98823529 1.00000000
v -0.03986526 0.59136758 1.02212020 0.98039216 0.98823529 1.00000000
v 0.03265682 0.43842056 0.83958636 0.98039216 0.98823529 1.00000000
v -0.15720844 0.53294702 1.09184192 0.98039216 0.98823529 1.00000000
v -0.08468637 0.38000000 0.90930808 0.98039216 0.98823529 1.00000000
v -0.15970361 0.63245590 1.61153594 0.98039216 0.98823529 1.00000000
v -0.23509521 0.47345713 1.80129222 0.98039216 0.98823529 1.00000000
v -0.11238734 0.62747347 1.79534596 0.98039216 0.98823529 1.00000000
v -0.22973052 0.56905291 1.50000000 0.98039216 0.98823529 1.00000000
v -0.15970361 0.12754410 1.61153594 0.98039216 0.98823529 1.00000000
v -0.23509521 0.28654287 1.80129222 0.98039216 0.98823529 1.00000000
v -0.11238734 0.13252653 1.79534596 0.98039216 0.98823529 1.00000000
v -0.22973052 0.19094709 1.50000000 0.98039216 0.98823529 1.00000000
v 0.03398425 0.22397367 2.09903699 0.98039216 0.98823529 1.00000000
v -0.16339353 0.32224032 1.98176116 0.98039216 0.98823529 1.00000000
v -0.03986526 0.16863242 1.97787980 0.98039216 0.98823529 1.00000000
v 0.03265682 0.32157944 2.16041364 0.98039216 0.98823529 1.00000000
v -0.15720844 0.22705298 1.90815808 0.98039216 0.98823529 1.00000000
v 0.03398425 0.53602633 2.09903699 0.98039216 0.98823529 1.00000000
v -0.16339353 0.43775968 1.98176116 0.98039216 0.98823529 1.00000000
v -0.03986526 0.59136758 1.97787980 0.98039216 0.98823529 1.00000000
v 0.03265682 0.43842056 2.16041364 0.98039216 0.98823529 1.00000000
v -0.15720844 0.53294702 1.90815808 0.98039216 0.98823529 1.00000000
v -0.08468637 0.38000000 2.09069192 0.98039216 0.98823529 1.00000000
v -0.27940928 0.38000000 1.31024372 0.98039216 0.98823529 1.00000000
v -0.27940928 0.38000000 1.68975628 0.98039216 0.98823529 1.00000000
v -0.27455163 0.47452645 1.38718788 0.98039216 0.98823529 1.00000000
v -0.27455163 0.28547355 1.38718788 0.98039216 0.98823529 1.00000000
v -0.27455163 0.47452645 1.61281212 0.98039216 0.98823529 1.00000000
v -0.27455163 0.28547355 1.61281212 0.98039216 0.98823529 1.00000000
v -0.03005783 0.70904961 1.50000000 0.98039216 0.98823529 1.00000000
v 0.08841812 0.73616182 1.50000000 0.98039216 0.98823529 1.00000000
v 0.33005783 0.70904961 1.50000000 0.98039216 0.98823529 1.00000000
v 0.21158188 0.73616182 1.50000000 0.98039216 0.98823529 1.00000000
v -0.03005783 0.05095039 1.50000000 0.98039216 0.98823529 1.00000000
v 0.08841812 0.02383818 1.50000000 0.98039216 0.98823529 1.00000000
v 0.33005783 0.05095039 1.50000000 0.98039216 0.98823529 1.00000000
v 0.21158188 0.02383818 1.50000000 0.98039216 0.98823529 1.00000000
v -0.06625475 0.06897141 1.59110554 0.98039216 0.98823529 1.00000000
v -0.01741722 0.07652943 1.76638138 0.98039216 0.98823529 1.00000000
v -0.00991333 0.04762007 1.59142149 0.98039216 0.98823529 1.00000000
v 0.11380308 0.15861513 2.04430061 0.98039216 0.98823529 1.00000000
v 0.04416466 0.10718863 1.92137938 0.98039216 0.98823529 1.00000000
v 0.11328696 0.02482727 1.59240457 0.98039216 0.98823529 1.00000000
v 0.04345462 0.05959405 1.76816852 0.98039216 0.98823529 1.00000000
v 0.05173976 0.03248522 1.59221110 0.98039216 0.98823529 1.00000000
v 0.01551804 0.05051859 1.68337906 0.98039216 0.98823529 1.00000000
v 0.36625475 0.06897141 1.59110554 0.98039216 0.98823529 1.00000000
v 0.31741722 0.07652943 1.76638138 0.98039216 0.98823529 1.00000000
v 0.30991333 0.04762007 1.59142149 0.98039216 0.98823529 1.00000000
v 0.18619692 0.15861513 2.04430061 0.98039216 0.98823529 1.00000000
v 0.25583534 0.10718863 1.92137938 0.98039216 0.98823529 1.00000000
v 0.15000000 0.12723463 1.99391404 0.98039216 0.98823529 1.00000000
v 0.18671304 0.02482727 1.59240457 0.98039216 0.98823529 1.00000000
v 0.25654538 0.05959405 1.76816852 0.98039216 0.98823529 1.00000000
v 0.24826024 0.03248522 1.59221110 0.98039216 0.98823529 1.00000000
v 0.15000000 0.03339549 1.68499142 0.98039216 0.98823529 1.00000000
v 0.28448196 0.05051859 1.68337906 0.98039216 0.98823529 1.00000000
v 0.08016765 0.07787203 1.86057310 0.98039216 0.98823529 1.00000000
v 0.21983235 0.07787203 1.86057310 0.98039216 0.98823529 1.00000000
v 0.11377828 0.09943851 1.93069437 0.98039216 0.98823529 1.00000000
v 0.11325075 0.05169150 1.77748714 0.98039216 0.98823529 1.00000000
v 0.18622172 0.09943851 1.93069437 0.98039216 0.98823529 1.00000000
v 0.18674925 0.05169150 1.77748714 0.98039216 0.98823529 1.00000000
v -0.06625475 0.69102859 1.59110554 0.98039216 0.98823529 1.00000000
v -0.01741722 0.68347057 1.76638138 0.98039216 0.98823529 1.00000000
v -0.00991333 0.71237993 1.59142149 0.98039216 0.98823529 1.00000000
v 0.11380308 0.60138487 2.04430061 0.98039216 0.98823529 1.00000000
v 0.04416466 0.65281137 1.92137938 0.98039216 0.98823529 1.00000000
v 0.11328696 0.73517273 1.59240457 0.98039216 0.98823529 1.00000000
v 0.04345462 0.70040595 1.76816852 0.98039216 0.98823529 1.00000000
v 0.05173976 0.72751478 1.59221110 0.98039216 0.98823529 1.00000000
v 0.01551804 0.70948141 1.68337906 0.98039216 0.98823529 1.00000000
v 0.36625475 0.69102859 1.59110554 0.98039216 0.98823529 1.00000000
v 0.31741722 0.68347057 1.76638138 0.98039216 0.98823529 1.00000000
v 0.30991333 0.71237993 1.59142149 0.98039216 0.98823529 1.00000000
v 0.18619692 0.60138487 2.04430061 0.98039216 0.98823529 1.00000000
v 0.25583534 0.65281137 1.92137938 0.98039216 0.98823529 1.00000000
v 0.15000000 0.63276537 1.99391404 0.98039216 0.98823529 1.00000000
v 0.18671304 0.73517273 1.59240457 0.98039216 0.98823529 1.00000000
v 0.25654538 0.70040595 1.76816852 0.98039216 0.98823529 1.00000000
v 0.24826024 0.72751478 1.59221110 0.98039216 0.98823529 1.00000000
v 0.15000000 0.72660451 1.68499142 0.98039216 0.98823529 1.00000000
v 0.28448196 0.70948141 1.68337906 0.98039216 0.98823529 1.00000000
v 0.08016765 0.68212797 1.86057310 0.98039216 0.98823529 1.00000000
v 0.21983235 0.68212797 1.86057310 0.98039216 0.98823529 1.00000000
v 0.11377828 0.66056149 1.93069437 0.98039216 0.98823529 1.00000000
v 0.11325075 0.70830850 1.77748714 0.98039216 0.98823529 1.00000000
v 0.18622172 0.66056149 1.93069437 0.98039216 0.98823529 1.00000000
v 0.18674925 0.70830850 1.77748714 0.98039216 0.98823529 1.00000000
v 0.15000000 0.23495342 2.13540615 0.98039216 0.98823529 1.00000000
v 0.15000000 0.33039237 2.18776076 0.98039216 0.98823529 1.00000000
v 0.15000000 0.52504658 2.13540615 0.98039216 0.98823529 1.00000000
v 0.15000000 0.42960763 2.18776076 0.98039216 0.98823529 1.00000000
v -0.06625475 0.06897141 1.40889446 0.98039216 0.98823529 1.00000000
v -0.01741722 0.07652943 1.23361862 0.98039216 0.98823529 1.00000000
v -0.00991333 0.04762007 1.40857851 0.98039216 0.98823529 1.00000000
v 0.11380308 0.15861513 0.95569939 0.98039216 0.98823529 1.00000000
v 0.04416466 0.10718863 1.07862062 0.98039216 0.98823529 1.00000000
v 0.11328696 0.02482727 1.40759543 0.98039216 0.98823529 1.00000000
v 0.04345462 0.05959405 1.23183148 0.98039216 0.98823529 1.00000000
v 0.05173976 0.03248522 1.40778890 0.98039216 0.98823529 1.00000000
v 0.01551804 0.05051859 1.31662094 0.98039216 0.98823529 1.00000000
v 0.36625475 0.06897141 1.40889446 0.98039216 0.98823529 1.00000000
v 0.31741722 0.07652943 1.23361862 0.98039216 0.98823529 1.00000000
v 0.30991333 0.04762007 1.40857851 0.98039216 0.98823529 1.00000000
v 0.18619692 0.15861513 0.95569939 0.98039216 0.98823529 1.00000000
v 0.25583534 0.10718863 1.07862062 0.98039216 0.98823529 1.00000000
v 0.15000000 0.12723463 1.00608596 0.98039216 0.98823529 1.00000000
v 0.18671304 0.02482727 1.40759543 0.98039216 0.98823529 1.00000000
v 0.25654538 0.05959405 1.23183148 0.98039216 0.98823529 1.00000000
v 0.24826024 0.03248522 1.40778890 0.98039216 0.98823529 1.00000000
v 0.15000000 0.03339549 1.31500858 0.98039216 0.98823529 1.00000000
v 0.28448196 0.05051859 1.31662094 0.98039216 0.98823529 1.00000000
v 0.08016765 0.07787203 1.13942690 0.98039216 0.98823529 1.00000000
v 0.21983235 0.07787203 1.13942690 0.98039216 0.98823529 1.00000000
v 0.11377828 0.09943851 1.06930563 0.98039216 0.98823529 1.00000000
v 0.11325075 0.05169150 1.22251286 0.98039216 0.98823529 1.00000000
v 0.18622172 0.09943851 1.06930563 0.98039216 0.98823529 1.00000000
v 0.18674925 0.05169150 1.22251286 0.98039216 0.98823529 1.00000000
v -0.06625475 0.69102859 1.40889446 0.98039216 0.98823529 1.00000000
v -0.01741722 0.68347057 1.23361862 0.98039216 0.98823529 1.00000000
v -0.00991333 0.71237993 1.40857851 0.98039216 0.98823529 1.00000000
v 0.11380308 0.60138487 0.95569939 0.98039216 0.98823529 1.00000000
v 0.04416466 0.65281137 1.07862062 0.98039216 0.98823529 1.00000000
v 0.11328696 0.73517273 1.40759543 0.98039216 0.98823529 1.00000000
v 0.04345462 0.70040595 1.23183148 0.98039216 0.98823529 1.00000000
v 0.05173976 0.72751478 1.40778890 0.98039216 0.98823529 1.00000000
v 0.01551804 0.70948141 1.31662094 0.98039216 0.98823529 1.00000000
v 0.36625475 0.69102859 1.40889446 0.98039216 0.98823529 1.00000000
v 0.31741722 0.68347057 1.23361862 0.98039216 0.98823529 1.00000000
v 0.30991333 0.71237993 1.40857851 0.98039216 0.98823529 1.00000000
v 0.18619692 0.60138487 0.95569939 0.98039216 0.98823529 1.00000000
v 0.25583534 0.65281137 1.07862062 0.98039216 0.98823529 1.00000000
v 0.15000000 0.63276537 1.00608596 0.98039216 0.98823529 1.00000000
v 0.18671304 0.73517273 1.40759543 0.98039216 0.98823529 1.00000000
v 0.25654538 0.70040595 1.23183148 0.98039216 0.98823529 1.00000000
v 0.24826024 0.72751478 1.40778890 0.98039216 0.98823529 1.00000000
v 0.15000000 0.72660451 1.31500858 0.98039216 0.98823529 1.00000000
v 0.28448196 0.70948141 1.31662094 0.98039216 0.98823529 1.00000000
v 0.08016765 0.68212797 1.13942690 0.98039216 0.98823529 1.00000000
v 0.21983235 0.68212797 1.13942690 0.98039216 0.98823529 1.00000000
v 0.11377828 0.66056149 1.06930563 0.98039216 0.98823529 1.00000000
v 0.11325075 0.70830850 1.22251286 0.98039216 0.98823529 1.00000000
v 0.18622172 0.66056149 1.06930563 0.98039216 0.98823529 1.00000000
v 0.18674925 0.70830850 1.22251286 0.98039216 0.98823529 1.00000000
v 0.15000000 0.23495342 0.86459385 0.98039216 0.98823529 1.00000000
v 0.15000000 0.33039237 0.81223924 0.98039216 0.98823529 1.00000000
v 0.15000000 0.52504658 0.86459385 0.98039216 0.98823529 1.00000000
v 0.15000000 0.42960763 0.81223924 0.98039216 0.98823529 1.00000000
v 0.42482260 0.66186996 1.44369368 0.98039216 0.98823529 1.00000000
v 0.48866239 0.59821432 1.33536726 0.98039216 0.98823529 1.00000000
v 0.40500674 0.66503666 1.35207692 0.98039216 0.98823529 1.00000000
v 0.53610446 0.42717966 1.16360372 0.98039216 0.98823529 1.00000000
v 0.52672208 0.51794750 1.23957322 0.98039216 0.98823529 1.00000000
v 0.35266136 0.65255358 1.17472231 0.98039216 0.98823529 1.00000000
v 0.46565247 0.59629974 1.24185816 0.98039216 0.98823529 1.00000000
v 0.38039669 0.66172923 1.25963135 0.98039216 0.98823529 1.00000000
v 0.43900467 0.63255062 1.29445441 0.98039216 0.98823529 1.00000000
v 0.42482260 0.09813004 1.44369368 0.98039216 0.98823529 1.00000000
v 0.48866239 0.16178568 1.33536726 0.98039216 0.98823529 1.00000000
v 0.40500674 0.09496334 1.35207692 0.98039216 0.98823529 1.00000000
v 0.53610446 0.33282034 1.16360372 0.98039216 0.98823529 1.00000000
v 0.52672208 0.24205250 1.23957322 0.98039216 0.98823529 1.00000000
v 0.35266136 0.10744642 1.17472231 0.98039216 0.98823529 1.00000000
v 0.46565247 0.16370026 1.24185816 0.98039216 0.98823529 1.00000000
v 0.38039669 0.09827077 1.25963135 0.98039216 0.98823529 1.00000000
v 0.43900467 0.12744938 1.29445441 0.98039216 0.98823529 1.00000000
v 0.20856785 0.20579479 0.89939307 0.98039216 0.98823529 1.00000000
v 0.32124517 0.24513613 0.91398787 0.98039216 0.98823529 1.00000000
v 0.24509341 0.17457790 0.94958438 0.98039216 0.98823529 1.00000000
v 0.20877096 0.25118093 0.85816289 0.98039216 0.98823529 1.00000000
v 0.49990753 0.35084137 1.07249818 0.98039216 0.98823529 1.00000000
v 0.42088675 0.29474376 0.97319184 0.98039216 0.98823529 1.00000000
v 0.50383862 0.30339698 1.10332285 0.98039216 0.98823529 1.00000000
v 0.31594832 0.12572440 1.08231774 0.98039216 0.98823529 1.00000000
v 0.35910709 0.21674502 0.97368964 0.98039216 0.98823529 1.00000000
v 0.28213645 0.14719068 1.01231604 0.98039216 0.98823529 1.00000000
v 0.37917080 0.14749063 1.10818188 0.98039216 0.98823529 1.00000000
v 0.30452271 0.19440267 0.95597114 0.98039216 0.98823529 1.00000000
v 0.20940294 0.35042561 0.81414922 0.98039216 0.98823529 1.00000000
v 0.32239405 0.29417178 0.88128507 0.98039216 0.98823529 1.00000000
v 0.20927856 0.30084592 0.82893698 0.98039216 0.98823529 1.00000000
v 0.26788654 0.27166731 0.86376004 0.98039216 0.98823529 1.00000000
v 0.48834237 0.21155263 1.18474900 0.98039216 0.98823529 1.00000000
v 0.41851003 0.24631941 1.00898505 0.98039216 0.98823529 1.00000000
v 0.49973284 0.25552338 1.14160515 0.98039216 0.98823529 1.00000000
v 0.43863233 0.17709419 1.14351209 0.98039216 0.98823529 1.00000000
v 0.46351112 0.27355675 1.05043718 0.98039216 0.98823529 1.00000000
v 0.40188308 0.19539019 1.05101638 0.98039216 0.98823529 1.00000000
v 0.20856785 0.55420521 0.89939307 0.98039216 0.98823529 1.00000000
v 0.32124517 0.51486387 0.91398787 0.98039216 0.98823529 1.00000000
v 0.24509341 0.58542210 0.94958438 0.98039216 0.98823529 1.00000000
v 0.20877096 0.50881907 0.85816289 0.98039216 0.98823529 1.00000000
v 0.49990753 0.40915863 1.07249818 0.98039216 0.98823529 1.00000000
v 0.42088675 0.46525624 0.97319184 0.98039216 0.98823529 1.00000000
v 0.50383862 0.45660302 1.10332285 0.98039216 0.98823529 1.00000000
v 0.46751617 0.38000000 1.01190136 0.98039216 0.98823529 1.00000000
v 0.31594832 0.63427560 1.08231774 0.98039216 0.98823529 1.00000000
v 0.35910709 0.54325498 0.97368964 0.98039216 0.98823529 1.00000000
v 0.28213645 0.61280932 1.01231604 0.98039216 0.98823529 1.00000000
v 0.37917080 0.61250937 1.10818188 0.98039216 0.98823529 1.00000000
v 0.30452271 0.56559733 0.95597114 0.98039216 0.98823529 1.00000000
v 0.20940294 0.40957439 0.81414922 0.98039216 0.98823529 1.00000000
v 0.32239405 0.46582822 0.88128507 0.98039216 0.98823529 1.00000000
v 0.20927856 0.45915408 0.82893698 0.98039216 0.98823529 1.00000000
v 0.26892306 0.38000000 0.83069474 0.98039216 0.98823529 1.00000000
v 0.26788654 0.48833269 0.86376004 0.98039216 0.98823529 1.00000000
v 0.48834237 0.54844737 1.18474900 0.98039216 0.98823529 1.00000000
v 0.41851003 0.51368059 1.00898505 0.98039216 0.98823529 1.00000000
v 0.49973284 0.50447662 1.14160515 0.98039216 0.98823529 1.00000000
v 0.43863233 0.58290581 1.14351209 0.98039216 0.98823529 1.00000000
v 0.46351112 0.48644325 1.05043718 0.98039216 0.98823529 1.00000000
v 0.40188308 0.56460981 1.05101638 0.98039216 0.98823529 1.00000000
v 0.38179699 0.32374617 0.91658048 0.98039216 0.98823529 1.00000000
v 0.38179699 0.43625383 0.91658048 0.98039216 0.98823529 1.00000000
v 0.42687495 0.35082139 0.95822608 0.98039216 0.98823529 1.00000000
v 0.32838459 0.35039644 0.86602496 0.98039216 0.98823529 1.00000000
v 0.42687495 0.40917861 0.95822608 0.98039216 0.98823529 1.00000000
v 0.32838459 0.40960356 0.86602496 0.98039216 0.98823529 1.00000000
v 0.42482260 0.66186996 1.55630632 0.98039216 0.98823529 1.00000000
v 0.48866239 0.59821432 1.66463274 0.98039216 0.98823529 1.00000000
v 0.40500674 0.66503666 1.64792308 0.98039216 0.98823529 1.00000000
v 0.46377770 0.63577691 1.50000000 0.98039216 0.98823529 1.00000000
v 0.53610446 0.42717966 1.83639628 0.98039216 0.98823529 1.00000000
v 0.52672208 0.51794750 1.76042678 0.98039216 0.98823529 1.00000000
v 0.35266136 0.65255358 1.82527769 0.98039216 0.98823529 1.00000000
v 0.46565247 0.59629974 1.75814184 0.98039216 0.98823529 1.00000000
v 0.38039669 0.66172923 1.74036865 0.98039216 0.98823529 1.00000000
v 0.43900467 0.63255062 1.70554559 0.98039216 0.98823529 1.00000000
v 0.52505541 0.56672535 1.39137191 0.98039216 0.98823529 1.00000000
v 0.52505541 0.56672535 1.60862809 0.98039216 0.98823529 1.00000000
v 0.49828323 0.60303815 1.44365510 0.98039216 0.98823529 1.00000000
v 0.49828323 0.60303815 1.55634490 0.98039216 0.98823529 1.00000000
v 0.42482260 0.09813004 1.55630632 0.98039216 0.98823529 1.00000000
v 0.48866239 0.16178568 1.66463274 0.98039216 0.98823529 1.00000000
v 0.40500674 0.09496334 1.64792308 0.98039216 0.98823529 1.00000000
v 0.46377770 0.12422309 1.50000000 0.98039216 0.98823529 1.00000000
v 0.53610446 0.33282034 1.83639628 0.98039216 0.98823529 1.00000000
v 0.52672208 0.24205250 1.76042678 0.98039216 0.98823529 1.00000000
v 0.35266136 0.10744642 1.82527769 0.98039216 0.98823529 1.00000000
v 0.46565247 0.16370026 1.75814184 0.98039216 0.98823529 1.00000000
v 0.38039669 0.09827077 1.74036865 0.98039216 0.98823529 1.00000000
v 0.43900467 0.12744938 1.70554559 0.98039216 0.98823529 1.00000000
v 0.52505541 0.19327465 1.39137191 0.98039216 0.98823529 1.00000000
v 0.52505541 0.19327465 1.60862809 0.98039216 0.98823529 1.00000000
v 0.49828323 0.15696185 1.44365510 0.98039216 0.98823529 1.00000000
v 0.49828323 0.15696185 1.55634490 0.98039216 0.98823529 1.00000000
v 0.20856785 0.20579479 2.10060693 0.98039216 0.98823529 1.00000000
v 0.32124517 0.24513613 2.08601213 0.98039216 0.98823529 1.00000000
v 0.24509341 0.17457790 2.05041562 0.98039216 0.98823529 1.00000000
v 0.20877096 0.25118093 2.14183711 0.98039216 0.98823529 1.00000000
v 0.49990753 0.35084137 1.92750182 0.98039216 0.98823529 1.00000000
v 0.42088675 0.29474376 2.02680816 0.98039216 0.98823529 1.00000000
v 0.50383862 0.30339698 1.89667715 0.98039216 0.98823529 1.00000000
v 0.31594832 0.12572440 1.91768226 0.98039216 0.98823529 1.00000000
v 0.35910709 0.21674502 2.02631036 0.98039216 0.98823529 1.00000000
v 0.28213645 0.14719068 1.98768396 0.98039216 0.98823529 1.00000000
v 0.37917080 0.14749063 1.89181812 0.98039216 0.98823529 1.00000000
v 0.30452271 0.19440267 2.04402886 0.98039216 0.98823529 1.00000000
v 0.20940294 0.35042561 2.18585078 0.98039216 0.98823529 1.00000000
v 0.32239405 0.29417178 2.11871493 0.98039216 0.98823529 1.00000000
v 0.20927856 0.30084592 2.17106302 0.98039216 0.98823529 1.00000000
v 0.26788654 0.27166731 2.13623996 0.98039216 0.98823529 1.00000000
v 0.48834237 0.21155263 1.81525100 0.98039216 0.98823529 1.00000000
v 0.41851003 0.24631941 1.99101495 0.98039216 0.98823529 1.00000000
v 0.49973284 0.25552338 1.85839485 0.98039216 0.98823529 1.00000000
v 0.43863233 0.17709419 1.85648791 0.98039216 0.98823529 1.00000000
v 0.46351112 0.27355675 1.94956282 0.98039216 0.98823529 1.00000000
v 0.40188308 0.19539019 1.94898362 0.98039216 0.98823529 1.00000000
v 0.20856785 0.55420521 2.10060693 0.98039216 0.98823529 1.00000000
v 0.32124517 0.51486387 2.08601213 0.98039216 0.98823529 1.00000000
v 0.24509341 0.58542210 2.05041562 0.98039216 0.98823529 1.00000000
v 0.20877096 0.50881907 2.14183711 0.98039216 0.98823529 1.00000000
v 0.49990753 0.40915863 1.92750182 0.98039216 0.98823529 1.00000000
v 0.42088675 0.46525624 2.02680816 0.98039216 0.98823529 1.00000000
v 0.50383862 0.45660302 1.89667715 0.98039216 0.98823529 1.00000000
v 0.46751617 0.38000000 1.98809864 0.98039216 0.98823529 1.00000000
v 0.31594832 0.63427560 1.91768226 0.98039216 0.98823529 1.00000000
v 0.35910709 0.54325498 2.02631036 0.98039216 0.98823529 1.00000000
v 0.28213645 0.61280932 1.98768396 0.98039216 0.98823529 1.00000000
v 0.37917080 0.61250937 1.89181812 0.98039216 0.98823529 1.00000000
v 0.30452271 0.56559733 2.04402886 0.98039216 0.98823529 1.00000000
v 0.20940294 0.40957439 2.18585078 0.98039216 0.98823529 1.00000000
v 0.32239405 0.46582822 2.11871493 0.98039216 0.98823529 1.00000000
v 0.20927856 0.45915408 2.17106302 0.98039216 0.98823529 1.00000000
v 0.26892306 0.38000000 2.16930526 0.98039216 0.98823529 1.00000000
v 0.26788654 0.48833269 2.13623996 0.98039216 0.98823529 1.00000000
v 0.48834237 0.54844737 1.81525100 0.98039216 0.98823529 1.00000000
v 0.41851003 0.51368059 1.99101495 0.98039216 0.98823529 1.00000000
v 0.49973284 0.50447662 1.85839485 0.98039216 0.98823529 1.00000000
v 0.43863233 0.58290581 1.85648791 0.98039216 0.98823529 1.00000000
v 0.46351112 0.48644325 1.94956282 0.98039216 0.98823529 1.00000000
v 0.40188308 0.56460981 1.94898362 0.98039216 0.98823529 1.00000000
v 0.38179699 0.32374617 2.08341952 0.98039216 0.98823529 1.00000000
v 0.38179699 0.43625383 2.08341952 0.98039216 0.98823529 1.00000000
v 0.42687495 0.35082139 2.04177392 0.98039216 0.98823529 1.00000000
v 0.32838459 0.35039644 2.13397504 0.98039216 0.98823529 1.00000000
v 0.42687495 0.40917861 2.04177392 0.98039216 0.98823529 1.00000000
v 0.32838459 0.40960356 2.13397504 0.98039216 0.98823529 1.00000000
v 0.55847538 0.38000000 1.21991005 0.98039216 0.98823529 1.00000000
v 0.59213192 0.38000000 1.40420596 0.98039216 0.98823529 1.00000000
v 0.56260957 0.42734327 1.25124593 0.98039216 0.98823529 1.00000000
v 0.56260957 0.33265673 1.25124593 0.98039216 0.98823529 1.00000000
v 0.55847538 0.38000000 1.78008995 0.98039216 0.98823529 1.00000000
v 0.59213192 0.38000000 1.59579404 0.98039216 0.98823529 1.00000000
v 0.56260957 0.42734327 1.74875407 0.98039216 0.98823529 1.00000000
v 0.56260957 0.33265673 1.74875407 0.98039216 0.98823529 1.00000000
v 0.54774531 0.51887298 1.33426274 0.98039216 0.98823529 1.00000000
v 0.59090408 0.42785237 1.44289083 0.98039216 0.98823529 1.00000000
v 0.55901140 0.47496416 1.29080583 0.98039216 0.98823529 1.00000000
v 0.55755538 0.52369870 1.44283451 0.98039216 0.98823529 1.00000000
v 0.58139766 0.42775217 1.34715074 0.98039216 0.98823529 1.00000000
v 0.54774531 0.24112702 1.33426274 0.98039216 0.98823529 1.00000000
v 0.59090408 0.33214763 1.44289083 0.98039216 0.98823529 1.00000000
v 0.55901140 0.28503584 1.29080583 0.98039216 0.98823529 1.00000000
v 0.55755538 0.23630130 1.44283451 0.98039216 0.98823529 1.00000000
v 0.58139766 0.33224783 1.34715074 0.98039216 0.98823529 1.00000000
v 0.54774531 0.51887298 1.66573726 0.98039216 0.98823529 1.00000000
v 0.59090408 0.42785237 1.55710917 0.98039216 0.98823529 1.00000000
v 0.55901140 0.47496416 1.70919417 0.98039216 0.98823529 1.00000000
v 0.55755538 0.52369870 1.55716549 0.98039216 0.98823529 1.00000000
v 0.58139766 0.42775217 1.65284926 0.98039216 0.98823529 1.00000000
v 0.58026767 0.47579913 1.50000000 0.98039216 0.98823529 1.00000000
v 0.54774531 0.24112702 1.66573726 0.98039216 0.98823529 1.00000000
v 0.59090408 0.33214763 1.55710917 0.98039216 0.98823529 1.00000000
v 0.55901140 0.28503584 1.70919417 0.98039216 0.98823529 1.00000000
v 0.55755538 0.23630130 1.55716549 0.98039216 0.98823529 1.00000000
v 0.58139766 0.33224783 1.65284926 0.98039216 0.98823529 1.00000000
v 0.58026767 0.28420087 1.50000000 0.98039216 0.98823529 1.00000000
v -0.12482260 0.66186996 1.44369368 0.98039216 0.98823529 1.00000000
v -0.18866239 0.59821432 1.33536726 0.98039216 0.98823529 1.00000000
v -0.10500674 0.66503666 1.35207692 0.98039216 0.98823529 1.00000000
v -0.23610446 0.42717966 1.16360372 0.98039216 0.98823529 1.00000000
v -0.22672208 0.51794750 1.23957322 0.98039216 0.98823529 1.00000000
v -0.05266136 0.65255358 1.17472231 0.98039216 0.98823529 1.00000000
v -0.16565247 0.59629974 1.24185816 0.98039216 0.98823529 1.00000000
v -0.08039669 0.66172923 1.25963135 0.98039216 0.98823529 1.00000000
v -0.13900467 0.63255062 1.29445441 0.98039216 0.98823529 1.00000000
v -0.12482260 0.09813004 1.44369368 0.98039216 0.98823529 1.00000000
v -0.18866239 0.16178568 1.33536726 0.98039216 0.98823529 1.00000000
v -0.10500674 0.09496334 1.35207692 0.98039216 0.98823529 1.00000000
v -0.23610446 0.33282034 1.16360372 0.98039216 0.98823529 1.00000000
v -0.22672208 0.24205250 1.23957322 0.98039216 0.98823529 1.00000000
v -0.05266136 0.10744642 1.17472231 0.98039216 0.98823529 1.00000000
v -0.16565247 0.16370026 1.24185816 0.98039216 0.98823529 1.00000000
v -0.08039669 0.09827077 1.25963135 0.98039216 0.98823529 1.00000000
v -0.13900467 0.12744938 1.29445441 0.98039216 0.98823529 1.00000000
v 0.09143215 0.20579479 0.89939307 0.98039216 0.98823529 1.00000000
v -0.02124517 0.24513613 0.91398787 0.98039216 0.98823529 1.00000000
v 0.05490659 0.17457790 0.94958438 0.98039216 0.98823529 1.00000000
v 0.09122904 0.25118093 0.85816289 0.98039216 0.98823529 1.00000000
v -0.19990753 0.35084137 1.07249818 0.98039216 0.98823529 1.00000000
v -0.12088675 0.29474376 0.97319184 0.98039216 0.98823529 1.00000000
v -0.20383862 0.30339698 1.10332285 0.98039216 0.98823529 1.00000000
v -0.01594832 0.12572440 1.08231774 0.98039216 0.98823529 1.00000000
v -0.05910709 0.21674502 0.97368964 0.98039216 0.98823529 1.00000000
v 0.01786355 0.14719068 1.01231604 0.98039216 0.98823529 1.00000000
v -0.07917080 0.14749063 1.10818188 0.98039216 0.98823529 1.00000000
v -0.00452271 0.19440267 0.95597114 0.98039216 0.98823529 1.00000000
v 0.09059706 0.35042561 0.81414922 0.98039216 0.98823529 1.00000000
v -0.02239405 0.29417178 0.88128507 0.98039216 0.98823529 1.00000000
v 0.09072144 0.30084592 0.82893698 0.98039216 0.98823529 1.00000000
v 0.03211346 0.27166731 0.86376004 0.98039216 0.98823529 1.00000000
v -0.18834237 0.21155263 1.18474900 0.98039216 0.98823529 1.00000000
v -0.11851003 0.24631941 1.00898505 0.98039216 0.98823529 1.00000000
v -0.19973284 0.25552338 1.14160515 0.98039216 0.98823529 1.00000000
v -0.13863233 0.17709419 1.14351209 0.98039216 0.98823529 1.00000000
v -0.16351112 0.27355675 1.05043718 0.98039216 0.98823529 1.00000000
v -0.10188308 0.19539019 1.05101638 0.98039216 0.98823529 1.00000000
v 0.09143215 0.55420521 0.89939307 0.98039216 0.98823529 1.00000000
v -0.02124517 0.51486387 0.91398787 0.98039216 0.98823529 1.00000000
v 0.05490659 0.58542210 0.94958438 0.98039216 0.98823529 1.00000000
v 0.09122904 0.50881907 0.85816289 0.98039216 0.98823529 1.00000000
v -0.19990753 0.40915863 1.07249818 0.98039216 0.98823529 1.00000000
v -0.12088675 0.46525624 0.97319184 0.98039216 0.98823529 1.00000000
v -0.20383862 0.45660302 1.10332285 0.98039216 0.98823529 1.00000000
v -0.16751617 0.38000000 1.01190136 0.98039216 0.98823529 1.00000000
v -0.01594832 0.63427560 1.08231774 0.98039216 0.98823529 1.00000000
v -0.05910709 0.54325498 0.97368964 0.98039216 0.98823529 1.00000000
v 0.01786355 0.61280932 1.01231604 0.98039216 0.98823529 1.00000000
v -0.07917080 0.61250937 1.10818188 0.98039216 0.98823529 1.00000000
v -0.00452271 0.56559733 0.95597114 0.98039216 0.98823529 1.00000000
v 0.09059706 0.40957439 0.81414922 0.98039216 0.98823529 1.00000000
v -0.02239405 0.46582822 0.88128507 0.98039216 0.98823529 1.00000000
v 0.09072144 0.45915408 0.82893698 0.98039216 0.98823529 1.00000000
v 0.03107694 0.38000000 0.83069474 0.98039216 0.98823529 1.00000000
v 0.03211346 0.48833269 0.86376004 0.98039216 0.98823529 1.00000000
v -0.18834237 0.54844737 1.18474900 0.98039216 0.98823529 1.00000000
v -0.11851003 0.51368059 1.00898505 0.98039216 0.98823529 1.00000000
v -0.19973284 0.50447662 1.14160515 0.98039216 0.98823529 1.00000000
v -0.13863233 0.58290581 1.14351209 0.98039216 0.98823529 1.00000000
v -0.16351112 0.48644325 1.05043718 0.98039216 0.98823529 1.00000000
v -0.10188308 0.56460981 1.05101638 0.98039216 0.98823529 1.00000000
v -0.08179699 0.32374617 0.91658048 0.98039216 0.98823529 1.00000000
v -0.08179699 0.43625383 0.91658048 0.98039216 0.98823529 1.00000000
v -0.12687495 0.35082139 0.95822608 0.98039216 0.98823529 1.00000000
v -0.02838459 0.35039644 0.86602496 0.98039216 0.98823529 1.00000000
v -0.12687495 0.40917861 0.95822608 0.98039216 0.98823529 1.00000000
v -0.02838459 0.40960356 0.86602496 0.98039216 0.98823529 1.00000000
v -0.12482260 0.66186996 1.55630632 0.98039216 0.98823529 1.00000000
v -0.18866239 0.59821432 1.66463274 0.98039216 0.98823529 1.00000000
v -0.10500674 0.66503666 1.64792308 0.98039216 0.98823529 1.00000000
v -0.16377770 0.63577691 1.50000000 0.98039216 0.98823529 1.00000000
v -0.23610446 0.42717966 1.83639628 0.98039216 0.98823529 1.00000000
v -0.22672208 0.51794750 1.76042678 0.98039216 0.98823529 1.00000000
v -0.05266136 0.65255358 1.82527769 0.98039216 0.98823529 1.00000000
v -0.16565247 0.59629974 1.75814184 0.98039216 0.98823529 1.00000000
v -0.08039669 0.66172923 1.74036865 0.98039216 0.98823529 1.00000000
v -0.13900467 0.63255062 1.70554559 0.98039216 0.98823529 1.00000000
v -0.22505541 0.56672535 1.39137191 0.98039216 0.98823529 1.00000000
v -0.22505541 0.56672535 1.60862809 0.98039216 0.98823529 1.00000000
v -0.19828323 0.60303815 1.44365510 0.98039216 0.98823529 1.00000000
v -0.19828323 0.60303815 1.55634490 0.98039216 0.98823529 1.00000000
v -0.12482260 0.09813004 1.55630632 0.98039216 0.98823529 1.00000000
v -0.18866239 0.16178568 1.66463274 0.98039216 0.98823529 1.00000000
v -0.10500674 0.09496334 1.64792308 0.98039216 0.98823529 1.00000000
v -0.16377770 0.12422309 1.50000000 0.98039216 0.98823529 1.00000000
v -0.23610446 0.33282034 1.83639628 0.98039216 0.98823529 1.00000000
v -0.22672208 0.24205250 1.76042678 0.98039216 0.98823529 1.00000000
v -0.05266136 0.10744642 1.82527769 0.98039216 0.98823529 1.00000000
v -0.16565247 0.16370026 1.75814184 0.98039216 0.98823529 1.00000000
v -0.08039669 0.09827077 1.74036865 0.98039216 0.98823529 1.00000000
v -0.13900467 0.12744938 1.70554559 0.98039216 0.98823529 1.00000000
v -0.22505541 0.19327465 1.39137191 0.98039216 0.98823529 1.00000000
v -0.22505541 0.19327465 1.60862809 0.98039216 0.98823529 1.00000000
v -0.19828323 0.15696185 1.44365510 0.98039216 0.98823529 1.00000000
v -0.19828323 0.15696185 1.55634490 0.98039216 0.98823529 1.00000000
v 0.09143215 0.20579479 2.10060693 0.98039216 0.98823529 1.00000000
v -0.02124517 0.24513613 2.08601213 0.98039216 0.98823529 1.00000000
v 0.05490659 0.17457790 2.05041562 0.98039216 0.98823529 1.00000000
v 0.09122904 0.25118093 2.14183711 0.98039216 0.98823529 1.00000000
v -0.19990753 0.35084137 1.92750182 0.98039216 0.98823529 1.00000000
v -0.12088675 0.29474376 2.02680816 0.98039216 0.98823529 1.00000000
v -0.20383862 0.30339698 1.89667715 0.98039216 0.98823529 1.00000000
v -0.01594832 0.12572440 1.91768226 0.98039216 0.98823529 1.00000000
v -0.05910709 0.21674502 2.02631036 0.98039216 0.98823529 1.00000000
v 0.01786355 0.14719068 1.98768396 0.98039216 0.98823529 1.00000000
v -0.07917080 0.14749063 1.89181812 0.98039216 0.98823529 1.00000000
v -0.00452271 0.19440267 2.04402886 0.98039216 0.98823529 1.00000000
v 0.09059706 0.35042561 2.18585078 0.98039216 0.98823529 1.00000000
v -0.02239405 0.29417178 2.11871493 0.98039216 0.98823529 1.00000000
v 0.09072144 0.30084592 2.17106302 0.98039216 0.98823529 1.00000000
v 0.03211346 0.27166731 2.13623996 0.98039216 0.98823529 1.00000000
v -0.18834237 0.21155263 1.81525100 0.98039216 0.98823529 1.00000000
v -0.11851003 0.24631941 1.99101495 0.98039216 0.98823529 1.00000000
v -0.19973284 0.25552338 1.85839485 0.98039216 0.98823529 1.00000000
v -0.13863233 0.17709419 1.85648791 0.98039216 0.98823529 1.00000000
v -0.16351112 0.27355675 1.94956282 0.98039216 0.98823529 1.00000000
v -0.10188308 0.19539019 1.94898362 0.98039216 0.98823529 1.00000000
v 0.09143215 0.55420521 2.10060693 0.98039216 0.98823529 1.00000000
v -0.02124517 0.51486387 2.08601213 0.98039216 0.98823529 1.00000000
v 0.05490659 0.58542210 2.05041562 0.98039216 0.98823529 1.00000000
v 0.09122904 0.50881907 2.14183711 0.98039216 0.98823529 1.00000000
v -0.19990753 0.40915863 1.92750182 0.98039216 0.98823529 1.00000000
v -0.12088675 0.46525624 2.02680816 0.98039216 0.98823529 1.00000000
v -0.20383862 0.45660302 1.89667715 0.98039216 0.98823529 1.00000000
v -0.16751617 0.38000000 1.98809864 0.98039216 0.98823529 1.00000000
v -0.01594832 0.63427560 1.91768226 0.98039216 0.98823529 1.00000000
v -0.05910709 0.54325498 2.02631036 0.98039216 0.98823529 1.00000000
v 0.01786355 0.61280932 1.98768396 0.98039216 0.98823529 1.00000000
v -0.07917080 0.61250937 1.89181812 0.98039216 0.98823529 1.00000000
v -0.00452271 0.56559733 2.04402886 0.98039216 0.98823529 1.00000000
v 0.09059706 0.40957439 2.18585078 0.98039216 0.98823529 1.00000000
v -0.02239405 0.46582822 2.11871493 0.98039216 0.98823529 1.00000000
v 0.09072144 0.45915408 2.17106302 0.98039216 0.98823529 1.00000000
v 0.03107694 0.38000000 2.16930526 0.98039216 0.98823529 1.00000000
v 0.03211346 0.48833269 2.13623996 0.98039216 0.98823529 1.00000000
v -0.18834237 0.54844737 1.81525100 0.98039216 0.98823529 1.00000000
v -0.11851003 0.51368059 1.99101495 0.98039216 0.98823529 1.00000000
v -0.19973284 0.50447662 1.85839485 0.98039216 0.98823529 1.00000000
v -0.13863233 0.58290581 1.85648791 0.98039216 0.98823529 1.00000000
v -0.16351112 0.48644325 1.94956282 0.98039216 0.98823529 1.00000000
v -0.10188308 0.56460981 1.94898362 0.98039216 0.98823529 1.00000000
v -0.08179699 0.32374617 2.08341952 0.98039216 0.98823529 1.00000000
v -0.08179699 0.43625383 2.08341952 0.98039216 0.98823529 1.00000000
v -0.12687495 0.35082139 2.04177392 0.98039216 0.98823529 1.00000000
v -0.02838459 0.35039644 2.13397504 0.98039216 0.98823529 1.00000000
v -0.12687495 0.40917861 2.04177392 0.98039216 0.98823529 1.00000000
v -0.02838459 0.40960356 2.13397504 0.98039216 0.98823529 1.00000000
v -0.25847538 0.38000000 1.21991005 0.98039216 0.98823529 1.00000000
v -0.29213192 0.38000000 1.40420596 0.98039216 0.98823529 1.00000000
v -0.26260957 0.42734327 1.25124593 0.98039216 0.98823529 1.00000000
v -0.26260957 0.33265673 1.25124593 0.98039216 0.98823529 1.00000000
v -0.25847538 0.38000000 1.78008995 0.98039216 0.98823529 1.00000000
v -0.29213192 0.38000000 1.59579404 0.98039216 0.98823529 1.00000000
v -0.26260957 0.42734327 1.74875407 0.98039216 0.98823529 1.00000000
v -0.26260957 0.33265673 1.74875407 0.98039216 0.98823529 1.00000000
v -0.24774531 0.51887298 1.33426274 0.98039216 0.98823529 1.00000000
v -0.29090408 0.42785237 1.44289083 0.98039216 0.98823529 1.00000000
v -0.25901140 0.47496416 1.29080583 0.98039216 0.98823529 1.00000000
v -0.25755538 0.52369870 1.44283451 0.98039216 0.98823529 1.00000000
v -0.28139766 0.42775217 1.34715074 0.98039216 0.98823529 1.00000000
v -0.24774531 0.24112702 1.33426274 0.98039216 0.98823529 1.00000000
v -0.29090408 0.33214763 1.44289083 0.98039216 0.98823529 1.00000000
v -0.25901140 0.28503584 1.29080583 0.98039216 0.98823529 1.00000000
v -0.25755538 0.23630130 1.44283451 0.98039216 0.98823529 1.00000000
v -0.28139766 0.33224783 1.34715074 0.98039216 0.98823529 1.00000000
v -0.24774531 0.51887298 1.66573726 0.98039216 0.98823529 1.00000000
v -0.29090408 0.42785237 1.55710917 0.98039216 0.98823529 1.00000000
v -0.25901140 0.47496416 1.70919417 0.98039216 0.98823529 1.00000000
v -0.25755538 0.52369870 1.55716549 0.98039216 0.98823529 1.00000000
v -0.28139766 0.42775217 1.65284926 0.98039216 0.98823529 1.00000000
v -0.28026767 0.47579913 1.50000000 0.98039216 0.98823529 1.00000000
v -0.24774531 0.24112702 1.66573726 0.98039216 0.98823529 1.00000000
v -0.29090408 0.33214763 1.55710917 0.98039216 0.98823529 1.00000000
v -0.25901140 0.28503584 1.70919417 0.98039216 0.98823529 1.00000000
v -0.25755538 0.23630130 1.55716549 0.98039216 0.98823529 1.00000000
v -0.28139766 0.33224783 1.65284926 0.98039216 0.98823529 1.00000000
v -0.28026767 0.28420087 1.50000000 0.98039216 0.98823529 1.00000000
v -0.05000000 0.35000000 1.49500000 0.98039216 0.98823529 1.00000000
v -0.02663727 0.33757782 1.49806484 0.98039216 0.98823529 1.00000000
v -0.00407013 0.32557865 1.50715500 0.98039216 0.98823529 1.00000000
v 0.01693293 0.31441113 1.52196092 0.98039216 0.98823529 1.00000000
v 0.03565666 0.30445554 1.54197839 0.98039216 0.98823529 1.00000000
v 0.05146346 0.29605092 1.56652577 0.98039216 0.98823529 1.00000000
v 0.06381505 0.28948347 1.59476710 0.98039216 0.98823529 1.00000000
v 0.07229080 0.28497683 1.62574066 0.98039216 0.98823529 1.00000000
v 0.07660208 0.28268448 1.65839170 0.98039216 0.98823529 1.00000000
v 0.07660208 0.28268448 2.24160830 0.98039216 0.98823529 1.00000000
v 0.07229080 0.28497683 2.27425934 0.98039216 0.98823529 1.00000000
v 0.06381505 0.28948347 2.30523290 0.98039216 0.98823529 1.00000000
v 0.05146346 0.29605092 2.33347423 0.98039216 0.98823529 1.00000000
v 0.03565666 0.30445554 2.35802161 0.98039216 0.98823529 1.00000000
v 0.01693293 0.31441113 2.37803908 0.98039216 0.98823529 1.00000000
v -0.00407013 0.32557865 2.39284500 0.98039216 0.98823529 1.00000000
v -0.02663727 0.33757782 2.40193516 0.98039216 0.98823529 1.00000000
v -0.05000000 0.35000000 2.40500000 0.98039216 0.98823529 1.00000000
v -0.02512527 0.34382045 1.49806484 0.98039216 0.98823529 1.00000000
v -0.00109763 0.33785134 1.50715500 0.98039216 0.98823529 1.00000000
v 0.02126471 0.33229593 1.52196092 0.98039216 0.98823529 1.00000000
v 0.04120021 0.32734342 1.54197839 0.98039216 0.98823529 1.00000000
v 0.05802999 0.32316245 1.56652577 0.98039216 0.98823529 1.00000000
v 0.07118095 0.31989540 1.59476710 0.98039216 0.98823529 1.00000000
v 0.08020523 0.31765352 1.62574066 0.98039216 0.98823529 1.00000000
v 0.08479553 0.31651317 1.65839170 0.98039216 0.98823529 1.00000000
v 0.08479553 0.31651317 2.24160830 0.98039216 0.98823529 1.00000000
v 0.08020523 0.31765352 2.27425934 0.98039216 0.98823529 1.00000000
v 0.07118095 0.31989540 2.30523290 0.98039216 0.98823529 1.00000000
v 0.05802999 0.32316245 2.33347423 0.98039216 0.98823529 1.00000000
v 0.04120021 0.32734342 2.35802161 0.98039216 0.98823529 1.00000000
v 0.02126471 0.33229593 2.37803908 0.98039216 0.98823529 1.00000000
v -0.00109763 0.33785134 2.39284500 0.98039216 0.98823529 1.00000000
v -0.02512527 0.34382045 2.40193516 0.98039216 0.98823529 1.00000000
v -0.02661354 0.35080843 1.49806484 0.98039216 0.98823529 1.00000000
v -0.00402348 0.35158933 1.50715500 0.98039216 0.98823529 1.00000000
v 0.01700091 0.35231611 1.52196092 0.98039216 0.98823529 1.00000000
v 0.03574366 0.35296401 1.54197839 0.98039216 0.98823529 1.00000000
v 0.05156651 0.35351098 1.56652577 0.98039216 0.98823529 1.00000000
v 0.06393064 0.35393839 1.59476710 0.98039216 0.98823529 1.00000000
v 0.07241499 0.35423168 1.62574066 0.98039216 0.98823529 1.00000000
v 0.07673066 0.35438087 1.65839170 0.98039216 0.98823529 1.00000000
v 0.07673066 0.35438087 2.24160830 0.98039216 0.98823529 1.00000000
v 0.07241499 0.35423168 2.27425934 0.98039216 0.98823529 1.00000000
v 0.06393064 0.35393839 2.30523290 0.98039216 0.98823529 1.00000000
v 0.05156651 0.35351098 2.33347423 0.98039216 0.98823529 1.00000000
v 0.03574366 0.35296401 2.35802161 0.98039216 0.98823529 1.00000000
v 0.01700091 0.35231611 2.37803908 0.98039216 0.98823529 1.00000000
v -0.00402348 0.35158933 2.39284500 0.98039216 0.98823529 1.00000000
v -0.02661354 0.35080843 2.40193516 0.98039216 0.98823529 1.00000000
v -0.03092256 0.35769890 1.49806484 0.98039216 0.98823529 1.00000000
v -0.01249478 0.36513563 1.50715500 0.98039216 0.98823529 1.00000000
v 0.00465581 0.37205693 1.52196092 0.98039216 0.98823529 1.00000000
v 0.01994516 0.37822710 1.54197839 0.98039216 0.98823529 1.00000000
v 0.03285261 0.38343604 1.56652577 0.98039216 0.98823529 1.00000000
v 0.04293861 0.38750635 1.59476710 0.98039216 0.98823529 1.00000000
v 0.04985970 0.39029943 1.62574066 0.98039216 0.98823529 1.00000000
v 0.05338019 0.39172016 1.65839170 0.98039216 0.98823529 1.00000000
v 0.05338019 0.39172016 2.24160830 0.98039216 0.98823529 1.00000000
v 0.04985970 0.39029943 2.27425934 0.98039216 0.98823529 1.00000000
v 0.04293861 0.38750635 2.30523290 0.98039216 0.98823529 1.00000000
v 0.03285261 0.38343604 2.33347423 0.98039216 0.98823529 1.00000000
v 0.01994516 0.37822710 2.35802161 0.98039216 0.98823529 1.00000000
v 0.00465581 0.37205693 2.37803908 0.98039216 0.98823529 1.00000000
v -0.01249478 0.36513563 2.39284500 0.98039216 0.98823529 1.00000000
v -0.03092256 0.35769890 2.40193516 0.98039216 0.98823529 1.00000000
v -0.03753260 0.36366077 1.49806484 0.98039216 0.98823529 1.00000000
v -0.02548976 0.37685634 1.50715500 0.98039216 0.98823529 1.00000000
v -0.01428158 0.38913735 1.52196092 0.98039216 0.98823529 1.00000000
v -0.00428976 0.40008559 1.54197839 0.98039216 0.98823529 1.00000000
v 0.00414546 0.40932822 1.56652577 0.98039216 0.98823529 1.00000000
v 0.01073682 0.41655050 1.59476710 0.98039216 0.98823529 1.00000000
v 0.01525986 0.42150648 1.62574066 0.98039216 0.98823529 1.00000000
v 0.01756055 0.42402739 1.65839170 0.98039216 0.98823529 1.00000000
v 0.01756055 0.42402739 2.24160830 0.98039216 0.98823529 1.00000000
v 0.01525986 0.42150648 2.27425934 0.98039216 0.98823529 1.00000000
v 0.01073682 0.41655050 2.30523290 0.98039216 0.98823529 1.00000000
v 0.00414546 0.40932822 2.33347423 0.98039216 0.98823529 1.00000000
v -0.00428976 0.40008559 2.35802161 0.98039216 0.98823529 1.00000000
v -0.01428158 0.38913735 2.37803908 0.98039216 0.98823529 1.00000000
v -0.02548976 0.37685634 2.39284500 0.98039216 0.98823529 1.00000000
v -0.03753260 0.36366077 2.40193516 0.98039216 0.98823529 1.00000000
v -0.04564639 0.36797495 1.49806484 0.98039216 0.98823529 1.00000000
v -0.04144104 0.38533779 1.50715500 0.98039216 0.98823529 1.00000000
v -0.03752715 0.40149724 1.52196092 0.98039216 0.98823529 1.00000000
v -0.03403801 0.41590301 1.54197839 0.98039216 0.98823529 1.00000000
v -0.03109243 0.42806454 1.56652577 0.98039216 0.98823529 1.00000000
v -0.02879073 0.43756767 1.59476710 0.98039216 0.98823529 1.00000000
v -0.02721129 0.44408879 1.62574066 0.98039216 0.98823529 1.00000000
v -0.02640789 0.44740583 1.65839170 0.98039216 0.98823529 1.00000000
v -0.02640789 0.44740583 2.24160830 0.98039216 0.98823529 1.00000000
v -0.02721129 0.44408879 2.27425934 0.98039216 0.98823529 1.00000000
v -0.02879073 0.43756767 2.30523290 0.98039216 0.98823529 1.00000000
v -0.03109243 0.42806454 2.33347423 0.98039216 0.98823529 1.00000000
v -0.03403801 0.41590301 2.35802161 0.98039216 0.98823529 1.00000000
v -0.03752715 0.40149724 2.37803908 0.98039216 0.98823529 1.00000000
v -0.04144104 0.38533779 2.39284500 0.98039216 0.98823529 1.00000000
v -0.04564639 0.36797495 2.40193516 0.98039216 0.98823529 1.00000000
v -0.05428529 0.37012109 1.49806484 0.98039216 0.98823529 1.00000000
v -0.05842465 0.38955697 1.50715500 0.98039216 0.98823529 1.00000000
v -0.06227712 0.40764580 1.52196092 0.98039216 0.98823529 1.00000000
v -0.06571151 0.42377156 1.54197839 0.98039216 0.98823529 1.00000000
v -0.06861086 0.43738512 1.56652577 0.98039216 0.98823529 1.00000000
v -0.07087644 0.44802289 1.59476710 0.98039216 0.98823529 1.00000000
v -0.07243109 0.45532260 1.62574066 0.98039216 0.98823529 1.00000000
v -0.07322189 0.45903568 1.65839170 0.98039216 0.98823529 1.00000000
v -0.07322189 0.45903568 2.24160830 0.98039216 0.98823529 1.00000000
v -0.07243109 0.45532260 2.27425934 0.98039216 0.98823529 1.00000000
v -0.07087644 0.44802289 2.30523290 0.98039216 0.98823529 1.00000000
v -0.06861086 0.43738512 2.33347423 0.98039216 0.98823529 1.00000000
v -0.06571151 0.42377156 2.35802161 0.98039216 0.98823529 1.00000000
v -0.06227712 0.40764580 2.37803908 0.98039216 0.98823529 1.00000000
v -0.05842465 0.38955697 2.39284500 0.98039216 0.98823529 1.00000000
v -0.05428529 0.37012109 2.40193516 0.98039216 0.98823529 1.00000000
v -0.06240732 0.36984032 1.49806484 0.98039216 0.98823529 1.00000000
v -0.07439213 0.38900501 1.50715500 0.98039216 0.98823529 1.00000000
v -0.08554629 0.40684142 1.52196092 0.98039216 0.98823529 1.00000000
v -0.09548997 0.42274217 1.54197839 0.98039216 0.98823529 1.00000000
v -0.10388453 0.43616577 1.56652577 0.98039216 0.98823529 1.00000000
v -0.11044413 0.44665510 1.59476710 0.98039216 0.98823529 1.00000000
v -0.11494537 0.45385296 1.62574066 0.98039216 0.98823529 1.00000000
v -0.11723498 0.45751422 1.65839170 0.98039216 0.98823529 1.00000000
v -0.11723498 0.45751422 2.24160830 0.98039216 0.98823529 1.00000000
v -0.11494537 0.45385296 2.27425934 0.98039216 0.98823529 1.00000000
v -0.11044413 0.44665510 2.30523290 0.98039216 0.98823529 1.00000000
v -0.10388453 0.43616577 2.33347423 0.98039216 0.98823529 1.00000000
v -0.09548997 0.42274217 2.35802161 0.98039216 0.98823529 1.00000000
v -0.08554629 0.40684142 2.37803908 0.98039216 0.98823529 1.00000000
v -0.07439213 0.38900501 2.39284500 0.98039216 0.98823529 1.00000000
v -0.06240732 0.36984032 2.40193516 0.98039216 0.98823529 1.00000000
v -0.06903285 0.36716652 1.49806484 0.98039216 0.98823529 1.00000000
v -0.08741756 0.38374846 1.50715500 0.98039216 0.98823529 1.00000000
v -0.10452805 0.39918113 1.52196092 0.98039216 0.98823529 1.00000000
v -0.11978166 0.41293900 1.54197839 0.98039216 0.98823529 1.00000000
v -0.13265894 0.42455356 1.56652577 0.98039216 0.98823529 1.00000000
v -0.14272137 0.43362928 1.59476710 0.98039216 0.98823529 1.00000000
v -0.14962629 0.43985711 1.62574066 0.98039216 0.98823529 1.00000000
v -0.15313854 0.44302496 1.65839170 0.98039216 0.98823529 1.00000000
v -0.15313854 0.44302496 2.24160830 0.98039216 0.98823529 1.00000000
v -0.14962629 0.43985711 2.27425934 0.98039216 0.98823529 1.00000000
v -0.14272137 0.43362928 2.30523290 0.98039216 0.98823529 1.00000000
v -0.13265894 0.42455356 2.33347423 0.98039216 0.98823529 1.00000000
v -0.11978166 0.41293900 2.35802161 0.98039216 0.98823529 1.00000000
v -0.10452805 0.39918113 2.37803908 0.98039216 0.98823529 1.00000000
v -0.08741756 0.38374846 2.39284500 0.98039216 0.98823529 1.00000000
v -0.06903285 0.36716652 2.40193516 0.98039216 0.98823529 1.00000000
v -0.07336273 0.36242218 1.49806484 0.98039216 0.98823529 1.00000000
v -0.09592987 0.37442135 1.50715500 0.98039216 0.98823529 1.00000000
v -0.11693293 0.38558887 1.52196092 0.98039216 0.98823529 1.00000000
v -0.13565666 0.39554446 1.54197839 0.98039216 0.98823529 1.00000000
v -0.15146346 0.40394908 1.56652577 0.98039216 0.98823529 1.00000000
v -0.16381505 0.41051653 1.59476710 0.98039216 0.98823529 1.00000000
v -0.17229080 0.41502317 1.62574066 0.98039216 0.98823529 1.00000000
v -0.17660208 0.41731552 1.65839170 0.98039216 0.98823529 1.00000000
v -0.17660208 0.41731552 2.24160830 0.98039216 0.98823529 1.00000000
v -0.17229080 0.41502317 2.27425934 0.98039216 0.98823529 1.00000000
v -0.16381505 0.41051653 2.30523290 0.98039216 0.98823529 1.00000000
v -0.15146346 0.40394908 2.33347423 0.98039216 0.98823529 1.00000000
v -0.13565666 0.39554446 2.35802161 0.98039216 0.98823529 1.00000000
v -0.11693293 0.38558887 2.37803908 0.98039216 0.98823529 1.00000000
v -0.09592987 0.37442135 2.39284500 0.98039216 0.98823529 1.00000000
v -0.07336273 0.36242218 2.40193516 0.98039216 0.98823529 1.00000000
v -0.07487473 0.35617955 1.49806484 0.98039216 0.98823529 1.00000000
v -0.09890237 0.36214866 1.50715500 0.98039216 0.98823529 1.00000000
v -0.12126471 0.36770407 1.52196092 0.98039216 0.98823529 1.00000000
v -0.14120021 0.37265658 1.54197839 0.98039216 0.98823529 1.00000000
v -0.15802999 0.37683755 1.56652577 0.98039216 0.98823529 1.00000000
v -0.17118095 0.38010460 1.59476710 0.98039216 0.98823529 1.00000000
v -0.18020523 0.38234648 1.62574066 0.98039216 0.98823529 1.00000000
v -0.18479553 0.38348683 1.65839170 0.98039216 0.98823529 1.00000000
v -0.18479553 0.38348683 2.24160830 0.98039216 0.98823529 1.00000000
v -0.18020523 0.38234648 2.27425934 0.98039216 0.98823529 1.00000000
v -0.17118095 0.38010460 2.30523290 0.98039216 0.98823529 1.00000000
v -0.15802999 0.37683755 2.33347423 0.98039216 0.98823529 1.00000000
v -0.14120021 0.37265658 2.35802161 0.98039216 0.98823529 1.00000000
v -0.12126471 0.36770407 2.37803908 0.98039216 0.98823529 1.00000000
v -0.09890237 0.36214866 2.39284500 0.98039216 0.98823529 1.00000000
v -0.07487473 0.35617955 2.40193516 0.98039216 0.98823529 1.00000000
v -0.07338646 0.34919157 1.49806484 0.98039216 0.98823529 1.00000000
v -0.09597652 0.34841067 1.50715500 0.98039216 0.98823529 1.00000000
v -0.11700091 0.34768389 1.52196092 0.98039216 0.98823529 1.00000000
v -0.13574366 0.34703599 1.54197839 0.98039216 0.98823529 1.00000000
v -0.15156651 0.34648902 1.56652577 0.98039216 0.98823529 1.00000000
v -0.16393064 0.34606161 1.59476710 0.98039216 0.98823529 1.00000000
v -0.17241499 0.34576832 1.62574066 0.98039216 0.98823529 1.00000000
v -0.17673066 0.34561913 1.65839170 0.98039216 0.98823529 1.00000000
v -0.17673066 0.34561913 2.24160830 0.98039216 0.98823529 1.00000000
v -0.17241499 0.34576832 2.27425934 0.98039216 0.98823529 1.00000000
v -0.16393064 0.34606161 2.30523290 0.98039216 0.98823529 1.00000000
v -0.15156651 0.34648902 2.33347423 0.98039216 0.98823529 1.00000000
v -0.13574366 0.34703599 2.35802161 0.98039216 0.98823529 1.00000000
v -0.11700091 0.34768389 2.37803908 0.98039216 0.98823529 1.00000000
v -0.09597652 0.34841067 2.39284500 0.98039216 0.98823529 1.00000000
v -0.07338646 0.34919157 2.40193516 0.98039216 0.98823529 1.00000000
v -0.06907744 0.34230110 1.49806484 0.98039216 0.98823529 1.00000000
v -0.08750522 0.33486437 1.50715500 0.98039216 0.98823529 1.00000000
v -0.10465581 0.32794307 1.52196092 0.98039216 0.98823529 1.00000000
v -0.11994516 0.32177290 1.54197839 0.98039216 0.98823529 1.00000000
v -0.13285261 0.31656396 1.56652577 0.98039216 0.98823529 1.00000000
v -0.14293861 0.31249365 1.59476710 0.98039216 0.98823529 1.00000000
v -0.14985970 0.30970057 1.62574066 0.98039216 0.98823529 1.00000000
v -0.15338019 0.30827984 1.65839170 0.98039216 0.98823529 1.00000000
v -0.15338019 0.30827984 2.24160830 0.98039216 0.98823529 1.00000000
v -0.14985970 0.30970057 2.27425934 0.98039216 0.98823529 1.00000000
v -0.14293861 0.31249365 2.30523290 0.98039216 0.98823529 1.00000000
v -0.13285261 0.31656396 2.33347423 0.98039216 0.98823529 1.00000000
v -0.11994516 0.32177290 2.35802161 0.98039216 0.98823529 1.00000000
v -0.10465581 0.32794307 2.37803908 0.98039216 0.98823529 1.00000000
v -0.08750522 0.33486437 2.39284500 0.98039216 0.98823529 1.00000000
v -0.06907744 0.34230110 2.40193516 0.98039216 0.98823529 1.00000000
v -0.06246740 0.33633923 1.49806484 0.98039216 0.98823529 1.00000000
v -0.07451024 0.32314366 1.50715500 0.98039216 0.98823529 1.00000000
v -0.08571842 0.31086265 1.52196092 0.98039216 0.98823529 1.00000000
v -0.09571024 0.29991441 1.54197839 0.98039216 0.98823529 1.00000000
v -0.10414546 0.29067178 1.56652577 0.98039216 0.98823529 1.00000000
v -0.11073682 0.28344950 1.59476710 0.98039216 0.98823529 1.00000000
v -0.11525986 0.27849352 1.62574066 0.98039216 0.98823529 1.00000000
v -0.11756055 0.27597261 1.65839170 0.98039216 0.98823529 1.00000000
v -0.11756055 0.27597261 2.24160830 0.98039216 0.98823529 1.00000000
v -0.11525986 0.27849352 2.27425934 0.98039216 0.98823529 1.00000000
v -0.11073682 0.28344950 2.30523290 0.98039216 0.98823529 1.00000000
v -0.10414546 0.29067178 2.33347423 0.98039216 0.98823529 1.00000000
v -0.09571024 0.29991441 2.35802161 0.98039216 0.98823529 1.00000000
v -0.08571842 0.31086265 2.37803908 0.98039216 0.98823529 1.00000000
v -0.07451024 0.32314366 2.39284500 0.98039216 0.98823529 1.00000000
v -0.06246740 0.33633923 2.40193516 0.98039216 0.98823529 1.00000000
v -0.05435361 0.33202505 1.49806484 0.98039216 0.98823529 1.00000000
v -0.05855896 0.31466221 1.50715500 0.98039216 0.98823529 1.00000000
v -0.06247285 0.29850276 1.52196092 0.98039216 0.98823529 1.00000000
v -0.06596199 0.28409699 1.54197839 0.98039216 0.98823529 1.00000000
v -0.06890757 0.27193546 1.56652577 0.98039216 0.98823529 1.00000000
v -0.07120927 0.26243233 1.59476710 0.98039216 0.98823529 1.00000000
v -0.07278871 0.25591121 1.62574066 0.98039216 0.98823529 1.00000000
v -0.07359211 0.25259417 1.65839170 0.98039216 0.98823529 1.00000000
v -0.07359211 0.25259417 2.24160830 0.98039216 0.98823529 1.00000000
v -0.07278871 0.25591121 2.27425934 0.98039216 0.98823529 1.00000000
v -0.07120927 0.26243233 2.30523290 0.98039216 0.98823529 1.00000000
v -0.06890757 0.27193546 2.33347423 0.98039216 0.98823529 1.00000000
v -0.06596199 0.28409699 2.35802161 0.98039216 0.98823529 1.00000000
v -0.06247285 0.29850276 2.37803908 0.98039216 0.98823529 1.00000000
v -0.05855896 0.31466221 2.39284500 0.98039216 0.98823529 1.00000000
v -0.05435361 0.33202505 2.40193516 0.98039216 0.98823529 1.00000000
v -0.04571471 0.32987891 1.49806484 0.98039216 0.98823529 1.00000000
v -0.04157535 0.31044303 1.50715500 0.98039216 0.98823529 1.00000000
v -0.03772288 0.29235420 1.52196092 0.98039216 0.98823529 1.00000000
v -0.03428849 0.27622844 1.54197839 0.98039216 0.98823529 1.00000000
v -0.03138914 0.26261488 1.56652577 0.98039216 0.98823529 1.00000000
v -0.02912356 0.25197711 1.59476710 0.98039216 0.98823529 1.00000000
v -0.02756891 0.24467740 1.62574066 0.98039216 0.98823529 1.00000000
v -0.02677811 0.24096432 1.65839170 0.98039216 0.98823529 1.00000000
v -0.02677811 0.24096432 2.24160830 0.98039216 0.98823529 1.00000000
v -0.02756891 0.24467740 2.27425934 0.98039216 0.98823529 1.00000000
v -0.02912356 0.25197711 2.30523290 0.98039216 0.98823529 1.00000000
v -0.03138914 0.26261488 2.33347423 0.98039216 0.98823529 1.00000000
v -0.03428849 0.27622844 2.35802161 0.98039216 0.98823529 1.00000000
v -0.03772288 0.29235420 2.37803908 0.98039216 0.98823529 1.00000000
v -0.04157535 0.31044303 2.39284500 0.98039216 0.98823529 1.00000000
v -0.04571471 0.32987891 2.40193516 0.98039216 0.98823529 1.00000000
v -0.03759268 0.33015968 1.49806484 0.98039216 0.98823529 1.00000000
v -0.02560787 0.31099499 1.50715500 0.98039216 0.98823529 1.00000000
v -0.01445371 0.29315858 1.52196092 0.98039216 0.98823529 1.00000000
v -0.00451003 0.27725783 1.54197839 0.98039216 0.98823529 1.00000000
v 0.00388453 0.26383423 1.56652577 0.98039216 0.98823529 1.00000000
v 0.01044413 0.25334490 1.59476710 0.98039216 0.98823529 1.00000000
v 0.01494537 0.24614704 1.62574066 0.98039216 0.98823529 1.00000000
v 0.01723498 0.24248578 1.65839170 0.98039216 0.98823529 1.00000000
v 0.01723498 0.24248578 2.24160830 0.98039216 0.98823529 1.00000000
v 0.01494537 0.24614704 2.27425934 0.98039216 0.98823529 1.00000000
v 0.01044413 0.25334490 2.30523290 0.98039216 0.98823529 1.00000000
v 0.00388453 0.26383423 2.33347423 0.98039216 0.98823529 1.00000000
v -0.00451003 0.27725783 2.35802161 0.98039216 0.98823529 1.00000000
v -0.01445371 0.29315858 2.37803908 0.98039216 0.98823529 1.00000000
v -0.02560787 0.31099499 2.39284500 0.98039216 0.98823529 1.00000000
v -0.03759268 0.33015968 2.40193516 0.98039216 0.98823529 1.00000000
v -0.03096715 0.33283348 1.49806484 0.98039216 0.98823529 1.00000000
v -0.01258244 0.31625154 1.50715500 0.98039216 0.98823529 1.00000000
v 0.00452805 0.30081887 1.52196092 0.98039216 0.98823529 1.00000000
v 0.01978166 0.28706100 1.54197839 0.98039216 0.98823529 1.00000000
v 0.03265894 0.27544644 1.56652577 0.98039216 0.98823529 1.00000000
v 0.04272137 0.26637072 1.59476710 0.98039216 0.98823529 1.00000000
v 0.04962629 0.26014289 1.62574066 0.98039216 0.98823529 1.00000000
v 0.05313854 0.25697504 1.65839170 0.98039216 0.98823529 1.00000000
v 0.05313854 0.25697504 2.24160830 0.98039216 0.98823529 1.00000000
v 0.04962629 0.26014289 2.27425934 0.98039216 0.98823529 1.00000000
v 0.04272137 0.26637072 2.30523290 0.98039216 0.98823529 1.00000000
v 0.03265894 0.27544644 2.33347423 0.98039216 0.98823529 1.00000000
v 0.01978166 0.28706100 2.35802161 0.98039216 0.98823529 1.00000000
v 0.00452805 0.30081887 2.37803908 0.98039216 0.98823529 1.00000000
v -0.01258244 0.31625154 2.39284500 0.98039216 0.98823529 1.00000000
v -0.03096715 0.33283348 2.40193516 0.98039216 0.98823529 1.00000000
v -0.28349106 0.79307161 1.87000000 0.98039216 0.98823529 1.00000000
v -0.28349106 0.79307161 2.29000000 0.98039216 0.98823529 1.00000000
v -0.29388665 0.84197899 1.87000000 0.98039216 0.98823529 1.00000000
v -0.29388665 0.84197899 2.29000000 0.98039216 0.98823529 1.00000000
v -0.16611335 0.81802101 1.87000000 0.98039216 0.98823529 1.00000000
v -0.16611335 0.81802101 2.29000000 0.98039216 0.98823529 1.00000000
v -0.17650894 0.86692839 1.87000000 0.98039216 0.98823529 1.00000000
v -0.17650894 0.86692839 2.29000000 0.98039216 0.98823529 1.00000000
v -0.43021320 0.76188485 2.02000000 0.98039216 0.98823529 1.00000000
v -0.43021320 0.76188485 2.14000000 0.98039216 0.98823529 1.00000000
v -0.44060879 0.81079223 2.02000000 0.98039216 0.98823529 1.00000000
v -0.44060879 0.81079223 2.14000000 0.98039216 0.98823529 1.00000000
v -0.01939121 0.84920777 2.02000000 0.98039216 0.98823529 1.00000000
v -0.01939121 0.84920777 2.14000000 0.98039216 0.98823529 1.00000000
v -0.02978680 0.89811515 2.02000000 0.98039216 0.98823529 1.00000000
v -0.02978680 0.89811515 2.14000000 0.98039216 0.98823529 1.00000000
v -0.37004972 0.77467300 1.98807612 0.98039216 0.98823529 1.00000000
v -0.13488708 0.82465836 2.22849242 0.98039216 0.98823529 1.00000000
v -0.38044530 0.82358038 1.98807612 0.98039216 0.98823529 1.00000000
v -0.14528267 0.87356574 2.22849242 0.98039216 0.98823529 1.00000000
v -0.31471733 0.78643426 1.93150758 0.98039216 0.98823529 1.00000000
v -0.07955470 0.83641962 2.17192388 0.98039216 0.98823529 1.00000000
v -0.32511292 0.83534164 1.93150758 0.98039216 0.98823529 1.00000000
v -0.08995028 0.88532700 2.17192388 0.98039216 0.98823529 1.00000000
v -0.31471733 0.78643426 1.93150758 0.98039216 0.98823529 1.00000000
v -0.37004972 0.77467300 1.98807612 0.98039216 0.98823529 1.00000000
v -0.32511292 0.83534164 1.93150758 0.98039216 0.98823529 1.00000000
v -0.38044530 0.82358038 1.98807612 0.98039216 0.98823529 1.00000000
v -0.07955470 0.83641962 2.17192388 0.98039216 0.98823529 1.00000000
v -0.13488708 0.82465836 2.22849242 0.98039216 0.98823529 1.00000000
v -0.08995028 0.88532700 2.17192388 0.98039216 0.98823529 1.00000000
v -0.14528267 0.87356574 2.22849242 0.98039216 0.98823529 1.00000000
v -0.06308773 -0.75792190 1.35000000 0.04313725 0.17647059 0.41960784
v 0.06308773 -0.75792190 1.35000000 0.04313725 0.17647059 0.41960784
v -0.06308773 -0.96207810 1.35000000 0.04313725 0.17647059 0.41960784
v 0.06308773 -0.96207810 1.35000000 0.04313725 0.17647059 0.41960784
v 0.00000000 -0.92308773 1.45207810 0.04313725 0.17647059 0.41960784
v 0.00000000 -0.79691227 1.45207810 0.04313725 0.17647059 0.41960784
v 0.00000000 -0.92308773 1.24792190 0.04313725 0.17647059 0.41960784
v 0.00000000 -0.79691227 1.24792190 0.04313725 0.17647059 0.41960784
v 0.10207810 -0.86000000 1.28691227 0.04313725 0.17647059 0.41960784
v 0.10207810 -0.86000000 1.41308773 0.04313725 0.17647059 0.41960784
v -0.10207810 -0.86000000 1.28691227 0.04313725 0.17647059 0.41960784
v -0.10207810 -0.86000000 1.41308773 0.04313725 0.17647059 0.41960784
v 0.00000000 -0.74000000 1.35000000 0.04313725 0.17647059 0.41960784
v 0.00000000 -0.98000000 1.35000000 0.04313725 0.17647059 0.41960784
v -0.03708204 -0.95708204 1.41000000 0.04313725 0.17647059 0.41960784
v 0.03708204 -0.95708204 1.41000000 0.04313725 0.17647059 0.41960784
v -0.03708204 -0.76291796 1.41000000 0.04313725 0.17647059 0.41960784
v 0.03708204 -0.76291796 1.41000000 0.04313725 0.17647059 0.41960784
v 0.00000000 -0.86000000 1.47000000 0.04313725 0.17647059 0.41960784
v -0.03708204 -0.95708204 1.29000000 0.04313725 0.17647059 0.41960784
v 0.03708204 -0.95708204 1.29000000 0.04313725 0.17647059 0.41960784
v -0.03708204 -0.76291796 1.29000000 0.04313725 0.17647059 0.41960784
v 0.03708204 -0.76291796 1.29000000 0.04313725 0.17647059 0.41960784
v 0.00000000 -0.86000000 1.23000000 0.04313725 0.17647059 0.41960784
v 0.09708204 -0.80000000 1.31291796 0.04313725 0.17647059 0.41960784
v 0.09708204 -0.92000000 1.31291796 0.04313725 0.17647059 0.41960784
v 0.06000000 -0.89708204 1.25291796 0.04313725 0.17647059 0.41960784
v 0.06000000 -0.82291796 1.25291796 0.04313725 0.17647059 0.41960784
v 0.09708204 -0.80000000 1.38708204 0.04313725 0.17647059 0.41960784
v 0.09708204 -0.92000000 1.38708204 0.04313725 0.17647059 0.41960784
v 0.06000000 -0.89708204 1.44708204 0.04313725 0.17647059 0.41960784
v 0.06000000 -0.82291796 1.44708204 0.04313725 0.17647059 0.41960784
v 0.12000000 -0.86000000 1.35000000 0.04313725 0.17647059 0.41960784
v -0.09708204 -0.80000000 1.31291796 0.04313725 0.17647059 0.41960784
v -0.09708204 -0.92000000 1.31291796 0.04313725 0.17647059 0.41960784
v -0.06000000 -0.89708204 1.25291796 0.04313725 0.17647059 0.41960784
v -0.06000000 -0.82291796 1.25291796 0.04313725 0.17647059 0.41960784
v -0.09708204 -0.80000000 1.38708204 0.04313725 0.17647059 0.41960784
v -0.09708204 -0.92000000 1.38708204 0.04313725 0.17647059 0.41960784
v -0.06000000 -0.89708204 1.44708204 0.04313725 0.17647059 0.41960784
v -0.06000000 -0.82291796 1.44708204 0.04313725 0.17647059 0.41960784
v -0.12000000 -0.86000000 1.35000000 0.04313725 0.17647059 0.41960784
v -0.70000000 0.08000000 2.05000000 0.04313725 0.17647059 0.41960784
v -0.71995133 0.08399264 2.05792987 0.04313725 0.17647059 0.41960784
v -0.74065496 0.08867519 2.06305949 0.04313725 0.17647059 0.41960784
v -0.76172522 0.09396042 2.06529329 0.04313725 0.17647059 0.41960784
v -0.78276962 0.09974990 2.06458968 0.04313725 0.17647059 0.41960784
v -0.80339612 0.10593575 2.06096175 0.04313725 0.17647059 0.41960784
v -0.82322052 0.11240277 2.05447708 0.04313725 0.17647059 0.41960784
v -0.84187350 0.11903047 2.04525649 0.04313725 0.17647059 0.41960784
v -0.85900760 0.12569540 2.03347172 0.04313725 0.17647059 0.41960784
v -0.87430365 0.13227340 2.01934230 0.04313725 0.17647059 0.41960784
v -0.88747670 0.13864194 2.00313144 0.04313725 0.17647059 0.41960784
v -0.89828138 0.14468237 1.98514112 0.04313725 0.17647059 0.41960784
v -1.03584328 0.23822447 1.66049503 0.04313725 0.17647059 0.41960784
v -1.04135525 0.24327935 1.63997806 0.04313725 0.17647059 0.41960784
v -1.04404149 0.24769514 1.61876098 0.04313725 0.17647059 0.41960784
v -1.04385196 0.25138957 1.59723902 0.04313725 0.17647059 0.41960784
v -1.04079019 0.25429382 1.57581309 0.04313725 0.17647059 0.41960784
v -1.03491321 0.25635380 1.55488232 0.04313725 0.17647059 0.41960784
v -1.02633051 0.25753113 1.53483661 0.04313725 0.17647059 0.41960784
v -1.01520195 0.25780388 1.51604937 0.04313725 0.17647059 0.41960784
v -1.00173485 0.25716697 1.49887057 0.04313725 0.17647059 0.41960784
v -0.98618007 0.25563226 1.48362022 0.04313725 0.17647059 0.41960784
v -0.96882737 0.25322835 1.47058241 0.04313725 0.17647059 0.41960784
v -0.95000000 0.25000000 1.46000000 0.04313725 0.17647059 0.41960784
v -0.71784469 0.08923916 2.05854894 0.04313725 0.17647059 0.41960784
v -0.73648093 0.09907051 2.06428609 0.04313725 0.17647059 0.41960784
v -0.75556155 0.10931089 2.06710458 0.04313725 0.17647059 0.41960784
v -0.77473112 0.11976956 2.06695191 0.04313725 0.17647059 0.41960784
v -0.79363255 0.13025169 2.06383093 0.04313725 0.17647059 0.41960784
v -0.81191374 0.14056202 2.05779976 0.04313725 0.17647059 0.41960784
v -0.82923414 0.15050848 2.04897076 0.04313725 0.17647059 0.41960784
v -0.84527111 0.15990579 2.03750840 0.04313725 0.17647059 0.41960784
v -0.85972591 0.16857889 2.02362620 0.04313725 0.17647059 0.41960784
v -0.87232927 0.17636623 2.00758275 0.04313725 0.17647059 0.41960784
v -0.88284643 0.18312274 1.98967692 0.04313725 0.17647059 0.41960784
v -1.02040833 0.27666483 1.66503083 0.04313725 0.17647059 0.41960784
v -1.02620782 0.28100365 1.64442937 0.04313725 0.17647059 0.41960784
v -1.02946376 0.28400063 1.62304488 0.04313725 0.17647059 0.41960784
v -1.03011547 0.28559995 1.60127570 0.04313725 0.17647059 0.41960784
v -1.02815083 0.28577183 1.57952737 0.04313725 0.17647059 0.41960784
v -1.02360644 0.28451305 1.55820499 0.04313725 0.17647059 0.41960784
v -1.01656693 0.28184707 1.53770579 0.04313725 0.17647059 0.41960784
v -1.00716346 0.27782355 1.51841160 0.04313725 0.17647059 0.41960784
v -0.99557118 0.27251744 1.50068186 0.04313725 0.17647059 0.41960784
v -0.98200604 0.26602758 1.48484682 0.04313725 0.17647059 0.41960784
v -0.96672074 0.25847487 1.47120147 0.04313725 0.17647059 0.41960784
v -0.71456027 0.09388210 2.05849503 0.04313725 0.17647059 0.41960784
v -0.72997326 0.10826989 2.06417927 0.04313725 0.17647059 0.41960784
v -0.74595187 0.12289536 2.06694685 0.04313725 0.17647059 0.41960784
v -0.76219843 0.13748605 2.06674620 0.04313725 0.17647059 0.41960784
v -0.77841031 0.15177018 2.06358107 0.04313725 0.17647059 0.41960784
v -0.79428552 0.16548166 2.05751041 0.04313725 0.17647059 0.41960784
v -0.80952831 0.17836507 2.04864731 0.04313725 0.17647059 0.41960784
v -0.82385476 0.19018041 2.03715687 0.04313725 0.17647059 0.41960784
v -0.83699798 0.20070759 2.02325314 0.04313725 0.17647059 0.41960784
v -0.84871315 0.20975050 2.00719512 0.04313725 0.17647059 0.41960784
v -0.85878203 0.21714070 1.98928193 0.04313725 0.17647059 0.41960784
v -0.99634393 0.31068280 1.66463584 0.04313725 0.17647059 0.41960784
v -1.00259170 0.31438792 1.64404174 0.04313725 0.17647059 0.41960784
v -1.00673583 0.31612932 1.62267182 0.04313725 0.17647059 0.41960784
v -1.00869912 0.31587458 1.60092418 0.04313725 0.17647059 0.41960784
v -1.00844501 0.31362842 1.57920391 0.04313725 0.17647059 0.41960784
v -1.00597821 0.30943270 1.55791565 0.04313725 0.17647059 0.41960784
v -1.00134469 0.30336556 1.53745593 0.04313725 0.17647059 0.41960784
v -0.99463077 0.29554004 1.51820589 0.04313725 0.17647059 0.41960784
v -0.98596150 0.28610190 1.50052412 0.04313725 0.17647059 0.41960784
v -0.97549838 0.27522697 1.48474001 0.04313725 0.17647059 0.41960784
v -0.96343631 0.26311781 1.47114756 0.04313725 0.17647059 0.41960784
v -0.71032188 0.09760503 2.05777181 0.04313725 0.17647059 0.41960784
v -0.72157544 0.11564641 2.06274631 0.04313725 0.17647059 0.41960784
v -0.73355105 0.13378805 2.06483084 0.04313725 0.17647059 0.41960784
v -0.74602562 0.15169201 2.06398656 0.04313725 0.17647059 0.41960784
v -0.75876678 0.16902478 2.06022920 0.04313725 0.17647059 0.41960784
v -0.77153718 0.18546347 2.05362875 0.04313725 0.17647059 0.41960784
v -0.78409893 0.20070186 2.04430818 0.04313725 0.17647059 0.41960784
v -0.79621804 0.21445610 2.03244109 0.04313725 0.17647059 0.41960784
v -0.80766874 0.22646997 2.01824855 0.04313725 0.17647059 0.41960784
v -0.81823773 0.23651967 2.00199495 0.04313725 0.17647059 0.41960784
v -0.82772813 0.24441799 1.98398306 0.04313725 0.17647059 0.41960784
v -0.96529004 0.33796009 1.65933697 0.04313725 0.17647059 0.41960784
v -0.97211628 0.34115708 1.63884157 0.04313725 0.17647059 0.41960784
v -0.97740658 0.34189171 1.61766724 0.04313725 0.17647059 0.41960784
v -0.98106240 0.34015027 1.59620839 0.04313725 0.17647059 0.41960784
v -0.98301563 0.33596522 1.57486478 0.04313725 0.17647059 0.41960784
v -0.98322988 0.32941450 1.55403399 0.04313725 0.17647059 0.41960784
v -0.98170116 0.32062016 1.53410406 0.04313725 0.17647059 0.41960784
v -0.97845796 0.30974600 1.51544625 0.04313725 0.17647059 0.41960784
v -0.97356068 0.29699460 1.49840812 0.04313725 0.17647059 0.41960784
v -0.96710056 0.28260349 1.48330705 0.04313725 0.17647059 0.41960784
v -0.95919793 0.26684074 1.47042435 0.04313725 0.17647059 0.41960784
v -0.70541838 0.10015426 2.05642858 0.04313725 0.17647059 0.41960784
v -0.71185977 0.12069737 2.06008487 0.04313725 0.17647059 0.41960784
v -0.71920420 0.14124666 2.06090076 0.04313725 0.17647059 0.41960784
v -0.72731485 0.16141933 2.05886105 0.04313725 0.17647059 0.41960784
v -0.73604063 0.18083960 2.05400375 0.04313725 0.17647059 0.41960784
v -0.74521899 0.19914571 2.04641932 0.04313725 0.17647059 0.41960784
v -0.75467897 0.21599665 2.03624906 0.04313725 0.17647059 0.41960784
v -0.76424434 0.23107852 2.02368242 0.04313725 0.17647059 0.41960784
v -0.77373691 0.24411038 2.00895349 0.04313725 0.17647059 0.41960784
v -0.78297986 0.25484945 1.99233664 0.04313725 0.17647059 0.41960784
v -0.79180101 0.26309571 1.97414142 0.04313725 0.17647059 0.41960784
v -0.92936291 0.35663780 1.64949532 0.04313725 0.17647059 0.41960784
v -0.93685841 0.35948687 1.62918326 0.04313725 0.17647059 0.41960784
v -0.94347476 0.35953211 1.60837217 0.04313725 0.17647059 0.41960784
v -0.94908870 0.35677269 1.58744973 0.04313725 0.17647059 0.41960784
v -0.95359566 0.35126000 1.56680567 0.04313725 0.17647059 0.41960784
v -0.95691169 0.34309674 1.54682456 0.04313725 0.17647059 0.41960784
v -0.95897501 0.33243498 1.52787861 0.04313725 0.17647059 0.41960784
v -0.95974718 0.31947332 1.51032074 0.04313725 0.17647059 0.41960784
v -0.95921383 0.30445321 1.49447803 0.04313725 0.17647059 0.41960784
v -0.95738489 0.28765445 1.48064560 0.04313725 0.17647059 0.41960784
v -0.95429442 0.26938997 1.46908111 0.04313725 0.17647059 0.41960784
v -0.70018391 0.10135605 2.05455686 0.04313725 0.17647059 0.41960784
v -0.70148836 0.12307856 2.05637630 0.04313725 0.17647059 0.41960784
v -0.70388903 0.14476289 2.05542443 0.04313725 0.17647059 0.41960784
v -0.70734122 0.16600511 2.05171897 0.04313725 0.17647059 0.41960784
v -0.71178060 0.18640950 2.04532896 0.04313725 0.17647059 0.41960784
v -0.71712450 0.20559597 2.03637342 0.04313725 0.17647059 0.41960784
v -0.72327335 0.22320711 2.02501919 0.04313725 0.17647059 0.41960784
v -0.73011262 0.23891487 2.01147776 0.04313725 0.17647059 0.41960784
v -0.73751490 0.25242664 1.99600139 0.04313725 0.17647059 0.41960784
v -0.74534231 0.26349071 1.97887838 0.04313725 0.17647059 0.41960784
v -0.75344904 0.27190099 1.96042770 0.04313725 0.17647059 0.41960784
v -0.89101094 0.36544309 1.63578160 0.04313725 0.17647059 0.41960784
v -0.89922086 0.36812813 1.61572500 0.04313725 0.17647059 0.41960784
v -0.90725275 0.36784838 1.59542008 0.04313725 0.17647059 0.41960784
v -0.91495698 0.36460904 1.57524506 0.04313725 0.17647059 0.41960784
v -0.92219004 0.35847047 1.55557579 0.04313725 0.17647059 0.41960784
v -0.92881719 0.34954700 1.53677866 0.04313725 0.17647059 0.41960784
v -0.93471498 0.33800487 1.51920382 0.04313725 0.17647059 0.41960784
v -0.93977355 0.32405909 1.50317866 0.04313725 0.17647059 0.41960784
v -0.94389866 0.30796944 1.48900170 0.04313725 0.17647059 0.41960784
v -0.94701347 0.29003564 1.47693704 0.04313725 0.17647059 0.41960784
v -0.94905996 0.27059176 1.46720940 0.04313725 0.17647059 0.41960784
v -0.69497522 0.10112850 2.05228422 0.04313725 0.17647059 0.41960784
v -0.69116799 0.12262770 2.05187336 0.04313725 0.17647059 0.41960784
v -0.68864924 0.14409712 2.04877506 0.04313725 0.17647059 0.41960784
v -0.68746589 0.16513683 2.04304705 0.04313725 0.17647059 0.41960784
v -0.68763999 0.18535488 2.03479601 0.04313725 0.17647059 0.41960784
v -0.68916828 0.20437466 2.02417567 0.04313725 0.17647059 0.41960784
v -0.69202231 0.22184187 2.01138385 0.04313725 0.17647059 0.41960784
v -0.69614890 0.23743112 1.99665883 0.04313725 0.17647059 0.41960784
v -0.70147118 0.25085202 1.98027493 0.04313725 0.17647059 0.41960784
v -0.70789002 0.26185456 1.96253733 0.04313725 0.17647059 0.41960784
v -0.71528583 0.27023378 1.94377647 0.04313725 0.17647059 0.41960784
v -0.85284774 0.36377588 1.61913037 0.04313725 0.17647059 0.41960784
v -0.86176857 0.36649198 1.59938395 0.04313725 0.17647059 0.41960784
v -0.87120903 0.36627376 1.57969361 0.04313725 0.17647059 0.41960784
v -0.88099326 0.36312529 1.56042614 0.04313725 0.17647059 0.41960784
v -0.89093900 0.35710522 1.54194045 0.04313725 0.17647059 0.41960784
v -0.90086098 0.34832570 1.52458090 0.04313725 0.17647059 0.41960784
v -0.91057437 0.33695026 1.50867087 0.04313725 0.17647059 0.41960784
v -0.91989823 0.32319081 1.49450673 0.04313725 0.17647059 0.41960784
v -0.92865887 0.30730367 1.48235234 0.04313725 0.17647059 0.41960784
v -0.93669310 0.28958478 1.47243409 0.04313725 0.17647059 0.41960784
v -0.94385126 0.27036421 1.46493676 0.04313725 0.17647059 0.41960784
v -0.69014725 0.09948712 2.04976553 0.04313725 0.17647059 0.41960784
v -0.68160199 0.11937552 2.04688290 0.04313725 0.17647059 0.41960784
v -0.67452340 0.13929472 2.04140579 0.04313725 0.17647059 0.41960784
v -0.66904336 0.15887366 2.03343624 0.04313725 0.17647059 0.41960784
v -0.66526393 0.17774763 2.02312271 0.04313725 0.17647059 0.41960784
v -0.66325552 0.19556503 2.01065732 0.04313725 0.17647059 0.41960784
v -0.66305556 0.21199396 1.99627226 0.04313725 0.17647059 0.41960784
v -0.66466775 0.22672839 1.98023552 0.04313725 0.17647059 0.41960784
v -0.66806207 0.23949383 1.96284582 0.04313725 0.17647059 0.41960784
v -0.67317529 0.25005250 1.94442711 0.04313725 0.17647059 0.41960784
v -0.67991216 0.25820770 1.92532248 0.04313725 0.17647059 0.41960784
v -0.81747407 0.35174979 1.60067639 0.04313725 0.17647059 0.41960784
v -0.82705384 0.35468991 1.58127373 0.04313725 0.17647059 0.41960784
v -0.83779992 0.35491557 1.56226451 0.04313725 0.17647059 0.41960784
v -0.84951211 0.35242255 1.54400283 0.04313725 0.17647059 0.41960784
v -0.86197225 0.34725731 1.52682887 0.04313725 0.17647059 0.41960784
v -0.87494822 0.33951606 1.51106255 0.04313725 0.17647059 0.41960784
v -0.88819831 0.32934301 1.49699757 0.04313725 0.17647059 0.41960784
v -0.90147569 0.31692765 1.48489593 0.04313725 0.17647059 0.41960784
v -0.91453303 0.30250127 1.47498307 0.04313725 0.17647059 0.41960784
v -0.92712710 0.28633260 1.46744363 0.04313725 0.17647059 0.41960784
v -0.93902329 0.26872283 1.46241807 0.04313725 0.17647059 0.41960784
v -0.68602902 0.09654377 2.04717244 0.04313725 0.17647059 0.41960784
v -0.67344226 0.11354365 2.04174501 0.04313725 0.17647059 0.41960784
v -0.66247416 0.13068296 2.03381883 0.04313725 0.17647059 0.41960784
v -0.65332906 0.14764244 2.02354153 0.04313725 0.17647059 0.41960784
v -0.64617731 0.16410616 2.01110457 0.04313725 0.17647059 0.41960784
v -0.64115213 0.17976742 1.99673962 0.04313725 0.17647059 0.41960784
v -0.63834713 0.19433450 1.98071427 0.04313725 0.17647059 0.41960784
v -0.63781456 0.20753604 1.96332705 0.04313725 0.17647059 0.41960784
v -0.63956434 0.21912611 1.94490185 0.04313725 0.17647059 0.41960784
v -0.64356388 0.22888881 1.92578189 0.04313725 0.17647059 0.41960784
v -0.64973868 0.23664229 1.90632334 0.04313725 0.17647059 0.41960784
v -0.78730058 0.33018438 1.58167725 0.04313725 0.17647059 0.41960784
v -0.79744244 0.33352623 1.56262851 0.04313725 0.17647059 0.41960784
v -0.80930219 0.33454784 1.54432053 0.04313725 0.17647059 0.41960784
v -0.82265892 0.33323021 1.52709436 0.04313725 0.17647059 0.41960784
v -0.83726382 0.32959786 1.51127088 0.04313725 0.17647059 0.41960784
v -0.85284483 0.32371846 1.49714485 0.04313725 0.17647059 0.41960784
v -0.86911169 0.31570154 1.48497943 0.04313725 0.17647059 0.41960784
v -0.88576140 0.30569643 1.47500122 0.04313725 0.17647059 0.41960784
v -0.90248379 0.29388951 1.46739610 0.04313725 0.17647059 0.41960784
v -0.91896737 0.28050073 1.46230575 0.04313725 0.17647059 0.41960784
v -0.93490507 0.26577948 1.45982498 0.04313725 0.17647059 0.41960784
v -0.68290120 0.09249903 2.04468166 0.04313725 0.17647059 0.41960784
v -0.66724487 0.10552952 2.03680985 0.04313725 0.17647059 0.41960784
v -0.65332266 0.11884873 2.02653121 0.04313725 0.17647059 0.41960784
v -0.64139392 0.13220855 2.01403721 0.04313725 0.17647059 0.41960784
v -0.63168086 0.14536011 1.99956060 0.04313725 0.17647059 0.41960784
v -0.62436441 0.15805843 1.98337105 0.04313725 0.17647059 0.41960784
v -0.61958086 0.17006696 1.96577012 0.04313725 0.17647059 0.41960784
v -0.61741933 0.18116200 1.94708571 0.04313725 0.17647059 0.41960784
v -0.61792007 0.19113688 1.92766586 0.04313725 0.17647059 0.41960784
v -0.62107376 0.19980578 1.90787232 0.04313725 0.17647059 0.41960784
v -0.62682166 0.20700721 1.88807382 0.04313725 0.17647059 0.41960784
v -0.76438356 0.30054930 1.56342773 0.04313725 0.17647059 0.41960784
v -0.77495231 0.30444319 1.54471894 0.04313725 0.17647059 0.41960784
v -0.78765792 0.30655862 1.52708454 0.04313725 0.17647059 0.41960784
v -0.80226369 0.30685617 1.51085301 0.04313725 0.17647059 0.41960784
v -0.81849756 0.30533031 1.49632673 0.04313725 0.17647059 0.41960784
v -0.83605711 0.30200947 1.48377628 0.04313725 0.17647059 0.41960784
v -0.85461524 0.29695549 1.47343546 0.04313725 0.17647059 0.41960784
v -0.87382626 0.29026254 1.46549690 0.04313725 0.17647059 0.41960784
v -0.89333229 0.28205527 1.46010848 0.04313725 0.17647059 0.41960784
v -0.91276998 0.27248659 1.45737058 0.04313725 0.17647059 0.41960784
v -0.93177724 0.26173474 1.45733419 0.04313725 0.17647059 0.41960784
v -0.68097692 0.08762855 2.04246293 0.04313725 0.17647059 0.41960784
v -0.66343217 0.09587927 2.03241372 0.04313725 0.17647059 0.41960784
v -0.64769256 0.10459849 2.02003957 0.04313725 0.17647059 0.41960784
v -0.63405129 0.11362378 2.00557100 0.04313725 0.17647059 0.41960784
v -0.62276249 0.12278701 1.98927751 0.04313725 0.17647059 0.41960784
v -0.61403642 0.13191749 1.97146264 0.04313725 0.17647059 0.41960784
v -0.60803565 0.14084513 1.95245823 0.04313725 0.17647059 0.41960784
v -0.60487196 0.14940363 1.93261831 0.04313725 0.17647059 0.41960784
v -0.60460428 0.15743357 1.91231245 0.04313725 0.17647059 0.41960784
v -0.60723759 0.16478535 1.89191891 0.04313725 0.17647059 0.41960784
v -0.61272286 0.17132203 1.87181758 0.04313725 0.17647059 0.41960784
v -0.75028476 0.26486413 1.54717149 0.04313725 0.17647059 0.41960784
v -0.76111614 0.26942277 1.52876553 0.04313725 0.17647059 0.41960784
v -0.77434212 0.27285530 1.51173113 0.04313725 0.17647059 0.41960784
v -0.78971632 0.27509780 1.49638561 0.04313725 0.17647059 0.41960784
v -0.80695234 0.27610848 1.48301484 0.04313725 0.17647059 0.41960784
v -0.82572912 0.27586852 1.47186788 0.04313725 0.17647059 0.41960784
v -0.84569687 0.27438239 1.46315238 0.04313725 0.17647059 0.41960784
v -0.86648363 0.27167777 1.45703069 0.04313725 0.17647059 0.41960784
v -0.88770219 0.26780504 1.45361685 0.04313725 0.17647059 0.41960784
v -0.90895728 0.26283635 1.45297445 0.04313725 0.17647059 0.41960784
v -0.92985297 0.25686426 1.45511546 0.04313725 0.17647059 0.41960784
v -0.68038734 0.08226423 2.04066745 0.04313725 0.17647059 0.41960784
v -0.66226399 0.08525057 2.02885622 0.04313725 0.17647059 0.41960784
v -0.64596754 0.08890340 2.01478631 0.04313725 0.17647059 0.41960784
v -0.63180156 0.09315466 1.99871984 0.04313725 0.17647059 0.41960784
v -0.62002996 0.09792516 1.98095608 0.04313725 0.17647059 0.41960784
v -0.61087200 0.10312604 1.96182594 0.04313725 0.17647059 0.41960784
v -0.60449828 0.10866042 1.94168579 0.04313725 0.17647059 0.41960784
v -0.60102753 0.11442520 1.92091078 0.04313725 0.17647059 0.41960784
v -0.60052441 0.12031299 1.89988793 0.04313725 0.17647059 0.41960784
v -0.60299829 0.12621412 1.87900884 0.04313725 0.17647059 0.41960784
v -0.60840308 0.13201866 1.85866247 0.04313725 0.17647059 0.41960784
v -0.74596498 0.22556075 1.53401637 0.04313725 0.17647059 0.41960784
v -0.75687684 0.23085153 1.51585547 0.04313725 0.17647059 0.41960784
v -0.77026226 0.23573473 1.49930661 0.04313725 0.17647059 0.41960784
v -0.78587189 0.24011937 1.48467809 0.04313725 0.17647059 0.41960784
v -0.80341497 0.24392377 1.47224239 0.04313725 0.17647059 0.41960784
v -0.82256469 0.24707708 1.46223118 0.04313725 0.17647059 0.41960784
v -0.84296434 0.24952054 1.45483094 0.04313725 0.17647059 0.41960784
v -0.86423390 0.25120864 1.45017953 0.04313725 0.17647059 0.41960784
v -0.88597716 0.25210994 1.44836359 0.04313725 0.17647059 0.41960784
v -0.90778910 0.25220765 1.44941695 0.04313725 0.17647059 0.41960784
v -0.92926339 0.25149994 1.45331999 0.04313725 0.17647059 0.41960784
v -0.68117263 0.07677165 2.03941759 0.04313725 0.17647059 0.41960784
v -0.66381993 0.07436774 2.02637978 0.04313725 0.17647059 0.41960784
v -0.64826515 0.07283303 2.01112943 0.04313725 0.17647059 0.41960784
v -0.63479805 0.07219612 1.99395063 0.04313725 0.17647059 0.41960784
v -0.62366949 0.07246887 1.97516339 0.04313725 0.17647059 0.41960784
v -0.61508679 0.07364620 1.95511768 0.04313725 0.17647059 0.41960784
v -0.60920981 0.07570618 1.93418691 0.04313725 0.17647059 0.41960784
v -0.60614804 0.07861043 1.91276098 0.04313725 0.17647059 0.41960784
v -0.60595851 0.08230486 1.89123902 0.04313725 0.17647059 0.41960784
v -0.60864475 0.08672065 1.87002194 0.04313725 0.17647059 0.41960784
v -0.61415672 0.09177553 1.84950497 0.04313725 0.17647059 0.41960784
v -0.75171862 0.18531763 1.52485888 0.04313725 0.17647059 0.41960784
v -0.76252330 0.19135806 1.50686856 0.04313725 0.17647059 0.41960784
v -0.77569635 0.19772660 1.49065770 0.04313725 0.17647059 0.41960784
v -0.79099240 0.20430460 1.47652828 0.04313725 0.17647059 0.41960784
v -0.80812650 0.21096953 1.46474351 0.04313725 0.17647059 0.41960784
v -0.82677948 0.21759723 1.45552292 0.04313725 0.17647059 0.41960784
v -0.84660388 0.22406425 1.44903825 0.04313725 0.17647059 0.41960784
v -0.86723038 0.23025010 1.44541032 0.04313725 0.17647059 0.41960784
v -0.88827478 0.23603958 1.44470671 0.04313725 0.17647059 0.41960784
v -0.90934504 0.24132481 1.44694051 0.04313725 0.17647059 0.41960784
v -0.93004867 0.24600736 1.45207013 0.04313725 0.17647059 0.41960784
v -0.68327926 0.07152513 2.03879853 0.04313725 0.17647059 0.41960784
v -0.66799396 0.06397242 2.02515318 0.04313725 0.17647059 0.41960784
v -0.65442882 0.05748256 2.00931814 0.04313725 0.17647059 0.41960784
v -0.64283654 0.05217645 1.99158840 0.04313725 0.17647059 0.41960784
v -0.63343307 0.04815293 1.97229421 0.04313725 0.17647059 0.41960784
v -0.62639356 0.04548695 1.95179501 0.04313725 0.17647059 0.41960784
v -0.62184917 0.04422817 1.93047263 0.04313725 0.17647059 0.41960784
v -0.61988453 0.04440005 1.90872430 0.04313725 0.17647059 0.41960784
v -0.62053624 0.04599937 1.88695512 0.04313725 0.17647059 0.41960784
v -0.62379218 0.04899635 1.86557063 0.04313725 0.17647059 0.41960784
v -0.62959167 0.05333517 1.84496917 0.04313725 0.17647059 0.41960784
v -0.76715357 0.14687726 1.52032308 0.04313725 0.17647059 0.41960784
v -0.77767073 0.15363377 1.50241725 0.04313725 0.17647059 0.41960784
v -0.79027409 0.16142111 1.48637380 0.04313725 0.17647059 0.41960784
v -0.80472889 0.17009421 1.47249160 0.04313725 0.17647059 0.41960784
v -0.82076586 0.17949152 1.46102924 0.04313725 0.17647059 0.41960784
v -0.83808626 0.18943798 1.45220024 0.04313725 0.17647059 0.41960784
v -0.85636745 0.19974831 1.44616907 0.04313725 0.17647059 0.41960784
v -0.87526888 0.21023044 1.44304809 0.04313725 0.17647059 0.41960784
v -0.89443845 0.22068911 1.44289542 0.04313725 0.17647059 0.41960784
v -0.91351907 0.23092949 1.44571391 0.04313725 0.17647059 0.41960784
v -0.93215531 0.24076084 1.45145106 0.04313725 0.17647059 0.41960784
v -0.68656369 0.06688219 2.03885244 0.04313725 0.17647059 0.41960784
v -0.67450162 0.05477303 2.02525999 0.04313725 0.17647059 0.41960784
v -0.66403850 0.04389810 2.00947588 0.04313725 0.17647059 0.41960784
v -0.65536923 0.03445996 1.99179411 0.04313725 0.17647059 0.41960784
v -0.64865531 0.02663444 1.97254407 0.04313725 0.17647059 0.41960784
v -0.64402179 0.02056730 1.95208435 0.04313725 0.17647059 0.41960784
v -0.64155499 0.01637158 1.93079609 0.04313725 0.17647059 0.41960784
v -0.64130088 0.01412542 1.90907582 0.04313725 0.17647059 0.41960784
v -0.64326417 0.01387068 1.88732818 0.04313725 0.17647059 0.41960784
v -0.64740830 0.01561208 1.86595826 0.04313725 0.17647059 0.41960784
v -0.65365607 0.01931720 1.84536416 0.04313725 0.17647059 0.41960784
v -0.79121797 0.11285930 1.52071807 0.04313725 0.17647059 0.41960784
v -0.80128685 0.12024950 1.50280488 0.04313725 0.17647059 0.41960784
v -0.81300202 0.12929241 1.48674686 0.04313725 0.17647059 0.41960784
v -0.82614524 0.13981959 1.47284313 0.04313725 0.17647059 0.41960784
v -0.84047169 0.15163493 1.46135269 0.04313725 0.17647059 0.41960784
v -0.85571448 0.16451834 1.45248959 0.04313725 0.17647059 0.41960784
v -0.87158969 0.17822982 1.44641893 0.04313725 0.17647059 0.41960784
v -0.88780157 0.19251395 1.44325380 0.04313725 0.17647059 0.41960784
v -0.90404813 0.20710464 1.44305315 0.04313725 0.17647059 0.41960784
v -0.92002674 0.22173011 1.44582073 0.04313725 0.17647059 0.41960784
v -0.93543973 0.23611790 1.45150497 0.04313725 0.17647059 0.41960784
v -0.69080207 0.06315926 2.03957565 0.04313725 0.17647059 0.41960784
v -0.68289944 0.04739651 2.02669295 0.04313725 0.17647059 0.41960784
v -0.67643932 0.03300540 2.01159188 0.04313725 0.17647059 0.41960784
v -0.67154204 0.02025400 1.99455375 0.04313725 0.17647059 0.41960784
v -0.66829884 0.00937984 1.97589594 0.04313725 0.17647059 0.41960784
v -0.66677012 0.00058550 1.95596601 0.04313725 0.17647059 0.41960784
v -0.66698437 -0.00596522 1.93513522 0.04313725 0.17647059 0.41960784
v -0.66893760 -0.01015027 1.91379161 0.04313725 0.17647059 0.41960784
v -0.67259342 -0.01189171 1.89233276 0.04313725 0.17647059 0.41960784
v -0.67788372 -0.01115708 1.87115843 0.04313725 0.17647059 0.41960784
v -0.68470996 -0.00796009 1.85066303 0.04313725 0.17647059 0.41960784
v -0.82227187 0.08558201 1.52601694 0.04313725 0.17647059 0.41960784
v -0.83176227 0.09348033 1.50800505 0.04313725 0.17647059 0.41960784
v -0.84233126 0.10353003 1.49175145 0.04313725 0.17647059 0.41960784
v -0.85378196 0.11554390 1.47755891 0.04313725 0.17647059 0.41960784
v -0.86590107 0.12929814 1.46569182 0.04313725 0.17647059 0.41960784
v -0.87846282 0.14453653 1.45637125 0.04313725 0.17647059 0.41960784
v -0.89123322 0.16097522 1.44977080 0.04313725 0.17647059 0.41960784
v -0.90397438 0.17830799 1.44601344 0.04313725 0.17647059 0.41960784
v -0.91644895 0.19621195 1.44516916 0.04313725 0.17647059 0.41960784
v -0.92842456 0.21435359 1.44725369 0.04313725 0.17647059 0.41960784
v -0.93967812 0.23239497 1.45222819 0.04313725 0.17647059 0.41960784
v -0.69570558 0.06061003 2.04091889 0.04313725 0.17647059 0.41960784
v -0.69261511 0.04234555 2.02935440 0.04313725 0.17647059 0.41960784
v -0.69078617 0.02554679 2.01552197 0.04313725 0.17647059 0.41960784
v -0.69025282 0.01052668 1.99967926 0.04313725 0.17647059 0.41960784
v -0.69102499 -0.00243498 1.98212139 0.04313725 0.17647059 0.41960784
v -0.69308831 -0.01309674 1.96317544 0.04313725 0.17647059 0.41960784
v -0.69640434 -0.02126000 1.94319433 0.04313725 0.17647059 0.41960784
v -0.70091130 -0.02677269 1.92255027 0.04313725 0.17647059 0.41960784
v -0.70652524 -0.02953211 1.90162783 0.04313725 0.17647059 0.41960784
v -0.71314159 -0.02948687 1.88081674 0.04313725 0.17647059 0.41960784
v -0.72063709 -0.02663780 1.86050468 0.04313725 0.17647059 0.41960784
v -0.85819899 0.06690429 1.53585858 0.04313725 0.17647059 0.41960784
v -0.86702014 0.07515055 1.51766336 0.04313725 0.17647059 0.41960784
v -0.87626309 0.08588962 1.50104651 0.04313725 0.17647059 0.41960784
v -0.88575566 0.09892148 1.48631758 0.04313725 0.17647059 0.41960784
v -0.89532103 0.11400335 1.47375094 0.04313725 0.17647059 0.41960784
v -0.90478101 0.13085429 1.46358068 0.04313725 0.17647059 0.41960784
v -0.91395937 0.14916040 1.45599625 0.04313725 0.17647059 0.41960784
v -0.92268515 0.16858067 1.45113895 0.04313725 0.17647059 0.41960784
v -0.93079580 0.18875334 1.44909924 0.04313725 0.17647059 0.41960784
v -0.93814023 0.20930263 1.44991513 0.04313725 0.17647059 0.41960784
v -0.94458162 0.22984574 1.45357142 0.04313725 0.17647059 0.41960784
v -0.70094004 0.05940824 2.04279060 0.04313725 0.17647059 0.41960784
v -0.70298653 0.03996436 2.03306296 0.04313725 0.17647059 0.41960784
v -0.70610134 0.02203056 2.02099830 0.04313725 0.17647059 0.41960784
v -0.71022645 0.00594091 2.00682134 0.04313725 0.17647059 0.41960784
v -0.71528502 -0.00800487 1.99079618 0.04313725 0.17647059 0.41960784
v -0.72118281 -0.01954700 1.97322134 0.04313725 0.17647059 0.41960784
v -0.72780996 -0.02847047 1.95442421 0.04313725 0.17647059 0.41960784
v -0.73504302 -0.03460904 1.93475494 0.04313725 0.17647059 0.41960784
v -0.74274725 -0.03784838 1.91457992 0.04313725 0.17647059 0.41960784
v -0.75077914 -0.03812813 1.89427500 0.04313725 0.17647059 0.41960784
v -0.75898906 -0.03544309 1.87421840 0.04313725 0.17647059 0.41960784
v -0.89655096 0.05809901 1.54957230 0.04313725 0.17647059 0.41960784
v -0.90465769 0.06650929 1.53112162 0.04313725 0.17647059 0.41960784
v -0.91248510 0.07757336 1.51399861 0.04313725 0.17647059 0.41960784
v -0.91988738 0.09108513 1.49852224 0.04313725 0.17647059 0.41960784
v -0.92672665 0.10679289 1.48498081 0.04313725 0.17647059 0.41960784
v -0.93287550 0.12440403 1.47362658 0.04313725 0.17647059 0.41960784
v -0.93821940 0.14359050 1.46467104 0.04313725 0.17647059 0.41960784
v -0.94265878 0.16399489 1.45828103 0.04313725 0.17647059 0.41960784
v -0.94611097 0.18523711 1.45457557 0.04313725 0.17647059 0.41960784
v -0.94851164 0.20692144 1.45362370 0.04313725 0.17647059 0.41960784
v -0.94981609 0.22864395 1.45544314 0.04313725 0.17647059 0.41960784
v -0.70614874 0.05963579 2.04506324 0.04313725 0.17647059 0.41960784
v -0.71330690 0.04041522 2.03756591 0.04313725 0.17647059 0.41960784
v -0.72134113 0.02269633 2.02764766 0.04313725 0.17647059 0.41960784
v -0.73010177 0.00680919 2.01549327 0.04313725 0.17647059 0.41960784
v -0.73942563 -0.00695026 2.00132913 0.04313725 0.17647059 0.41960784
v -0.74913902 -0.01832570 1.98541910 0.04313725 0.17647059 0.41960784
v -0.75906100 -0.02710522 1.96805955 0.04313725 0.17647059 0.41960784
v -0.76900674 -0.03312529 1.94957386 0.04313725 0.17647059 0.41960784
v -0.77879097 -0.03627376 1.93030639 0.04313725 0.17647059 0.41960784
v -0.78823143 -0.03649198 1.91061605 0.04313725 0.17647059 0.41960784
v -0.79715226 -0.03377588 1.89086963 0.04313725 0.17647059 0.41960784
v -0.93471417 0.05976622 1.56622353 0.04313725 0.17647059 0.41960784
v -0.94210998 0.06814544 1.54746267 0.04313725 0.17647059 0.41960784
v -0.94852882 0.07914798 1.52972507 0.04313725 0.17647059 0.41960784
v -0.95385110 0.09256888 1.51334117 0.04313725 0.17647059 0.41960784
v -0.95797769 0.10815813 1.49861615 0.04313725 0.17647059 0.41960784
v -0.96083172 0.12562534 1.48582433 0.04313725 0.17647059 0.41960784
v -0.96236001 0.14464512 1.47520399 0.04313725 0.17647059 0.41960784
v -0.96253411 0.16486317 1.46695295 0.04313725 0.17647059 0.41960784
v -0.96135076 0.18590288 1.46122494 0.04313725 0.17647059 0.41960784
v -0.95883201 0.20737230 1.45812664 0.04313725 0.17647059 0.41960784
v -0.95502478 0.22887150 1.45771578 0.04313725 0.17647059 0.41960784
v -0.71097671 0.06127717 2.04758193 0.04313725 0.17647059 0.41960784
v -0.72287290 0.04366740 2.04255637 0.04313725 0.17647059 0.41960784
v -0.73546697 0.02749873 2.03501693 0.04313725 0.17647059 0.41960784
v -0.74852431 0.01307235 2.02510407 0.04313725 0.17647059 0.41960784
v -0.76180169 0.00065699 2.01300243 0.04313725 0.17647059 0.41960784
v -0.77505178 -0.00951606 1.99893745 0.04313725 0.17647059 0.41960784
v -0.78802775 -0.01725731 1.98317113 0.04313725 0.17647059 0.41960784
v -0.80048789 -0.02242255 1.96599717 0.04313725 0.17647059 0.41960784
v -0.81220008 -0.02491557 1.94773549 0.04313725 0.17647059 0.41960784
v -0.82294616 -0.02468991 1.92872627 0.04313725 0.17647059 0.41960784
v -0.83252593 -0.02174979 1.90932361 0.04313725 0.17647059 0.41960784
v -0.97008784 0.07179230 1.58467752 0.04313725 0.17647059 0.41960784
v -0.97682471 0.07994750 1.56557289 0.04313725 0.17647059 0.41960784
v -0.98193793 0.09050617 1.54715418 0.04313725 0.17647059 0.41960784
v -0.98533225 0.10327161 1.52976448 0.04313725 0.17647059 0.41960784
v -0.98694444 0.11800604 1.51372774 0.04313725 0.17647059 0.41960784
v -0.98674448 0.13443497 1.49934268 0.04313725 0.17647059 0.41960784
v -0.98473607 0.15225237 1.48687729 0.04313725 0.17647059 0.41960784
v -0.98095664 0.17112634 1.47656376 0.04313725 0.17647059 0.41960784
v -0.97547660 0.19070528 1.46859421 0.04313725 0.17647059 0.41960784
v -0.96839801 0.21062448 1.46311710 0.04313725 0.17647059 0.41960784
v -0.95985275 0.23051288 1.46023447 0.04313725 0.17647059 0.41960784
v -0.71509493 0.06422052 2.05017502 0.04313725 0.17647059 0.41960784
v -0.73103263 0.04949927 2.04769425 0.04313725 0.17647059 0.41960784
v -0.74751621 0.03611049 2.04260390 0.04313725 0.17647059 0.41960784
v -0.76423860 0.02430357 2.03499878 0.04313725 0.17647059 0.41960784
v -0.78088831 0.01429846 2.02502057 0.04313725 0.17647059 0.41960784
v -0.79715517 0.00628154 2.01285515 0.04313725 0.17647059 0.41960784
v -0.81273618 0.00040214 1.99872912 0.04313725 0.17647059 0.41960784
v -0.82734108 -0.00323021 1.98290564 0.04313725 0.17647059 0.41960784
v -0.84069781 -0.00454784 1.96567947 0.04313725 0.17647059 0.41960784
v -0.85255756 -0.00352623 1.94737149 0.04313725 0.17647059 0.41960784
v -0.86269942 -0.00018438 1.92832275 0.04313725 0.17647059 0.41960784
v -1.00026132 0.09335771 1.60367666 0.04313725 0.17647059 0.41960784
v -1.00643612 0.10111119 1.58421811 0.04313725 0.17647059 0.41960784
v -1.01043566 0.11087389 1.56509815 0.04313725 0.17647059 0.41960784
v -1.01218544 0.12246396 1.54667295 0.04313725 0.17647059 0.41960784
v -1.01165287 0.13566550 1.52928573 0.04313725 0.17647059 0.41960784
v -1.00884787 0.15023258 1.51326038 0.04313725 0.17647059 0.41960784
v -1.00382269 0.16589384 1.49889543 0.04313725 0.17647059 0.41960784
v -0.99667094 0.18235756 1.48645847 0.04313725 0.17647059 0.41960784
v -0.98752584 0.19931704 1.47618117 0.04313725 0.17647059 0.41960784
v -0.97655774 0.21645635 1.46825499 0.04313725 0.17647059 0.41960784
v -0.96397098 0.23345623 1.46282756 0.04313725 0.17647059 0.41960784
v -0.71822276 0.06826526 2.05266581 0.04313725 0.17647059 0.41960784
v -0.73723002 0.05751341 2.05262942 0.04313725 0.17647059 0.41960784
v -0.75666771 0.04794473 2.04989152 0.04313725 0.17647059 0.41960784
v -0.77617374 0.03973746 2.04450310 0.04313725 0.17647059 0.41960784
v -0.79538476 0.03304451 2.03656454 0.04313725 0.17647059 0.41960784
v -0.81394289 0.02799053 2.02622372 0.04313725 0.17647059 0.41960784
v -0.83150244 0.02466969 2.01367327 0.04313725 0.17647059 0.41960784
v -0.84773631 0.02314383 1.99914699 0.04313725 0.17647059 0.41960784
v -0.86234208 0.02344138 1.98291546 0.04313725 0.17647059 0.41960784
v -0.87504769 0.02555681 1.96528106 0.04313725 0.17647059 0.41960784
v -0.88561644 0.02945070 1.94657227 0.04313725 0.17647059 0.41960784
v -1.02317834 0.12299279 1.62192618 0.04313725 0.17647059 0.41960784
v -1.02892624 0.13019422 1.60212768 0.04313725 0.17647059 0.41960784
v -1.03207993 0.13886312 1.58233414 0.04313725 0.17647059 0.41960784
v -1.03258067 0.14883800 1.56291429 0.04313725 0.17647059 0.41960784
v -1.03041914 0.15993304 1.54422988 0.04313725 0.17647059 0.41960784
v -1.02563559 0.17194157 1.52662895 0.04313725 0.17647059 0.41960784
v -1.01831914 0.18463989 1.51043940 0.04313725 0.17647059 0.41960784
v -1.00860608 0.19779145 1.49596279 0.04313725 0.17647059 0.41960784
v -0.99667734 0.21115127 1.48346879 0.04313725 0.17647059 0.41960784
v -0.98275513 0.22447048 1.47319015 0.04313725 0.17647059 0.41960784
v -0.96709880 0.23750097 1.46531834 0.04313725 0.17647059 0.41960784
v -0.72014703 0.07313574 2.05488454 0.04313725 0.17647059 0.41960784
v -0.74104272 0.06716365 2.05702555 0.04313725 0.17647059 0.41960784
v -0.76229781 0.06219496 2.05638315 0.04313725 0.17647059 0.41960784
v -0.78351637 0.05832223 2.05296931 0.04313725 0.17647059 0.41960784
v -0.80430313 0.05561761 2.04684762 0.04313725 0.17647059 0.41960784
v -0.82427088 0.05413148 2.03813212 0.04313725 0.17647059 0.41960784
v -0.84304766 0.05389152 2.02698516 0.04313725 0.17647059 0.41960784
v -0.86028368 0.05490220 2.01361439 0.04313725 0.17647059 0.41960784
v -0.87565788 0.05714470 1.99826887 0.04313725 0.17647059 0.41960784
v -0.88888386 0.06057723 1.98123447 0.04313725 0.17647059 0.41960784
v -0.89971524 0.06513587 1.96282851 0.04313725 0.17647059 0.41960784
v -1.03727714 0.15867797 1.63818242 0.04313725 0.17647059 0.41960784
v -1.04276241 0.16521465 1.61808109 0.04313725 0.17647059 0.41960784
v -1.04539572 0.17256643 1.59768755 0.04313725 0.17647059 0.41960784
v -1.04512804 0.18059637 1.57738169 0.04313725 0.17647059 0.41960784
v -1.04196435 0.18915487 1.55754177 0.04313725 0.17647059 0.41960784
v -1.03596358 0.19808251 1.53853736 0.04313725 0.17647059 0.41960784
v -1.02723751 0.20721299 1.52072249 0.04313725 0.17647059 0.41960784
v -1.01594871 0.21637622 1.50442900 0.04313725 0.17647059 0.41960784
v -1.00230744 0.22540151 1.48996043 0.04313725 0.17647059 0.41960784
v -0.98656783 0.23412073 1.47758628 0.04313725 0.17647059 0.41960784
v -0.96902308 0.24237145 1.46753707 0.04313725 0.17647059 0.41960784
v -0.72073661 0.07850006 2.05668001 0.04313725 0.17647059 0.41960784
v -0.74221090 0.07779235 2.06058305 0.04313725 0.17647059 0.41960784
v -0.76402284 0.07789006 2.06163641 0.04313725 0.17647059 0.41960784
v -0.78576610 0.07879136 2.05982047 0.04313725 0.17647059 0.41960784
v -0.80703566 0.08047946 2.05516906 0.04313725 0.17647059 0.41960784
v -0.82743531 0.08292292 2.04776882 0.04313725 0.17647059 0.41960784
v -0.84658503 0.08607623 2.03775761 0.04313725 0.17647059 0.41960784
v -0.86412811 0.08988063 2.02532191 0.04313725 0.17647059 0.41960784
v -0.87973774 0.09426527 2.01069339 0.04313725 0.17647059 0.41960784
v -0.89312316 0.09914847 1.99414453 0.04313725 0.17647059 0.41960784
v -0.90403502 0.10443925 1.97598363 0.04313725 0.17647059 0.41960784
v -1.04159692 0.19798134 1.65133753 0.04313725 0.17647059 0.41960784
v -1.04700171 0.20378588 1.63099116 0.04313725 0.17647059 0.41960784
v -1.04947559 0.20968701 1.61011207 0.04313725 0.17647059 0.41960784
v -1.04897247 0.21557480 1.58908922 0.04313725 0.17647059 0.41960784
v -1.04550172 0.22133958 1.56831421 0.04313725 0.17647059 0.41960784
v -1.03912800 0.22687396 1.54817406 0.04313725 0.17647059 0.41960784
v -1.02997004 0.23207484 1.52904392 0.04313725 0.17647059 0.41960784
v -1.01819844 0.23684534 1.51128016 0.04313725 0.17647059 0.41960784
v -1.00403246 0.24109660 1.49521369 0.04313725 0.17647059 0.41960784
v -0.98773601 0.24474943 1.48114378 0.04313725 0.17647059 0.41960784
v -0.96961266 0.24773577 1.46933255 0.04313725 0.17647059 0.41960784
v -0.88452074 0.21014956 1.63377293 0.98039216 0.98823529 1.00000000
v -0.90549893 0.21427169 1.64278825 0.98039216 0.98823529 1.00000000
v -0.92736171 0.21912864 1.64885298 0.98039216 0.98823529 1.00000000
v -0.94970184 0.22462993 1.65185415 0.98039216 0.98823529 1.00000000
v -0.97210315 0.23067309 1.65173583 0.98039216 0.98823529 1.00000000
v -0.99414834 0.23714554 1.64850025 0.98039216 0.98823529 1.00000000
v -1.01542677 0.24392671 1.64220767 0.98039216 0.98823529 1.00000000
v -1.03554205 0.25089029 1.63297531 0.98039216 0.98823529 1.00000000
v -1.05411947 0.25790656 1.62097515 0.98039216 0.98823529 1.00000000
v -1.07081297 0.26484481 1.60643074 0.98039216 0.98823529 1.00000000
v -1.08531158 0.27157579 1.58961300 0.98039216 0.98823529 1.00000000
v -1.09734523 0.27797414 1.57083522 0.98039216 0.98823529 1.00000000
v -1.11071712 0.28648353 1.54166017 0.98039216 0.98823529 1.00000000
v -1.11719843 0.29186742 1.52004170 0.98039216 0.98823529 1.00000000
v -1.12069580 0.29658842 1.49759547 0.98039216 0.98823529 1.00000000
v -1.12114408 0.30055858 1.47473964 0.98039216 0.98823529 1.00000000
v -1.11853492 0.30370394 1.45189995 0.98039216 0.98823529 1.00000000
v -1.11291693 0.30596590 1.42950187 0.98039216 0.98823529 1.00000000
v -1.10439475 0.30730234 1.40796263 0.98039216 0.98823529 1.00000000
v -1.09312715 0.30768836 1.38768347 0.98039216 0.98823529 1.00000000
v -1.07932400 0.30711676 1.36904215 0.98039216 0.98823529 1.00000000
v -1.06324245 0.30559820 1.35238592 0.98039216 0.98823529 1.00000000
v -1.04518206 0.30316095 1.33802506 0.98039216 0.98823529 1.00000000
v -1.02547926 0.29985044 1.32622707 0.98039216 0.98823529 1.00000000
v -0.90327036 0.21985575 1.64339551 0.98039216 0.98823529 1.00000000
v -0.92294610 0.23019273 1.65005618 0.98039216 0.98823529 1.00000000
v -0.94318142 0.24096796 1.65363088 0.98039216 0.98823529 1.00000000
v -0.96359939 0.25198070 1.65405300 0.98039216 0.98823529 1.00000000
v -0.98381966 0.26302582 1.65131469 0.98039216 0.98823529 1.00000000
v -1.00346557 0.27389756 1.64546695 0.98039216 0.98823529 1.00000000
v -1.02217114 0.28439340 1.63661872 0.98039216 0.98823529 1.00000000
v -1.03958792 0.29431783 1.62493482 0.98039216 0.98823529 1.00000000
v -1.05539149 0.30348598 1.61063290 0.98039216 0.98823529 1.00000000
v -1.06928744 0.31172705 1.59397938 0.98039216 0.98823529 1.00000000
v -1.08101692 0.31888753 1.57528448 0.98039216 0.98823529 1.00000000
v -1.09438881 0.32739692 1.54610944 0.98039216 0.98823529 1.00000000
v -1.10117428 0.33201868 1.52440808 0.98039216 0.98823529 1.00000000
v -1.10527432 0.33522960 1.50179764 0.98039216 0.98823529 1.00000000
v -1.10661254 0.33696986 1.47869930 0.98039216 0.98823529 1.00000000
v -1.10516401 0.33720705 1.45554336 0.98039216 0.98823529 1.00000000
v -1.10095572 0.33593675 1.43276115 0.98039216 0.98823529 1.00000000
v -1.09406607 0.33318262 1.41077707 0.98039216 0.98823529 1.00000000
v -1.08462339 0.32899597 1.39000064 0.98039216 0.98823529 1.00000000
v -1.07280359 0.32345479 1.37081888 0.98039216 0.98823529 1.00000000
v -1.05882683 0.31666229 1.35358912 0.98039216 0.98823529 1.00000000
v -1.04295349 0.30874501 1.33863231 0.98039216 0.98823529 1.00000000
v -0.89980750 0.22480600 1.64325219 0.98039216 0.98823529 1.00000000
v -0.91608487 0.24000102 1.64977221 0.98039216 0.98823529 1.00000000
v -0.93304965 0.25545157 1.65321154 0.98039216 0.98823529 1.00000000
v -0.95038581 0.27086984 1.65350611 0.98039216 0.98823529 1.00000000
v -0.96777042 0.28596862 1.65065043 0.98039216 0.98823529 1.00000000
v -0.98487962 0.30046663 1.64469770 0.98039216 0.98823529 1.00000000
v -1.00139471 0.31409382 1.63575881 0.98039216 0.98823529 1.00000000
v -1.01700805 0.32659633 1.62400027 0.98039216 0.98823529 1.00000000
v -1.03142878 0.33774127 1.60964112 0.98039216 0.98823529 1.00000000
v -1.04438827 0.34732102 1.59294884 0.98039216 0.98823529 1.00000000
v -1.05564512 0.35515714 1.57423438 0.98039216 0.98823529 1.00000000
v -1.06901702 0.36366653 1.54505934 0.98039216 0.98823529 1.00000000
v -1.07627512 0.36761265 1.52337754 0.98039216 0.98823529 1.00000000
v -1.08131161 0.36948489 1.50080585 0.98039216 0.98823529 1.00000000
v -1.08403266 0.36924836 1.47776475 0.98039216 0.98823529 1.00000000
v -1.08438758 0.36690747 1.45468345 0.98039216 0.98823529 1.00000000
v -1.08236978 0.36250583 1.43199190 0.98039216 0.98823529 1.00000000
v -1.07801682 0.35612542 1.41011281 0.98039216 0.98823529 1.00000000
v -1.07140981 0.34788512 1.38945375 0.98039216 0.98823529 1.00000000
v -1.06267182 0.33793841 1.37039954 0.98039216 0.98823529 1.00000000
v -1.05196561 0.32647058 1.35330515 0.98039216 0.98823529 1.00000000
v -1.03949063 0.31369526 1.33848899 0.98039216 0.98823529 1.00000000
v -0.89534632 0.22878509 1.64236805 0.98039216 0.98823529 1.00000000
v -0.90724563 0.24788509 1.64802041 0.98039216 0.98823529 1.00000000
v -0.91999699 0.26709375 1.65062471 0.98039216 0.98823529 1.00000000
v -0.93336289 0.28605325 1.65013243 0.98039216 0.98823529 1.00000000
v -0.94709433 0.30441042 1.64655275 0.98039216 0.98823529 1.00000000
v -0.96093553 0.32182330 1.63995236 0.98039216 0.98823529 1.00000000
v -0.97462865 0.33796751 1.63045419 0.98039216 0.98823529 1.00000000
v -0.98791861 0.35254233 1.61823520 0.98039216 0.98823529 1.00000000
v -1.00055785 0.36527625 1.60352298 0.98039216 0.98823529 1.00000000
v -1.01231093 0.37593206 1.58659161 0.98039216 0.98823529 1.00000000
v -1.02295889 0.38431126 1.56775648 0.98039216 0.98823529 1.00000000
v -1.03633079 0.39282065 1.53858143 0.98039216 0.98823529 1.00000000
v -1.04419777 0.39622369 1.51702030 0.98039216 0.98823529 1.00000000
v -1.05044068 0.39701987 1.49468772 0.98039216 0.98823529 1.00000000
v -1.05494322 0.39519436 1.47199968 0.98039216 0.98823529 1.00000000
v -1.05762152 0.39078116 1.44937883 0.98039216 0.98823529 1.00000000
v -1.05842569 0.38386249 1.42724656 0.98039216 0.98823529 1.00000000
v -1.05734074 0.37456723 1.40601513 0.98039216 0.98823529 1.00000000
v -1.05438689 0.36306852 1.38608007 0.98039216 0.98823529 1.00000000
v -1.04961916 0.34958058 1.36781271 0.98039216 0.98823529 1.00000000
v -1.04312636 0.33435465 1.35155334 0.98039216 0.98823529 1.00000000
v -1.03502945 0.31767436 1.33760485 0.98039216 0.98823529 1.00000000
v -0.89019086 0.23152186 1.64080335 0.98039216 0.98823529 1.00000000
v -0.89703074 0.25330764 1.64492016 0.98039216 0.98823529 1.00000000
v -0.90491297 0.27510108 1.64604666 0.98039216 0.98823529 1.00000000
v -0.91369071 0.29649620 1.64416187 0.98039216 0.98823529 1.00000000
v -0.92320045 0.31709445 1.63930090 0.98039216 0.98823529 1.00000000
v -0.93326505 0.33651213 1.63155430 0.98039216 0.98823529 1.00000000
v -0.94369701 0.35438753 1.62106636 0.98039216 0.98823529 1.00000000
v -0.95430202 0.37038765 1.60803248 0.98039216 0.98823529 1.00000000
v -0.96488252 0.38421444 1.59269543 0.98039216 0.98823529 1.00000000
v -0.97524142 0.39561035 1.57534092 0.98039216 0.98823529 1.00000000
v -0.98518574 0.40436308 1.55629223 0.98039216 0.98823529 1.00000000
v -0.99855764 0.41287246 1.52711718 0.98039216 0.98823529 1.00000000
v -1.00712827 0.41590198 1.50576961 0.98039216 0.98823529 1.00000000
v -1.01476535 0.41595806 1.48386016 0.98039216 0.98823529 1.00000000
v -1.02132663 0.41303967 1.46179696 0.98039216 0.98823529 1.00000000
v -1.02668989 0.40720117 1.43999100 0.98039216 0.98823529 1.00000000
v -1.03075520 0.39855132 1.41884849 0.98039216 0.98823529 1.00000000
v -1.03344686 0.38725126 1.39876328 0.98039216 0.98823529 1.00000000
v -1.03471471 0.37351147 1.38010951 0.98039216 0.98823529 1.00000000
v -1.03453513 0.35758791 1.36323467 0.98039216 0.98823529 1.00000000
v -1.03291148 0.33977720 1.34845310 0.98039216 0.98823529 1.00000000
v -1.02987399 0.32041113 1.33604016 0.98039216 0.98823529 1.00000000
v -0.88469245 0.23282980 1.63866473 0.98039216 0.98823529 1.00000000
v -0.88613634 0.25589915 1.64068275 0.98039216 0.98823529 1.00000000
v -0.88882552 0.27892789 1.63978940 0.98039216 0.98823529 1.00000000
v -0.89270989 0.30148702 1.63600132 0.98039216 0.98823529 1.00000000
v -0.89771710 0.32315631 1.62938907 0.98039216 0.98823529 1.00000000
v -0.90375387 0.34353211 1.62007583 0.98039216 0.98823529 1.00000000
v -0.91070774 0.36223486 1.60823509 0.98039216 0.98823529 1.00000000
v -0.91844919 0.37891615 1.59408741 0.98039216 0.98823529 1.00000000
v -0.92683400 0.39326525 1.57789634 0.98039216 0.98823529 1.00000000
v -0.93570597 0.40501485 1.55996349 0.98039216 0.98823529 1.00000000
v -0.94489985 0.41394610 1.54062291 0.98039216 0.98823529 1.00000000
v -0.95827175 0.42245549 1.51144786 0.98039216 0.98823529 1.00000000
v -0.96759282 0.42530648 1.49039218 0.98039216 0.98823529 1.00000000
v -0.97671683 0.42500887 1.46906107 0.98039216 0.98823529 1.00000000
v -0.98547380 0.42156818 1.44785189 0.98039216 0.98823529 1.00000000
v -0.99370062 0.41504851 1.42715973 0.98039216 0.98823529 1.00000000
v -1.00124403 0.40557131 1.40737003 0.98039216 0.98823529 1.00000000
v -1.00796351 0.39331312 1.38885145 0.98039216 0.98823529 1.00000000
v -1.01373389 0.37850229 1.37194896 0.98039216 0.98823529 1.00000000
v -1.01844768 0.36141472 1.35697741 0.98039216 0.98823529 1.00000000
v -1.02201708 0.34236871 1.34421569 0.98039216 0.98823529 1.00000000
v -1.02437558 0.32171906 1.33390153 0.98039216 0.98823529 1.00000000
v -0.87922579 0.23261977 1.63609792 0.98039216 0.98823529 1.00000000
v -0.87530486 0.25548301 1.63559695 0.98039216 0.98823529 1.00000000
v -0.87283098 0.27831338 1.63227934 0.98039216 0.98823529 1.00000000
v -0.87185025 0.30068559 1.62620690 0.98039216 0.98823529 1.00000000
v -0.87238093 0.32218290 1.61749275 0.98039216 0.98823529 1.00000000
v -0.87441313 0.34240484 1.60629921 0.98039216 0.98823529 1.00000000
v -0.87790901 0.36097473 1.59283480 0.98039216 0.98823529 1.00000000
v -0.88280343 0.37754664 1.57735033 0.98039216 0.98823529 1.00000000
v -0.88900522 0.39181187 1.56013425 0.98039216 0.98823529 1.00000000
v -0.89639887 0.40350468 1.54150726 0.98039216 0.98823529 1.00000000
v -0.90484663 0.41240725 1.52181636 0.98039216 0.98823529 1.00000000
v -0.91821852 0.42091664 1.49264131 0.98039216 0.98823529 1.00000000
v -0.92828571 0.42379631 1.47193596 0.98039216 0.98823529 1.00000000
v -0.93888805 0.42355549 1.45129898 0.98039216 0.98823529 1.00000000
v -0.94982804 0.42019867 1.43111481 0.98039216 0.98823529 1.00000000
v -0.96090188 0.41378838 1.41175943 0.98039216 0.98823529 1.00000000
v -0.97190329 0.40444404 1.39359341 0.98039216 0.98823529 1.00000000
v -0.98262734 0.39233970 1.37695513 0.98039216 0.98823529 1.00000000
v -0.99287425 0.37770086 1.36215454 0.98039216 0.98823529 1.00000000
v -1.00245315 0.36080021 1.34946735 0.98039216 0.98823529 1.00000000
v -1.01118559 0.34195257 1.33912988 0.98039216 0.98823529 1.00000000
v -1.01890892 0.32150904 1.33133472 0.98039216 0.98823529 1.00000000
v -0.87416343 0.23090609 1.63327785 0.98039216 0.98823529 1.00000000
v -0.86527444 0.25208757 1.63000934 0.98039216 0.98823529 1.00000000
v -0.85801936 0.27329943 1.62402828 0.98039216 0.98823529 1.00000000
v -0.85253333 0.29414654 1.61544609 0.98039216 0.98823529 1.00000000
v -0.84891855 0.31424055 1.60442264 0.98039216 0.98823529 1.00000000
v -0.84724236 0.33320715 1.59116328 0.98039216 0.98823529 1.00000000
v -0.84753598 0.35069302 1.57591499 0.98039216 0.98823529 1.00000000
v -0.84979393 0.36637245 1.55896184 0.98039216 0.98823529 1.00000000
v -0.85397417 0.37995335 1.54061961 0.98039216 0.98823529 1.00000000
v -0.85999881 0.39118273 1.52123000 0.98039216 0.98823529 1.00000000
v -0.86775564 0.39985142 1.50115420 0.98039216 0.98823529 1.00000000
v -0.88112753 0.40836081 1.47197915 0.98039216 0.98823529 1.00000000
v -0.89188566 0.41147436 1.45165870 0.98039216 0.98823529 1.00000000
v -0.90385700 0.41169697 1.43178435 0.98039216 0.98823529 1.00000000
v -0.91681854 0.40902448 1.41272632 0.98039216 0.98823529 1.00000000
v -0.93052885 0.40350667 1.39483963 0.98039216 0.98823529 1.00000000
v -0.94473252 0.39524634 1.37845748 0.98039216 0.98823529 1.00000000
v -0.95916496 0.38439735 1.36388502 0.98039216 0.98823529 1.00000000
v -0.97355733 0.37116181 1.35139373 0.98039216 0.98823529 1.00000000
v -0.98764153 0.35578626 1.34121629 0.98039216 0.98823529 1.00000000
v -1.00115518 0.33855713 1.33354228 0.98039216 0.98823529 1.00000000
v -1.01384656 0.31979535 1.32851465 0.98039216 0.98823529 1.00000000
v -0.86985037 0.22780554 1.63039670 0.98039216 0.98823529 1.00000000
v -0.85672866 0.24594423 1.62430071 0.98039216 0.98823529 1.00000000
v -0.84540004 0.26422773 1.61559852 0.98039216 0.98823529 1.00000000
v -0.83607556 0.28231548 1.60445222 0.98039216 0.98823529 1.00000000
v -0.82892890 0.29987051 1.59106946 0.98039216 0.98823529 1.00000000
v -0.82409320 0.31656582 1.57569953 0.98039216 0.98823529 1.00000000
v -0.82165853 0.33209041 1.55862873 0.98039216 0.98823529 1.00000000
v -0.82167025 0.34615508 1.54017508 0.98039216 0.98823529 1.00000000
v -0.82412814 0.35849783 1.52068232 0.98039216 0.98823529 1.00000000
v -0.82898641 0.36888874 1.50051357 0.98039216 0.98823529 1.00000000
v -0.83615457 0.37713424 1.48004453 0.98039216 0.98823529 1.00000000
v -0.84952647 0.38564363 1.45086949 0.98039216 0.98823529 1.00000000
v -0.86087326 0.38918037 1.43094227 0.98039216 0.98823529 1.00000000
v -0.87401097 0.39024145 1.41184706 0.98039216 0.98823529 1.00000000
v -0.88869486 0.38880710 1.39393956 0.98039216 0.98823529 1.00000000
v -0.90465140 0.38490406 1.37755337 0.98039216 0.98823529 1.00000000
v -0.92158336 0.37860502 1.36299372 0.98039216 0.98823529 1.00000000
v -0.93917531 0.37002732 1.35053184 0.98039216 0.98823529 1.00000000
v -0.95709956 0.35933075 1.34039986 0.98039216 0.98823529 1.00000000
v -0.97502221 0.34671457 1.33278652 0.98039216 0.98823529 1.00000000
v -0.99260939 0.33241379 1.32783365 0.98039216 0.98823529 1.00000000
v -1.00953350 0.31669480 1.32563351 0.98039216 0.98823529 1.00000000
v -0.86658052 0.22352942 1.62765082 0.98039216 0.98823529 1.00000000
v -0.85024987 0.23747164 1.61886010 0.98039216 0.98823529 1.00000000
v -0.83583301 0.25171651 1.60756452 0.98039216 0.98823529 1.00000000
v -0.82359850 0.26599868 1.59397450 0.98039216 0.98823529 1.00000000
v -0.81377423 0.28005209 1.57834320 0.98039216 0.98823529 1.00000000
v -0.80654322 0.29361496 1.56096178 0.98039216 0.98823529 1.00000000
v -0.80204017 0.30643463 1.54215405 0.98039216 0.98823529 1.00000000
v -0.80034896 0.31827230 1.52227035 0.98039216 0.98823529 1.00000000
v -0.80150110 0.32890746 1.50168107 0.98039216 0.98823529 1.00000000
v -0.80547511 0.33814199 1.48076976 0.98039216 0.98823529 1.00000000
v -0.81219699 0.34580387 1.45992595 0.98039216 0.98823529 1.00000000
v -0.82556888 0.35431326 1.43075090 0.98039216 0.98823529 1.00000000
v -0.83736196 0.35843362 1.41119845 0.98039216 0.98823529 1.00000000
v -0.85138392 0.36065108 1.39284581 0.98039216 0.98823529 1.00000000
v -0.86737357 0.36092433 1.37603483 0.98039216 0.98823529 1.00000000
v -0.88503304 0.35924828 1.36107869 0.98039216 0.98823529 1.00000000
v -0.90403338 0.35565415 1.34825598 0.98039216 0.98823529 1.00000000
v -0.92402064 0.35020890 1.33780558 0.98039216 0.98823529 1.00000000
v -0.94462250 0.34301395 1.32992214 0.98039216 0.98823529 1.00000000
v -0.96545518 0.33420335 1.32475253 0.98039216 0.98823529 1.00000000
v -0.98613061 0.32394120 1.32239304 0.98039216 0.98823529 1.00000000
v -1.00626365 0.31241868 1.32288762 0.98039216 0.98823529 1.00000000
v -0.86457673 0.21836914 1.62522733 0.98039216 0.98823529 1.00000000
v -0.84627962 0.22724721 1.61405827 0.98039216 0.98823529 1.00000000
v -0.82997025 0.23661839 1.60047380 0.98039216 0.98823529 1.00000000
v -0.81595244 0.24630811 1.58472697 0.98039216 0.98823529 1.00000000
v -0.80448731 0.25613588 1.56711113 0.98039216 0.98823529 1.00000000
v -0.79578843 0.26591861 1.54795440 0.98039216 0.98823529 1.00000000
v -0.79001786 0.27547409 1.52761366 0.98039216 0.98823529 1.00000000
v -0.78728308 0.28462429 1.50646781 0.98039216 0.98823529 1.00000000
v -0.78763503 0.29319879 1.48491076 0.98039216 0.98823529 1.00000000
v -0.79106717 0.30103784 1.46334407 0.98039216 0.98823529 1.00000000
v -0.79751555 0.30799542 1.44216950 0.98039216 0.98823529 1.00000000
v -0.81088745 0.31650481 1.41299445 0.98039216 0.98823529 1.00000000
v -0.82295402 0.32132947 1.39377277 0.98039216 0.98823529 1.00000000
v -0.83751786 0.32494241 1.37607550 0.98039216 0.98823529 1.00000000
v -0.85430769 0.32727632 1.36023230 0.98039216 0.98823529 1.00000000
v -0.87301073 0.32828773 1.34653830 0.98039216 0.98823529 1.00000000
v -0.89327859 0.32795781 1.33524860 0.98039216 0.98823529 1.00000000
v -0.91473372 0.32629268 1.32657351 0.98039216 0.98823529 1.00000000
v -0.93697644 0.32332338 1.32067461 0.98039216 0.98823529 1.00000000
v -0.95959241 0.31910522 1.31766180 0.98039216 0.98823529 1.00000000
v -0.98216035 0.31371677 1.31759121 0.98039216 0.98823529 1.00000000
v -1.00425986 0.30725840 1.32046414 0.98039216 0.98823529 1.00000000
v -0.86397554 0.21267636 1.62329140 0.98039216 0.98823529 1.00000000
v -0.84508845 0.21596770 1.61022246 0.98039216 0.98823529 1.00000000
v -0.82821129 0.21996227 1.59480957 0.98039216 0.98823529 1.00000000
v -0.81365845 0.22458565 1.57733984 0.98039216 0.98823529 1.00000000
v -0.80170102 0.22975172 1.55813870 0.98039216 0.98823529 1.00000000
v -0.79256175 0.23536425 1.53756382 0.98039216 0.98823529 1.00000000
v -0.78641089 0.24131869 1.51599848 0.98039216 0.98823529 1.00000000
v -0.78336301 0.24750411 1.49384440 0.98039216 0.98823529 1.00000000
v -0.78347490 0.25380529 1.47151426 0.98039216 0.98823529 1.00000000
v -0.78674446 0.26010486 1.44942405 0.98039216 0.98823529 1.00000000
v -0.79311079 0.26628547 1.42798524 0.98039216 0.98823529 1.00000000
v -0.80648269 0.27479485 1.39881020 0.98039216 0.98823529 1.00000000
v -0.81863131 0.28039649 1.37985274 0.98039216 0.98823529 1.00000000
v -0.83335773 0.28554891 1.36267900 0.98039216 0.98823529 1.00000000
v -0.85038763 0.29015613 1.34760888 0.98039216 0.98823529 1.00000000
v -0.86940376 0.29413233 1.33492312 0.98039216 0.98823529 1.00000000
v -0.89005191 0.29740344 1.32485802 0.98039216 0.98823529 1.00000000
v -0.91194743 0.29990853 1.31760108 0.98039216 0.98823529 1.00000000
v -0.93468245 0.30160092 1.31328748 0.98039216 0.98823529 1.00000000
v -0.95783345 0.30244910 1.31199758 0.98039216 0.98823529 1.00000000
v -0.98096919 0.30243726 1.31375540 0.98039216 0.98823529 1.00000000
v -1.00365868 0.30156563 1.31852820 0.98039216 0.98823529 1.00000000
v -0.86481794 0.20683905 1.62197494 0.98039216 0.98823529 1.00000000
v -0.84675755 0.20440180 1.60761408 0.98039216 0.98823529 1.00000000
v -0.83067600 0.20288324 1.59095785 0.98039216 0.98823529 1.00000000
v -0.81687285 0.20231164 1.57231653 0.98039216 0.98823529 1.00000000
v -0.80560525 0.20269766 1.55203737 0.98039216 0.98823529 1.00000000
v -0.79708307 0.20403410 1.53049813 0.98039216 0.98823529 1.00000000
v -0.79146508 0.20629606 1.50810005 0.98039216 0.98823529 1.00000000
v -0.78885592 0.20944142 1.48526036 0.98039216 0.98823529 1.00000000
v -0.78930420 0.21341158 1.46240453 0.98039216 0.98823529 1.00000000
v -0.79280157 0.21813258 1.43995830 0.98039216 0.98823529 1.00000000
v -0.79928288 0.22351647 1.41833983 0.98039216 0.98823529 1.00000000
v -0.81265477 0.23202586 1.38916478 0.98039216 0.98823529 1.00000000
v -0.82468842 0.23842421 1.37038700 0.98039216 0.98823529 1.00000000
v -0.83918703 0.24515519 1.35356926 0.98039216 0.98823529 1.00000000
v -0.85588053 0.25209344 1.33902485 0.98039216 0.98823529 1.00000000
v -0.87445795 0.25910971 1.32702469 0.98039216 0.98823529 1.00000000
v -0.89457323 0.26607329 1.31779233 0.98039216 0.98823529 1.00000000
v -0.91585166 0.27285446 1.31149975 0.98039216 0.98823529 1.00000000
v -0.93789685 0.27932691 1.30826417 0.98039216 0.98823529 1.00000000
v -0.96029816 0.28537007 1.30814585 0.98039216 0.98823529 1.00000000
v -0.98263829 0.29087136 1.31114702 0.98039216 0.98823529 1.00000000
v -1.00450107 0.29572831 1.31721175 0.98039216 0.98823529 1.00000000
v -0.86704651 0.20125499 1.62136769 0.98039216 0.98823529 1.00000000
v -0.85117317 0.19333771 1.60641088 0.98039216 0.98823529 1.00000000
v -0.83719641 0.18654521 1.58918112 0.98039216 0.98823529 1.00000000
v -0.82537661 0.18100403 1.56999936 0.98039216 0.98823529 1.00000000
v -0.81593393 0.17681738 1.54922293 0.98039216 0.98823529 1.00000000
v -0.80904428 0.17406325 1.52723885 0.98039216 0.98823529 1.00000000
v -0.80483599 0.17279295 1.50445664 0.98039216 0.98823529 1.00000000
v -0.80338746 0.17303014 1.48130070 0.98039216 0.98823529 1.00000000
v -0.80472568 0.17477040 1.45820236 0.98039216 0.98823529 1.00000000
v -0.80882572 0.17798132 1.43559192 0.98039216 0.98823529 1.00000000
v -0.81561119 0.18260308 1.41389056 0.98039216 0.98823529 1.00000000
v -0.82898308 0.19111247 1.38471552 0.98039216 0.98823529 1.00000000
v -0.84071256 0.19827295 1.36602062 0.98039216 0.98823529 1.00000000
v -0.85460851 0.20651402 1.34936710 0.98039216 0.98823529 1.00000000
v -0.87041208 0.21568217 1.33506518 0.98039216 0.98823529 1.00000000
v -0.88782886 0.22560660 1.32338128 0.98039216 0.98823529 1.00000000
v -0.90653443 0.23610244 1.31453305 0.98039216 0.98823529 1.00000000
v -0.92618034 0.24697418 1.30868531 0.98039216 0.98823529 1.00000000
v -0.94640061 0.25801930 1.30594700 0.98039216 0.98823529 1.00000000
v -0.96681858 0.26903204 1.30636912 0.98039216 0.98823529 1.00000000
v -0.98705390 0.27980727 1.30994382 0.98039216 0.98823529 1.00000000
v -1.00672964 0.29014425 1.31660449 0.98039216 0.98823529 1.00000000
v -0.87050937 0.19630474 1.62151101 0.98039216 0.98823529 1.00000000
v -0.85803439 0.18352942 1.60669485 0.98039216 0.98823529 1.00000000
v -0.84732818 0.17206159 1.58960046 0.98039216 0.98823529 1.00000000
v -0.83859019 0.16211488 1.57054625 0.98039216 0.98823529 1.00000000
v -0.83198318 0.15387458 1.54988719 0.98039216 0.98823529 1.00000000
v -0.82763022 0.14749417 1.52800810 0.98039216 0.98823529 1.00000000
v -0.82561242 0.14309253 1.50531655 0.98039216 0.98823529 1.00000000
v -0.82596734 0.14075164 1.48223525 0.98039216 0.98823529 1.00000000
v -0.82868839 0.14051511 1.45919415 0.98039216 0.98823529 1.00000000
v -0.83372488 0.14238735 1.43662246 0.98039216 0.98823529 1.00000000
v -0.84098298 0.14633347 1.41494066 0.98039216 0.98823529 1.00000000
v -0.85435488 0.15484286 1.38576562 0.98039216 0.98823529 1.00000000
v -0.86561173 0.16267898 1.36705116 0.98039216 0.98823529 1.00000000
v -0.87857122 0.17225873 1.35035888 0.98039216 0.98823529 1.00000000
v -0.89299195 0.18340367 1.33599973 0.98039216 0.98823529 1.00000000
v -0.90860529 0.19590618 1.32424119 0.98039216 0.98823529 1.00000000
v -0.92512038 0.20953337 1.31530230 0.98039216 0.98823529 1.00000000
v -0.94222958 0.22403138 1.30934957 0.98039216 0.98823529 1.00000000
v -0.95961419 0.23913016 1.30649389 0.98039216 0.98823529 1.00000000
v -0.97695035 0.25454843 1.30678846 0.98039216 0.98823529 1.00000000
v -0.99391513 0.26999898 1.31022779 0.98039216 0.98823529 1.00000000
v -1.01019250 0.28519400 1.31674781 0.98039216 0.98823529 1.00000000
v -0.87497055 0.19232564 1.62239515 0.98039216 0.98823529 1.00000000
v -0.86687364 0.17564535 1.60844666 0.98039216 0.98823529 1.00000000
v -0.86038084 0.16041942 1.59218729 0.98039216 0.98823529 1.00000000
v -0.85561311 0.14693148 1.57391993 0.98039216 0.98823529 1.00000000
v -0.85265926 0.13543277 1.55398487 0.98039216 0.98823529 1.00000000
v -0.85157431 0.12613751 1.53275344 0.98039216 0.98823529 1.00000000
v -0.85237848 0.11921884 1.51062117 0.98039216 0.98823529 1.00000000
v -0.85505678 0.11480564 1.48800032 0.98039216 0.98823529 1.00000000
v -0.85955932 0.11298013 1.46531228 0.98039216 0.98823529 1.00000000
v -0.86580223 0.11377631 1.44297970 0.98039216 0.98823529 1.00000000
v -0.87366921 0.11717935 1.42141857 0.98039216 0.98823529 1.00000000
v -0.88704111 0.12568874 1.39224352 0.98039216 0.98823529 1.00000000
v -0.89768907 0.13406794 1.37340839 0.98039216 0.98823529 1.00000000
v -0.90944215 0.14472375 1.35647702 0.98039216 0.98823529 1.00000000
v -0.92208139 0.15745767 1.34176480 0.98039216 0.98823529 1.00000000
v -0.93537135 0.17203249 1.32954581 0.98039216 0.98823529 1.00000000
v -0.94906447 0.18817670 1.32004764 0.98039216 0.98823529 1.00000000
v -0.96290567 0.20558958 1.31344725 0.98039216 0.98823529 1.00000000
v -0.97663711 0.22394675 1.30986757 0.98039216 0.98823529 1.00000000
v -0.99000301 0.24290625 1.30937529 0.98039216 0.98823529 1.00000000
v -1.00275437 0.26211491 1.31197959 0.98039216 0.98823529 1.00000000
v -1.01465368 0.28121491 1.31763195 0.98039216 0.98823529 1.00000000
v -0.88012601 0.18958887 1.62395984 0.98039216 0.98823529 1.00000000
v -0.87708852 0.17022280 1.61154690 0.98039216 0.98823529 1.00000000
v -0.87546487 0.15241209 1.59676533 0.98039216 0.98823529 1.00000000
v -0.87528529 0.13648853 1.57989049 0.98039216 0.98823529 1.00000000
v -0.87655314 0.12274874 1.56123672 0.98039216 0.98823529 1.00000000
v -0.87924480 0.11144868 1.54115151 0.98039216 0.98823529 1.00000000
v -0.88331011 0.10279883 1.52000900 0.98039216 0.98823529 1.00000000
v -0.88867337 0.09696033 1.49820304 0.98039216 0.98823529 1.00000000
v -0.89523465 0.09404194 1.47613984 0.98039216 0.98823529 1.00000000
v -0.90287173 0.09409802 1.45423039 0.98039216 0.98823529 1.00000000
v -0.91144236 0.09712754 1.43288282 0.98039216 0.98823529 1.00000000
v -0.92481426 0.10563692 1.40370777 0.98039216 0.98823529 1.00000000
v -0.93475858 0.11438965 1.38465908 0.98039216 0.98823529 1.00000000
v -0.94511748 0.12578556 1.36730457 0.98039216 0.98823529 1.00000000
v -0.95569798 0.13961235 1.35196752 0.98039216 0.98823529 1.00000000
v -0.96630299 0.15561247 1.33893364 0.98039216 0.98823529 1.00000000
v -0.97673495 0.17348787 1.32844570 0.98039216 0.98823529 1.00000000
v -0.98679955 0.19290555 1.32069910 0.98039216 0.98823529 1.00000000
v -0.99630929 0.21350380 1.31583813 0.98039216 0.98823529 1.00000000
v -1.00508703 0.23489892 1.31395334 0.98039216 0.98823529 1.00000000
v -1.01296926 0.25669236 1.31507984 0.98039216 0.98823529 1.00000000
v -1.01980914 0.27847814 1.31919665 0.98039216 0.98823529 1.00000000
v -0.88562442 0.18828094 1.62609847 0.98039216 0.98823529 1.00000000
v -0.88798292 0.16763129 1.61578431 0.98039216 0.98823529 1.00000000
v -0.89155232 0.14858528 1.60302259 0.98039216 0.98823529 1.00000000
v -0.89626611 0.13149771 1.58805104 0.98039216 0.98823529 1.00000000
v -0.90203649 0.11668688 1.57114855 0.98039216 0.98823529 1.00000000
v -0.90875597 0.10442869 1.55262997 0.98039216 0.98823529 1.00000000
v -0.91629938 0.09495149 1.53284027 0.98039216 0.98823529 1.00000000
v -0.92452620 0.08843182 1.51214811 0.98039216 0.98823529 1.00000000
v -0.93328317 0.08499113 1.49093893 0.98039216 0.98823529 1.00000000
v -0.94240718 0.08469352 1.46960782 0.98039216 0.98823529 1.00000000
v -0.95172825 0.08754451 1.44855214 0.98039216 0.98823529 1.00000000
v -0.96510015 0.09605390 1.41937709 0.98039216 0.98823529 1.00000000
v -0.97429403 0.10498515 1.40003651 0.98039216 0.98823529 1.00000000
v -0.98316600 0.11673475 1.38210366 0.98039216 0.98823529 1.00000000
v -0.99155081 0.13108385 1.36591259 0.98039216 0.98823529 1.00000000
v -0.99929226 0.14776514 1.35176491 0.98039216 0.98823529 1.00000000
v -1.00624613 0.16646789 1.33992417 0.98039216 0.98823529 1.00000000
v -1.01228290 0.18684369 1.33061093 0.98039216 0.98823529 1.00000000
v -1.01729011 0.20851298 1.32399868 0.98039216 0.98823529 1.00000000
v -1.02117448 0.23107211 1.32021060 0.98039216 0.98823529 1.00000000
v -1.02386366 0.25410085 1.31931725 0.98039216 0.98823529 1.00000000
v -1.02530755 0.27717020 1.32133527 0.98039216 0.98823529 1.00000000
v -0.89109108 0.18849096 1.62866528 0.98039216 0.98823529 1.00000000
v -0.89881441 0.16804743 1.62087012 0.98039216 0.98823529 1.00000000
v -0.90754685 0.14919979 1.61053265 0.98039216 0.98823529 1.00000000
v -0.91712575 0.13229914 1.59784546 0.98039216 0.98823529 1.00000000
v -0.92737266 0.11766030 1.58304487 0.98039216 0.98823529 1.00000000
v -0.93809671 0.10555596 1.56640659 0.98039216 0.98823529 1.00000000
v -0.94909812 0.09621162 1.54824057 0.98039216 0.98823529 1.00000000
v -0.96017196 0.08980133 1.52888519 0.98039216 0.98823529 1.00000000
v -0.97111195 0.08644451 1.50870102 0.98039216 0.98823529 1.00000000
v -0.98171429 0.08620369 1.48806404 0.98039216 0.98823529 1.00000000
v -0.99178148 0.08908336 1.46735869 0.98039216 0.98823529 1.00000000
v -1.00515337 0.09759275 1.43818364 0.98039216 0.98823529 1.00000000
v -1.01360113 0.10649532 1.41849274 0.98039216 0.98823529 1.00000000
v -1.02099478 0.11818813 1.39986575 0.98039216 0.98823529 1.00000000
v -1.02719657 0.13245336 1.38264967 0.98039216 0.98823529 1.00000000
v -1.03209099 0.14902527 1.36716520 0.98039216 0.98823529 1.00000000
v -1.03558687 0.16759516 1.35370079 0.98039216 0.98823529 1.00000000
v -1.03761907 0.18781710 1.34250725 0.98039216 0.98823529 1.00000000
v -1.03814975 0.20931441 1.33379310 0.98039216 0.98823529 1.00000000
v -1.03716902 0.23168662 1.32772066 0.98039216 0.98823529 1.00000000
v -1.03469514 0.25451699 1.32440305 0.98039216 0.98823529 1.00000000
v -1.03077421 0.27738023 1.32390208 0.98039216 0.98823529 1.00000000
v -0.89615344 0.19020465 1.63148535 0.98039216 0.98823529 1.00000000
v -0.90884482 0.17144287 1.62645772 0.98039216 0.98823529 1.00000000
v -0.92235847 0.15421374 1.61878371 0.98039216 0.98823529 1.00000000
v -0.93644267 0.13883819 1.60860627 0.98039216 0.98823529 1.00000000
v -0.95083504 0.12560265 1.59611498 0.98039216 0.98823529 1.00000000
v -0.96526748 0.11475366 1.58154252 0.98039216 0.98823529 1.00000000
v -0.97947115 0.10649333 1.56516037 0.98039216 0.98823529 1.00000000
v -0.99318146 0.10097552 1.54727368 0.98039216 0.98823529 1.00000000
v -1.00614300 0.09830303 1.52821565 0.98039216 0.98823529 1.00000000
v -1.01811434 0.09852564 1.50834130 0.98039216 0.98823529 1.00000000
v -1.02887247 0.10163919 1.48802085 0.98039216 0.98823529 1.00000000
v -1.04224436 0.11014858 1.45884580 0.98039216 0.98823529 1.00000000
v -1.05000119 0.11881727 1.43877000 0.98039216 0.98823529 1.00000000
v -1.05602583 0.13004665 1.41938039 0.98039216 0.98823529 1.00000000
v -1.06020607 0.14362755 1.40103816 0.98039216 0.98823529 1.00000000
v -1.06246402 0.15930698 1.38408501 0.98039216 0.98823529 1.00000000
v -1.06275764 0.17679285 1.36883672 0.98039216 0.98823529 1.00000000
v -1.06108145 0.19575945 1.35557736 0.98039216 0.98823529 1.00000000
v -1.05746667 0.21585346 1.34455391 0.98039216 0.98823529 1.00000000
v -1.05198064 0.23670057 1.33597172 0.98039216 0.98823529 1.00000000
v -1.04472556 0.25791243 1.32999066 0.98039216 0.98823529 1.00000000
v -1.03583657 0.27909391 1.32672215 0.98039216 0.98823529 1.00000000
v -0.90046650 0.19330520 1.63436649 0.98039216 0.98823529 1.00000000
v -0.91739061 0.17758621 1.63216635 0.98039216 0.98823529 1.00000000
v -0.93497779 0.16328543 1.62721348 0.98039216 0.98823529 1.00000000
v -0.95290044 0.15066925 1.61960014 0.98039216 0.98823529 1.00000000
v -0.97082469 0.13997268 1.60946816 0.98039216 0.98823529 1.00000000
v -0.98841664 0.13139498 1.59700628 0.98039216 0.98823529 1.00000000
v -1.00534860 0.12509594 1.58244663 0.98039216 0.98823529 1.00000000
v -1.02130514 0.12119290 1.56606044 0.98039216 0.98823529 1.00000000
v -1.03598903 0.11975855 1.54815294 0.98039216 0.98823529 1.00000000
v -1.04912674 0.12081963 1.52905773 0.98039216 0.98823529 1.00000000
v -1.06047353 0.12435637 1.50913051 0.98039216 0.98823529 1.00000000
v -1.07384543 0.13286576 1.47995547 0.98039216 0.98823529 1.00000000
v -1.08101359 0.14111126 1.45948643 0.98039216 0.98823529 1.00000000
v -1.08587186 0.15150217 1.43931768 0.98039216 0.98823529 1.00000000
v -1.08832975 0.16384492 1.41982492 0.98039216 0.98823529 1.00000000
v -1.08834147 0.17790959 1.40137127 0.98039216 0.98823529 1.00000000
v -1.08590680 0.19343418 1.38430047 0.98039216 0.98823529 1.00000000
v -1.08107110 0.21012949 1.36893054 0.98039216 0.98823529 1.00000000
v -1.07392444 0.22768452 1.35554778 0.98039216 0.98823529 1.00000000
v -1.06459996 0.24577227 1.34440148 0.98039216 0.98823529 1.00000000
v -1.05327134 0.26405577 1.33569929 0.98039216 0.98823529 1.00000000
v -1.04014963 0.28219446 1.32960330 0.98039216 0.98823529 1.00000000
v -0.90373635 0.19758132 1.63711238 0.98039216 0.98823529 1.00000000
v -0.92386939 0.18605880 1.63760696 0.98039216 0.98823529 1.00000000
v -0.94454482 0.17579665 1.63524747 0.98039216 0.98823529 1.00000000
v -0.96537750 0.16698605 1.63007786 0.98039216 0.98823529 1.00000000
v -0.98597936 0.15979110 1.62219442 0.98039216 0.98823529 1.00000000
v -1.00596662 0.15434585 1.61174402 0.98039216 0.98823529 1.00000000
v -1.02496696 0.15075172 1.59892131 0.98039216 0.98823529 1.00000000
v -1.04262643 0.14907567 1.58396517 0.98039216 0.98823529 1.00000000
v -1.05861608 0.14934892 1.56715419 0.98039216 0.98823529 1.00000000
v -1.07263804 0.15156638 1.54880155 0.98039216 0.98823529 1.00000000
v -1.08443112 0.15568674 1.52924910 0.98039216 0.98823529 1.00000000
v -1.09780301 0.16419613 1.50007405 0.98039216 0.98823529 1.00000000
v -1.10452489 0.17185801 1.47923024 0.98039216 0.98823529 1.00000000
v -1.10849890 0.18109254 1.45831893 0.98039216 0.98823529 1.00000000
v -1.10965104 0.19172770 1.43772965 0.98039216 0.98823529 1.00000000
v -1.10795983 0.20356537 1.41784595 0.98039216 0.98823529 1.00000000
v -1.10345678 0.21638504 1.39903822 0.98039216 0.98823529 1.00000000
v -1.09622577 0.22994791 1.38165680 0.98039216 0.98823529 1.00000000
v -1.08640150 0.24400132 1.36602550 0.98039216 0.98823529 1.00000000
v -1.07416699 0.25828349 1.35243548 0.98039216 0.98823529 1.00000000
v -1.05975013 0.27252836 1.34113990 0.98039216 0.98823529 1.00000000
v -1.04341948 0.28647058 1.33234918 0.98039216 0.98823529 1.00000000
v -0.90574014 0.20274160 1.63953586 0.98039216 0.98823529 1.00000000
v -0.92783965 0.19628323 1.64240879 0.98039216 0.98823529 1.00000000
v -0.95040759 0.19089478 1.64233820 0.98039216 0.98823529 1.00000000
v -0.97302356 0.18667662 1.63932539 0.98039216 0.98823529 1.00000000
v -0.99526628 0.18370732 1.63342649 0.98039216 0.98823529 1.00000000
v -1.01672141 0.18204219 1.62475140 0.98039216 0.98823529 1.00000000
v -1.03698927 0.18171227 1.61346170 0.98039216 0.98823529 1.00000000
v -1.05569231 0.18272368 1.59976770 0.98039216 0.98823529 1.00000000
v -1.07248214 0.18505759 1.58392450 0.98039216 0.98823529 1.00000000
v -1.08704598 0.18867053 1.56622723 0.98039216 0.98823529 1.00000000
v -1.09911255 0.19349519 1.54700555 0.98039216 0.98823529 1.00000000
v -1.11248445 0.20200458 1.51783050 0.98039216 0.98823529 1.00000000
v -1.11893283 0.20896216 1.49665593 0.98039216 0.98823529 1.00000000
v -1.12236497 0.21680121 1.47508924 0.98039216 0.98823529 1.00000000
v -1.12271692 0.22537571 1.45353219 0.98039216 0.98823529 1.00000000
v -1.11998214 0.23452591 1.43238634 0.98039216 0.98823529 1.00000000
v -1.11421157 0.24408139 1.41204560 0.98039216 0.98823529 1.00000000
v -1.10551269 0.25386412 1.39288887 0.98039216 0.98823529 1.00000000
v -1.09404756 0.26369189 1.37527303 0.98039216 0.98823529 1.00000000
v -1.08002975 0.27338161 1.35952620 0.98039216 0.98823529 1.00000000
v -1.06372038 0.28275279 1.34594173 0.98039216 0.98823529 1.00000000
v -1.04542327 0.29163086 1.33477267 0.98039216 0.98823529 1.00000000
v -0.90634132 0.20843437 1.64147180 0.98039216 0.98823529 1.00000000
v -0.92903081 0.20756274 1.64624460 0.98039216 0.98823529 1.00000000
v -0.95216655 0.20755090 1.64800242 0.98039216 0.98823529 1.00000000
v -0.97531755 0.20839908 1.64671252 0.98039216 0.98823529 1.00000000
v -0.99805257 0.21009147 1.64239892 0.98039216 0.98823529 1.00000000
v -1.01994809 0.21259656 1.63514198 0.98039216 0.98823529 1.00000000
v -1.04059624 0.21586767 1.62507688 0.98039216 0.98823529 1.00000000
v -1.05961237 0.21984387 1.61239112 0.98039216 0.98823529 1.00000000
v -1.07664227 0.22445109 1.59732100 0.98039216 0.98823529 1.00000000
v -1.09136869 0.22960351 1.58014726 0.98039216 0.98823529 1.00000000
v -1.10351731 0.23520515 1.56118980 0.98039216 0.98823529 1.00000000
v -1.11688921 0.24371453 1.53201476 0.98039216 0.98823529 1.00000000
v -1.12325554 0.24989514 1.51057595 0.98039216 0.98823529 1.00000000
v -1.12652510 0.25619471 1.48848574 0.98039216 0.98823529 1.00000000
v -1.12663699 0.26249589 1.46615560 0.98039216 0.98823529 1.00000000
v -1.12358911 0.26868131 1.44400152 0.98039216 0.98823529 1.00000000
v -1.11743825 0.27463575 1.42243618 0.98039216 0.98823529 1.00000000
v -1.10829898 0.28024828 1.40186130 0.98039216 0.98823529 1.00000000
v -1.09634155 0.28541435 1.38266016 0.98039216 0.98823529 1.00000000
v -1.08178871 0.29003773 1.36519043 0.98039216 0.98823529 1.00000000
v -1.06491155 0.29403230 1.34977754 0.98039216 0.98823529 1.00000000
v -1.04602446 0.29732364 1.33670860 0.98039216 0.98823529 1.00000000
v -1.15937429 0.45738011 1.28000000 0.04313725 0.17647059 0.41960784
v -0.98062571 0.45738011 1.28000000 0.04313725 0.17647059 0.41960784
v -1.15937429 0.18261989 1.28000000 0.04313725 0.17647059 0.41960784
v -0.98062571 0.18261989 1.28000000 0.04313725 0.17647059 0.41960784
v -1.07000000 0.23509443 1.42461064 0.04313725 0.17647059 0.41960784
v -1.07000000 0.40490557 1.42461064 0.04313725 0.17647059 0.41960784
v -1.07000000 0.23509443 1.13538936 0.04313725 0.17647059 0.41960784
v -1.07000000 0.40490557 1.13538936 0.04313725 0.17647059 0.41960784
v -0.92538936 0.32000000 1.19062571 0.04313725 0.17647059 0.41960784
v -0.92538936 0.32000000 1.36937429 0.04313725 0.17647059 0.41960784
v -1.21461064 0.32000000 1.19062571 0.04313725 0.17647059 0.41960784
v -1.21461064 0.32000000 1.36937429 0.04313725 0.17647059 0.41960784
v -1.07000000 0.48150000 1.28000000 0.04313725 0.17647059 0.41960784
v -1.07000000 0.15850000 1.28000000 0.04313725 0.17647059 0.41960784
v -1.12253289 0.18934376 1.36500000 0.04313725 0.17647059 0.41960784
v -1.01746711 0.18934376 1.36500000 0.04313725 0.17647059 0.41960784
v -1.12253289 0.45065624 1.36500000 0.04313725 0.17647059 0.41960784
v -1.01746711 0.45065624 1.36500000 0.04313725 0.17647059 0.41960784
v -1.07000000 0.32000000 1.45000000 0.04313725 0.17647059 0.41960784
v -1.12253289 0.18934376 1.19500000 0.04313725 0.17647059 0.41960784
v -1.01746711 0.18934376 1.19500000 0.04313725 0.17647059 0.41960784
v -1.12253289 0.45065624 1.19500000 0.04313725 0.17647059 0.41960784
v -1.01746711 0.45065624 1.19500000 0.04313725 0.17647059 0.41960784
v -1.07000000 0.32000000 1.11000000 0.04313725 0.17647059 0.41960784
v -0.93246711 0.40075000 1.22746711 0.04313725 0.17647059 0.41960784
v -0.93246711 0.23925000 1.22746711 0.04313725 0.17647059 0.41960784
v -0.98500000 0.27009376 1.14246711 0.04313725 0.17647059 0.41960784
v -0.98500000 0.36990624 1.14246711 0.04313725 0.17647059 0.41960784
v -0.93246711 0.40075000 1.33253289 0.04313725 0.17647059 0.41960784
v -0.93246711 0.23925000 1.33253289 0.04313725 0.17647059 0.41960784
v -0.98500000 0.27009376 1.41753289 0.04313725 0.17647059 0.41960784
v -0.98500000 0.36990624 1.41753289 0.04313725 0.17647059 0.41960784
v -0.90000000 0.32000000 1.28000000 0.04313725 0.17647059 0.41960784
v -1.20753289 0.40075000 1.22746711 0.04313725 0.17647059 0.41960784
v -1.20753289 0.23925000 1.22746711 0.04313725 0.17647059 0.41960784
v -1.15500000 0.27009376 1.14246711 0.04313725 0.17647059 0.41960784
v -1.15500000 0.36990624 1.14246711 0.04313725 0.17647059 0.41960784
v -1.20753289 0.40075000 1.33253289 0.04313725 0.17647059 0.41960784
v -1.20753289 0.23925000 1.33253289 0.04313725 0.17647059 0.41960784
v -1.15500000 0.27009376 1.41753289 0.04313725 0.17647059 0.41960784
v -1.15500000 0.36990624 1.41753289 0.04313725 0.17647059 0.41960784
v -1.24000000 0.32000000 1.28000000 0.04313725 0.17647059 0.41960784
v -1.11645531 0.47535304 1.28000000 0.04313725 0.17647059 0.41960784
v -1.02354469 0.47535304 1.28000000 0.04313725 0.17647059 0.41960784
v -1.11645531 0.16464696 1.28000000 0.04313725 0.17647059 0.41960784
v -1.02354469 0.16464696 1.28000000 0.04313725 0.17647059 0.41960784
v -1.14376106 0.18067904 1.32418163 0.04313725 0.17647059 0.41960784
v -1.09730575 0.20795445 1.39934790 0.04313725 0.17647059 0.41960784
v -1.09761817 0.16640437 1.32468714 0.04313725 0.17647059 0.41960784
v -0.99623894 0.18067904 1.32418163 0.04313725 0.17647059 0.41960784
v -1.04269425 0.20795445 1.39934790 0.04313725 0.17647059 0.41960784
v -1.04238183 0.16640437 1.32468714 0.04313725 0.17647059 0.41960784
v -1.07000000 0.18261989 1.36937429 0.04313725 0.17647059 0.41960784
v -1.14376106 0.45932096 1.32418163 0.04313725 0.17647059 0.41960784
v -1.09730575 0.43204555 1.39934790 0.04313725 0.17647059 0.41960784
v -1.09761817 0.47359563 1.32468714 0.04313725 0.17647059 0.41960784
v -0.99623894 0.45932096 1.32418163 0.04313725 0.17647059 0.41960784
v -1.04269425 0.43204555 1.39934790 0.04313725 0.17647059 0.41960784
v -1.04238183 0.47359563 1.32468714 0.04313725 0.17647059 0.41960784
v -1.07000000 0.45738011 1.36937429 0.04313725 0.17647059 0.41960784
v -1.07000000 0.27586746 1.44352952 0.04313725 0.17647059 0.41960784
v -1.07000000 0.36413254 1.44352952 0.04313725 0.17647059 0.41960784
v -1.14376106 0.18067904 1.23581837 0.04313725 0.17647059 0.41960784
v -1.09730575 0.20795445 1.16065210 0.04313725 0.17647059 0.41960784
v -1.09761817 0.16640437 1.23531286 0.04313725 0.17647059 0.41960784
v -0.99623894 0.18067904 1.23581837 0.04313725 0.17647059 0.41960784
v -1.04269425 0.20795445 1.16065210 0.04313725 0.17647059 0.41960784
v -1.04238183 0.16640437 1.23531286 0.04313725 0.17647059 0.41960784
v -1.07000000 0.18261989 1.19062571 0.04313725 0.17647059 0.41960784
v -1.14376106 0.45932096 1.23581837 0.04313725 0.17647059 0.41960784
v -1.09730575 0.43204555 1.16065210 0.04313725 0.17647059 0.41960784
v -1.09761817 0.47359563 1.23531286 0.04313725 0.17647059 0.41960784
v -0.99623894 0.45932096 1.23581837 0.04313725 0.17647059 0.41960784
v -1.04269425 0.43204555 1.16065210 0.04313725 0.17647059 0.41960784
v -1.04238183 0.47359563 1.23531286 0.04313725 0.17647059 0.41960784
v -1.07000000 0.45738011 1.19062571 0.04313725 0.17647059 0.41960784
v -1.07000000 0.27586746 1.11647048 0.04313725 0.17647059 0.41960784
v -1.07000000 0.36413254 1.11647048 0.04313725 0.17647059 0.41960784
v -0.95205732 0.43338050 1.25269425 0.04313725 0.17647059 0.41960784
v -0.92334636 0.36197254 1.20623894 0.04313725 0.17647059 0.41960784
v -0.97007651 0.43114284 1.20769468 0.04313725 0.17647059 0.41960784
v -0.95205732 0.20661950 1.25269425 0.04313725 0.17647059 0.41960784
v -0.92334636 0.27802746 1.20623894 0.04313725 0.17647059 0.41960784
v -0.97007651 0.20885716 1.20769468 0.04313725 0.17647059 0.41960784
v -1.02581837 0.24992700 1.13334636 0.04313725 0.17647059 0.41960784
v -0.95065210 0.29405954 1.16205732 0.04313725 0.17647059 0.41960784
v -0.99769468 0.22507268 1.16300754 0.04313725 0.17647059 0.41960784
v -1.02531286 0.29376273 1.11832039 0.04313725 0.17647059 0.41960784
v -0.95300754 0.25130995 1.18007651 0.04313725 0.17647059 0.41960784
v -1.02581837 0.39007300 1.13334636 0.04313725 0.17647059 0.41960784
v -0.95065210 0.34594046 1.16205732 0.04313725 0.17647059 0.41960784
v -0.99769468 0.41492732 1.16300754 0.04313725 0.17647059 0.41960784
v -1.02531286 0.34623727 1.11832039 0.04313725 0.17647059 0.41960784
v -0.95300754 0.38869005 1.18007651 0.04313725 0.17647059 0.41960784
v -0.98062571 0.32000000 1.13538936 0.04313725 0.17647059 0.41960784
v -0.95205732 0.43338050 1.30730575 0.04313725 0.17647059 0.41960784
v -0.92334636 0.36197254 1.35376106 0.04313725 0.17647059 0.41960784
v -0.97007651 0.43114284 1.35230532 0.04313725 0.17647059 0.41960784
v -0.92538936 0.40490557 1.28000000 0.04313725 0.17647059 0.41960784
v -0.95205732 0.20661950 1.30730575 0.04313725 0.17647059 0.41960784
v -0.92334636 0.27802746 1.35376106 0.04313725 0.17647059 0.41960784
v -0.97007651 0.20885716 1.35230532 0.04313725 0.17647059 0.41960784
v -0.92538936 0.23509443 1.28000000 0.04313725 0.17647059 0.41960784
v -1.02581837 0.24992700 1.42665364 0.04313725 0.17647059 0.41960784
v -0.95065210 0.29405954 1.39794268 0.04313725 0.17647059 0.41960784
v -0.99769468 0.22507268 1.39699246 0.04313725 0.17647059 0.41960784
v -1.02531286 0.29376273 1.44167961 0.04313725 0.17647059 0.41960784
v -0.95300754 0.25130995 1.37992349 0.04313725 0.17647059 0.41960784
v -1.02581837 0.39007300 1.42665364 0.04313725 0.17647059 0.41960784
v -0.95065210 0.34594046 1.39794268 0.04313725 0.17647059 0.41960784
v -0.99769468 0.41492732 1.39699246 0.04313725 0.17647059 0.41960784
v -1.02531286 0.34623727 1.44167961 0.04313725 0.17647059 0.41960784
v -0.95300754 0.38869005 1.37992349 0.04313725 0.17647059 0.41960784
v -0.98062571 0.32000000 1.42461064 0.04313725 0.17647059 0.41960784
v -0.90647048 0.32000000 1.23354469 0.04313725 0.17647059 0.41960784
v -0.90647048 0.32000000 1.32645531 0.04313725 0.17647059 0.41960784
v -0.90832039 0.36245279 1.25238183 0.04313725 0.17647059 0.41960784
v -0.90832039 0.27754721 1.25238183 0.04313725 0.17647059 0.41960784
v -0.90832039 0.36245279 1.30761817 0.04313725 0.17647059 0.41960784
v -0.90832039 0.27754721 1.30761817 0.04313725 0.17647059 0.41960784
v -1.18794268 0.43338050 1.25269425 0.04313725 0.17647059 0.41960784
v -1.21665364 0.36197254 1.20623894 0.04313725 0.17647059 0.41960784
v -1.16992349 0.43114284 1.20769468 0.04313725 0.17647059 0.41960784
v -1.18794268 0.20661950 1.25269425 0.04313725 0.17647059 0.41960784
v -1.21665364 0.27802746 1.20623894 0.04313725 0.17647059 0.41960784
v -1.16992349 0.20885716 1.20769468 0.04313725 0.17647059 0.41960784
v -1.11418163 0.24992700 1.13334636 0.04313725 0.17647059 0.41960784
v -1.18934790 0.29405954 1.16205732 0.04313725 0.17647059 0.41960784
v -1.14230532 0.22507268 1.16300754 0.04313725 0.17647059 0.41960784
v -1.11468714 0.29376273 1.11832039 0.04313725 0.17647059 0.41960784
v -1.18699246 0.25130995 1.18007651 0.04313725 0.17647059 0.41960784
v -1.11418163 0.39007300 1.13334636 0.04313725 0.17647059 0.41960784
v -1.18934790 0.34594046 1.16205732 0.04313725 0.17647059 0.41960784
v -1.14230532 0.41492732 1.16300754 0.04313725 0.17647059 0.41960784
v -1.11468714 0.34623727 1.11832039 0.04313725 0.17647059 0.41960784
v -1.18699246 0.38869005 1.18007651 0.04313725 0.17647059 0.41960784
v -1.15937429 0.32000000 1.13538936 0.04313725 0.17647059 0.41960784
v -1.18794268 0.43338050 1.30730575 0.04313725 0.17647059 0.41960784
v -1.21665364 0.36197254 1.35376106 0.04313725 0.17647059 0.41960784
v -1.16992349 0.43114284 1.35230532 0.04313725 0.17647059 0.41960784
v -1.21461064 0.40490557 1.28000000 0.04313725 0.17647059 0.41960784
v -1.18794268 0.20661950 1.30730575 0.04313725 0.17647059 0.41960784
v -1.21665364 0.27802746 1.35376106 0.04313725 0.17647059 0.41960784
v -1.16992349 0.20885716 1.35230532 0.04313725 0.17647059 0.41960784
v -1.21461064 0.23509443 1.28000000 0.04313725 0.17647059 0.41960784
v -1.11418163 0.24992700 1.42665364 0.04313725 0.17647059 0.41960784
v -1.18934790 0.29405954 1.39794268 0.04313725 0.17647059 0.41960784
v -1.14230532 0.22507268 1.39699246 0.04313725 0.17647059 0.41960784
v -1.11468714 0.29376273 1.44167961 0.04313725 0.17647059 0.41960784
v -1.18699246 0.25130995 1.37992349 0.04313725 0.17647059 0.41960784
v -1.11418163 0.39007300 1.42665364 0.04313725 0.17647059 0.41960784
v -1.18934790 0.34594046 1.39794268 0.04313725 0.17647059 0.41960784
v -1.14230532 0.41492732 1.39699246 0.04313725 0.17647059 0.41960784
v -1.11468714 0.34623727 1.44167961 0.04313725 0.17647059 0.41960784
v -1.18699246 0.38869005 1.37992349 0.04313725 0.17647059 0.41960784
v -1.15937429 0.32000000 1.42461064 0.04313725 0.17647059 0.41960784
v -1.23352952 0.32000000 1.23354469 0.04313725 0.17647059 0.41960784
v -1.23352952 0.32000000 1.32645531 0.04313725 0.17647059 0.41960784
v -1.23167961 0.36245279 1.25238183 0.04313725 0.17647059 0.41960784
v -1.23167961 0.27754721 1.25238183 0.04313725 0.17647059 0.41960784
v -1.23167961 0.36245279 1.30761817 0.04313725 0.17647059 0.41960784
v -1.23167961 0.27754721 1.30761817 0.04313725 0.17647059 0.41960784
v 0.72000000 0.10000000 2.05000000 0.04313725 0.17647059 0.41960784
v 0.73725270 0.10229252 2.03681030 0.04313725 0.17647059 0.41960784
v 0.75606826 0.10513737 2.02609764 0.04313725 0.17647059 0.41960784
v 0.77609619 0.10848154 2.01806159 0.04313725 0.17647059 0.41960784
v 0.79696340 0.11226274 2.01285184 0.04313725 0.17647059 0.41960784
v 0.81828118 0.11641053 2.01056543 0.04313725 0.17647059 0.41960784
v 0.83965242 0.12084766 2.01124497 0.04313725 0.17647059 0.41960784
v 0.86067901 0.12549146 2.01487778 0.04313725 0.17647059 0.41960784
v 0.88096926 0.13025542 2.02139620 0.04313725 0.17647059 0.41960784
v 0.90014521 0.13505082 2.03067881 0.04313725 0.17647059 0.41960784
v 0.91784964 0.13978830 2.04255268 0.04313725 0.17647059 0.41960784
v 0.93375276 0.14437963 2.05679663 0.04313725 0.17647059 0.41960784
v 1.12525659 0.20485453 2.28357748 0.04313725 0.17647059 0.41960784
v 1.13670742 0.20890128 2.30172636 0.04313725 0.17647059 0.41960784
v 1.14559020 0.21255976 2.32133736 0.04313725 0.17647059 0.41960784
v 1.15173948 0.21576181 2.34204515 0.04313725 0.17647059 0.41960784
v 1.15504070 0.21844778 2.36346400 0.04313725 0.17647059 0.41960784
v 1.15543237 0.22056764 2.38519491 0.04313725 0.17647059 0.41960784
v 1.15290719 0.22208190 2.40683307 0.04313725 0.17647059 0.41960784
v 1.14751220 0.22296236 2.42797541 0.04313725 0.17647059 0.41960784
v 1.13934790 0.22319260 2.44822808 0.04313725 0.17647059 0.41960784
v 1.12856637 0.22276835 2.46721382 0.04313725 0.17647059 0.41960784
v 1.11536845 0.22169750 2.48457895 0.04313725 0.17647059 0.41960784
v 1.10000000 0.22000000 2.50000000 0.04313725 0.17647059 0.41960784
v 0.73557120 0.10772566 2.03678139 0.04313725 0.17647059 0.41960784
v 0.75273659 0.11590242 2.02604037 0.04313725 0.17647059 0.41960784
v 0.77117640 0.12437798 2.01797702 0.04313725 0.17647059 0.41960784
v 0.79054715 0.13299446 2.01274155 0.04313725 0.17647059 0.41960784
v 0.81048798 0.14159133 2.01043148 0.04313725 0.17647059 0.41960784
v 0.83062745 0.15000846 2.01108984 0.04313725 0.17647059 0.41960784
v 0.85059038 0.15808906 2.01470437 0.04313725 0.17647059 0.41960784
v 0.87000491 0.16568259 2.02120774 0.04313725 0.17647059 0.41960784
v 0.88850938 0.17264760 2.03047881 0.04313725 0.17647059 0.41960784
v 0.90575909 0.17885436 2.04234486 0.04313725 0.17647059 0.41960784
v 0.92143271 0.18418723 2.05658486 0.04313725 0.17647059 0.41960784
v 1.11293654 0.24466212 2.28336571 0.04313725 0.17647059 0.41960784
v 1.12461687 0.24796734 2.30151854 0.04313725 0.17647059 0.41960784
v 1.13395438 0.25015655 2.32113735 0.04313725 0.17647059 0.41960784
v 1.14077514 0.25118897 2.34185669 0.04313725 0.17647059 0.41960784
v 1.14495208 0.25104538 2.36329059 0.04313725 0.17647059 0.41960784
v 1.14640740 0.24972845 2.38503978 0.04313725 0.17647059 0.41960784
v 1.14511399 0.24726270 2.40669912 0.04313725 0.17647059 0.41960784
v 1.14109594 0.24369408 2.42786512 0.04313725 0.17647059 0.41960784
v 1.13442811 0.23908905 2.44814351 0.04313725 0.17647059 0.41960784
v 1.12523469 0.23353340 2.46715655 0.04313725 0.17647059 0.41960784
v 1.11368695 0.22713063 2.48455005 0.04313725 0.17647059 0.41960784
v 0.73289275 0.11265257 2.03772935 0.04313725 0.17647059 0.41960784
v 0.74742959 0.12566448 2.02791863 0.04313725 0.17647059 0.41960784
v 0.76333971 0.13879333 2.02075058 0.04313725 0.17647059 0.41960784
v 0.78032675 0.15179456 2.01635875 0.04313725 0.17647059 0.41960784
v 0.79807426 0.16442598 2.01482494 0.04313725 0.17647059 0.41960784
v 0.81625164 0.17645230 2.01617772 0.04313725 0.17647059 0.41960784
v 0.83452029 0.18764947 2.02039189 0.04313725 0.17647059 0.41960784
v 0.85253989 0.19780893 2.02738895 0.04313725 0.17647059 0.41960784
v 0.86997477 0.20674143 2.03703857 0.04313725 0.17647059 0.41960784
v 0.88650016 0.21428055 2.04916097 0.04313725 0.17647059 0.41960784
v 0.90180821 0.22028587 2.06353036 0.04313725 0.17647059 0.41960784
v 1.09331204 0.28076077 2.29031121 0.04313725 0.17647059 0.41960784
v 1.10535794 0.28339353 2.30833465 0.04313725 0.17647059 0.41960784
v 1.11541977 0.28425037 2.32769711 0.04313725 0.17647059 0.41960784
v 1.12331012 0.28331532 2.34803790 0.04313725 0.17647059 0.41960784
v 1.12888199 0.28060580 2.36897811 0.04313725 0.17647059 0.41960784
v 1.13203160 0.27617228 2.39012766 0.04313725 0.17647059 0.41960784
v 1.13270026 0.27009735 2.41109258 0.04313725 0.17647059 0.41960784
v 1.13087554 0.26249418 2.43148232 0.04313725 0.17647059 0.41960784
v 1.12659141 0.25350439 2.45091707 0.04313725 0.17647059 0.41960784
v 1.11992769 0.24329546 2.46903480 0.04313725 0.17647059 0.41960784
v 1.11100850 0.23205755 2.48549800 0.04313725 0.17647059 0.41960784
v 0.72939989 0.11673751 2.03958956 0.04313725 0.17647059 0.41960784
v 0.74050893 0.13375826 2.03160439 0.04313725 0.17647059 0.41960784
v 0.75312017 0.15074519 2.02619325 0.04313725 0.17647059 0.41960784
v 0.76699870 0.16738185 2.02345693 0.04313725 0.17647059 0.41960784
v 0.78188598 0.18335835 2.02344641 0.04313725 0.17647059 0.41960784
v 0.79750469 0.19837706 2.02616187 0.04313725 0.17647059 0.41960784
v 0.81356389 0.21215822 2.03155275 0.04313725 0.17647059 0.41960784
v 0.82976441 0.22444511 2.03951860 0.04313725 0.17647059 0.41960784
v 0.84580448 0.23500884 2.04991106 0.04313725 0.17647059 0.41960784
v 0.86138530 0.24365265 2.06253652 0.04313725 0.17647059 0.41960784
v 0.87621663 0.25021550 2.07715979 0.04313725 0.17647059 0.41960784
v 1.06772046 0.31069040 2.30394064 0.04313725 0.17647059 0.41960784
v 1.08024308 0.31276563 2.32171020 0.04313725 0.17647059 0.41960784
v 1.09124948 0.31251779 2.34056961 0.04313725 0.17647059 0.41960784
v 1.10053464 0.30995149 2.36016755 0.04313725 0.17647059 0.41960784
v 1.10792558 0.30511454 2.38013897 0.04313725 0.17647059 0.41960784
v 1.11328465 0.29809704 2.40011182 0.04313725 0.17647059 0.41960784
v 1.11651199 0.28902972 2.41971405 0.04313725 0.17647059 0.41960784
v 1.11754750 0.27808147 2.43858050 0.04313725 0.17647059 0.41960784
v 1.11637188 0.26545625 2.45635974 0.04313725 0.17647059 0.41960784
v 1.11300703 0.25138924 2.47272057 0.04313725 0.17647059 0.41960784
v 1.10751564 0.23614249 2.48735821 0.04313725 0.17647059 0.41960784
v 0.72533065 0.11970209 2.04223526 0.04313725 0.17647059 0.41960784
v 0.73244624 0.13963220 2.03684650 0.04313725 0.17647059 0.41960784
v 0.74121424 0.15941906 2.03393412 0.04313725 0.17647059 0.41960784
v 0.75147130 0.17869409 2.03355237 0.04313725 0.17647059 0.41960784
v 0.76302636 0.19709821 2.03570835 0.04313725 0.17647059 0.41960784
v 0.77566417 0.21428861 2.04036190 0.04313725 0.17647059 0.41960784
v 0.78914931 0.22994505 2.04742634 0.04313725 0.17647059 0.41960784
v 0.80323058 0.24377589 2.05677007 0.04313725 0.17647059 0.41960784
v 0.81764567 0.25552348 2.06821904 0.04313725 0.17647059 0.41960784
v 0.83212606 0.26496899 2.08155996 0.04313725 0.17647059 0.41960784
v 0.84640200 0.27193646 2.09654434 0.04313725 0.17647059 0.41960784
v 1.03790583 0.33241136 2.32332519 0.04313725 0.17647059 0.41960784
v 1.05098384 0.33408197 2.34073364 0.04313725 0.17647059 0.41960784
v 1.06309067 0.33303243 2.35887759 0.04313725 0.17647059 0.41960784
v 1.07400081 0.32928228 2.37741902 0.04313725 0.17647059 0.41960784
v 1.08351101 0.32290138 2.39601256 0.04313725 0.17647059 0.41960784
v 1.09144412 0.31400859 2.41431184 0.04313725 0.17647059 0.41960784
v 1.09765237 0.30276958 2.43197598 0.04313725 0.17647059 0.41960784
v 1.10202009 0.28939370 2.44867594 0.04313725 0.17647059 0.41960784
v 1.10446594 0.27413013 2.46410061 0.04313725 0.17647059 0.41960784
v 1.10494434 0.25726318 2.47796268 0.04313725 0.17647059 0.41960784
v 1.10344640 0.23910707 2.49000391 0.04313725 0.17647059 0.41960784
v 0.72096233 0.12134429 2.04548614 0.04313725 0.17647059 0.41960784
v 0.72379098 0.14288599 2.04328771 0.04313725 0.17647059 0.41960784
v 0.72843327 0.16422384 2.04344567 0.04313725 0.17647059 0.41960784
v 0.73480270 0.18496035 2.04595706 0.04313725 0.17647059 0.41960784
v 0.74278064 0.20470923 2.05077512 0.04313725 0.17647059 0.41960784
v 0.75221847 0.22310261 2.05781009 0.04313725 0.17647059 0.41960784
v 0.76294038 0.23979784 2.06693092 0.04313725 0.17647059 0.41960784
v 0.77474664 0.25448392 2.07796770 0.04313725 0.17647059 0.41960784
v 0.78741733 0.26688729 2.09071485 0.04313725 0.17647059 0.41960784
v 0.80071640 0.27677690 2.10493490 0.04313725 0.17647059 0.41960784
v 0.81439613 0.28396851 2.12036297 0.04313725 0.17647059 0.41960784
v 1.00589996 0.34444340 2.34714382 0.04313725 0.17647059 0.41960784
v 1.01957417 0.34588988 2.36410858 0.04313725 0.17647059 0.41960784
v 1.03286232 0.34439624 2.38137340 0.04313725 0.17647059 0.41960784
v 1.04551687 0.33999031 2.39861665 0.04313725 0.17647059 0.41960784
v 1.05730208 0.33275416 2.41551714 0.04313725 0.17647059 0.41960784
v 1.06799843 0.32282259 2.43176003 0.04313725 0.17647059 0.41960784
v 1.07740665 0.31038060 2.44704276 0.04313725 0.17647059 0.41960784
v 1.08535150 0.29565997 2.46108064 0.04313725 0.17647059 0.41960784
v 1.09168497 0.27893491 2.47361216 0.04313725 0.17647059 0.41960784
v 1.09628909 0.26051697 2.48440388 0.04313725 0.17647059 0.41960784
v 1.09907808 0.24074926 2.49325479 0.04313725 0.17647059 0.41960784
v 0.71659264 0.12155217 2.04912066 0.04313725 0.17647059 0.41960784
v 0.71513300 0.14329790 2.05048906 0.04313725 0.17647059 0.41960784
v 0.71564827 0.16483209 2.05407969 0.04313725 0.17647059 0.41960784
v 0.71812886 0.18575361 2.05982567 0.04313725 0.17647059 0.41960784
v 0.72252855 0.20567273 2.06761996 0.04313725 0.17647059 0.41960784
v 0.72876539 0.22421839 2.07731738 0.04313725 0.17647059 0.41960784
v 0.73672319 0.24104512 2.08873727 0.04313725 0.17647059 0.41960784
v 0.74625372 0.25583948 2.10166691 0.04313725 0.17647059 0.41960784
v 0.75717945 0.26832586 2.11586544 0.04313725 0.17647059 0.41960784
v 0.76929684 0.27827169 2.13106837 0.04313725 0.17647059 0.41960784
v 0.78238017 0.28549167 2.14699249 0.04313725 0.17647059 0.41960784
v 0.97388400 0.34596656 2.37377334 0.04313725 0.17647059 0.41960784
v 0.98815461 0.34738467 2.39024205 0.04313725 0.17647059 0.41960784
v 1.00262444 0.34583481 2.40652399 0.04313725 0.17647059 0.41960784
v 1.01702395 0.34134586 2.42231586 0.04313725 0.17647059 0.41960784
v 1.03108489 0.33400145 2.43732349 0.04313725 0.17647059 0.41960784
v 1.04454534 0.32393837 2.45126732 0.04313725 0.17647059 0.41960784
v 1.05715455 0.31134410 2.46388760 0.04313725 0.17647059 0.41960784
v 1.06867765 0.29645323 2.47494924 0.04313725 0.17647059 0.41960784
v 1.07889997 0.27954315 2.48424618 0.04313725 0.17647059 0.41960784
v 1.08763110 0.26092888 2.49160523 0.04313725 0.17647059 0.41960784
v 1.09470839 0.24095715 2.49688932 0.04313725 0.17647059 0.41960784
v 0.71251936 0.12031159 2.05289115 0.04313725 0.17647059 0.41960784
v 0.70706231 0.14083984 2.05795978 0.04313725 0.17647059 0.41960784
v 0.70373052 0.16120235 2.06511149 0.04313725 0.17647059 0.41960784
v 0.70258605 0.18101981 2.07421305 0.04313725 0.17647059 0.41960784
v 0.70365021 0.19992304 2.08509492 0.04313725 0.17647059 0.41960784
v 0.70690320 0.21755992 2.09755437 0.04313725 0.17647059 0.41960784
v 0.71228439 0.23360191 2.11135933 0.04313725 0.17647059 0.41960784
v 0.71969357 0.24775017 2.12625263 0.04313725 0.17647059 0.41960784
v 0.72899270 0.25974115 2.14195684 0.04313725 0.17647059 0.41960784
v 0.74000857 0.26935149 2.15817941 0.04313725 0.17647059 0.41960784
v 0.75253596 0.27640215 2.17461814 0.04313725 0.17647059 0.41960784
v 0.94403979 0.33687704 2.40139900 0.04313725 0.17647059 0.41960784
v 0.95886634 0.33846447 2.41735309 0.04313725 0.17647059 0.41960784
v 0.97443770 0.33725010 2.43261538 0.04313725 0.17647059 0.41960784
v 0.99046379 0.33325656 2.44690158 0.04313725 0.17647059 0.41960784
v 1.00664609 0.32655823 2.45994555 0.04313725 0.17647059 0.41960784
v 1.02268315 0.31727990 2.47150432 0.04313725 0.17647059 0.41960784
v 1.03827622 0.30559441 2.48136255 0.04313725 0.17647059 0.41960784
v 1.05313484 0.29171942 2.48933662 0.04313725 0.17647059 0.41960784
v 1.06698222 0.27591342 2.49527798 0.04313725 0.17647059 0.41960784
v 1.07956041 0.25847082 2.49907596 0.04313725 0.17647059 0.41960784
v 1.09063511 0.23971657 2.50065980 0.04313725 0.17647059 0.41960784
v 0.70902007 0.11770708 2.05654063 0.04313725 0.17647059 0.41960784
v 0.70012893 0.13567935 2.06519077 0.04313725 0.17647059 0.41960784
v 0.69349219 0.15358199 2.07578929 0.04313725 0.17647059 0.41960784
v 0.68923350 0.17108154 2.08813874 0.04313725 0.17647059 0.41960784
v 0.68743217 0.18785199 2.10200909 0.04313725 0.17647059 0.41960784
v 0.68812178 0.20358096 2.11714196 0.04313725 0.17647059 0.41960784
v 0.69128946 0.21797543 2.13325545 0.04313725 0.17647059 0.41960784
v 0.69687621 0.23076727 2.15004939 0.04313725 0.17647059 0.41960784
v 0.70477797 0.24171819 2.16721095 0.04313725 0.17647059 0.41960784
v 0.71484753 0.25062420 2.18442044 0.04313725 0.17647059 0.41960784
v 0.72689733 0.25731938 2.20135728 0.04313725 0.17647059 0.41960784
v 0.91840116 0.31779428 2.42813813 0.04313725 0.17647059 0.41960784
v 0.93370531 0.31973718 2.44359412 0.04313725 0.17647059 0.41960784
v 0.95022297 0.31922714 2.45786950 0.04313725 0.17647059 0.41960784
v 0.96764644 0.31627366 2.47069834 0.04313725 0.17647059 0.41960784
v 0.98565116 0.31093176 2.48184167 0.04313725 0.17647059 0.41960784
v 1.00390173 0.30330094 2.49109191 0.04313725 0.17647059 0.41960784
v 1.02205818 0.29352336 2.49827673 0.04313725 0.17647059 0.41960784
v 1.03978229 0.28178116 2.50326232 0.04313725 0.17647059 0.41960784
v 1.05674390 0.26829306 2.50595578 0.04313725 0.17647059 0.41960784
v 1.07262703 0.25331033 2.50630695 0.04313725 0.17647059 0.41960784
v 1.08713582 0.23711206 2.50430929 0.04313725 0.17647059 0.41960784
v 0.70633326 0.11391614 2.05982042 0.04313725 0.17647059 0.41960784
v 0.69480535 0.12816808 2.07168925 0.04313725 0.17647059 0.41960784
v 0.68563101 0.14249033 2.08538540 0.04313725 0.17647059 0.41960784
v 0.67898116 0.15661608 2.10065373 0.04313725 0.17647059 0.41960784
v 0.67497966 0.17028222 2.11720983 0.04313725 0.17647059 0.41960784
v 0.67370105 0.18323415 2.13474528 0.04313725 0.17647059 0.41960784
v 0.67516915 0.19523062 2.15293344 0.04313725 0.17647059 0.41960784
v 0.67935662 0.20604814 2.17143549 0.04313725 0.17647059 0.41960784
v 0.68618544 0.21548522 2.18990677 0.04313725 0.17647059 0.41960784
v 0.69552842 0.22336605 2.20800320 0.04313725 0.17647059 0.41960784
v 0.70721150 0.22954383 2.22538768 0.04313725 0.17647059 0.41960784
v 0.89871533 0.29001872 2.45216853 0.04313725 0.17647059 0.41960784
v 0.91438619 0.29247903 2.46717688 0.04313725 0.17647059 0.41960784
v 0.93163044 0.29299416 2.48056532 0.04313725 0.17647059 0.41960784
v 0.95012684 0.29155453 2.49208443 0.04313725 0.17647059 0.41960784
v 0.96953085 0.28818694 2.50151966 0.04313725 0.17647059 0.41960784
v 0.98948100 0.28295414 2.50869522 0.04313725 0.17647059 0.41960784
v 1.00960566 0.27595359 2.51347746 0.04313725 0.17647059 0.41960784
v 1.02952995 0.26731570 2.51577730 0.04313725 0.17647059 0.41960784
v 1.04888272 0.25720139 2.51555189 0.04313725 0.17647059 0.41960784
v 1.06730345 0.24579906 2.51280542 0.04313725 0.17647059 0.41960784
v 1.08444901 0.23332112 2.50758907 0.04313725 0.17647059 0.41960784
v 0.70464201 0.10919711 2.06250699 0.04313725 0.17647059 0.41960784
v 0.69145436 0.11881793 2.07701234 0.04313725 0.17647059 0.41960784
v 0.68068271 0.12868323 2.09324586 0.04313725 0.17647059 0.41960784
v 0.67252771 0.13860924 2.11090513 0.04313725 0.17647059 0.41960784
v 0.66714129 0.14841106 2.12966120 0.04313725 0.17647059 0.41960784
v 0.66462377 0.15790610 2.14916469 0.04313725 0.17647059 0.41960784
v 0.66502205 0.16691748 2.16905227 0.04313725 0.17647059 0.41960784
v 0.66832872 0.17527735 2.18895348 0.04313725 0.17647059 0.41960784
v 0.67448217 0.18282997 2.20849760 0.04313725 0.17647059 0.41960784
v 0.68336779 0.18943464 2.22732055 0.04313725 0.17647059 0.41960784
v 0.69482004 0.19496835 2.24507171 0.04313725 0.17647059 0.41960784
v 0.88632387 0.25544324 2.47185256 0.04313725 0.17647059 0.41960784
v 0.90222557 0.25854762 2.48649423 0.04313725 0.17647059 0.41960784
v 0.91992717 0.26033891 2.49915614 0.04313725 0.17647059 0.41960784
v 0.93909894 0.26078374 2.50960243 0.04313725 0.17647059 0.41960784
v 0.95938375 0.25987381 2.51763849 0.04313725 0.17647059 0.41960784
v 0.98040372 0.25762609 2.52311463 0.04313725 0.17647059 0.41960784
v 1.00176729 0.25408243 2.52592884 0.04313725 0.17647059 0.41960784
v 1.02307651 0.24930886 2.52602870 0.04313725 0.17647059 0.41960784
v 1.04393441 0.24339429 2.52341235 0.04313725 0.17647059 0.41960784
v 1.06395246 0.23644891 2.51812852 0.04313725 0.17647059 0.41960784
v 1.08275776 0.22860209 2.51027564 0.04313725 0.17647059 0.41960784
v 0.70406159 0.10387159 2.06441726 0.04313725 0.17647059 0.41960784
v 0.69030433 0.10826609 2.08079730 0.04313725 0.17647059 0.41960784
v 0.67898449 0.11310163 2.09883500 0.04313725 0.17647059 0.41960784
v 0.67031295 0.11828814 2.11819433 0.04313725 0.17647059 0.41960784
v 0.66445123 0.12372901 2.13851469 0.04313725 0.17647059 0.41960784
v 0.66150853 0.12932287 2.15941753 0.04313725 0.17647059 0.41960784
v 0.66153966 0.13496553 2.18051348 0.04313725 0.17647059 0.41960784
v 0.66454405 0.14055187 2.20140955 0.04313725 0.17647059 0.41960784
v 0.67046572 0.14597784 2.22171650 0.04313725 0.17647059 0.41960784
v 0.67919438 0.15114235 2.24105605 0.04313725 0.17647059 0.41960784
v 0.69056741 0.15594920 2.25906793 0.04313725 0.17647059 0.41960784
v 0.88207124 0.21642409 2.48584878 0.04313725 0.17647059 0.41960784
v 0.89805215 0.22025533 2.50022973 0.04313725 0.17647059 0.41960784
v 0.91591072 0.22348678 2.51237505 0.04313725 0.17647059 0.41960784
v 0.93531427 0.22605826 2.52205850 0.04313725 0.17647059 0.41960784
v 0.95590136 0.22792185 2.52909970 0.04313725 0.17647059 0.41960784
v 0.97728848 0.22904285 2.53336747 0.04313725 0.17647059 0.41960784
v 0.99907724 0.22940038 2.53478233 0.04313725 0.17647059 0.41960784
v 1.02086174 0.22898776 2.53331791 0.04313725 0.17647059 0.41960784
v 1.04223620 0.22781270 2.52900149 0.04313725 0.17647059 0.41960784
v 1.06280243 0.22589707 2.52191348 0.04313725 0.17647059 0.41960784
v 1.08217734 0.22327657 2.51218591 0.04313725 0.17647059 0.41960784
v 0.70463155 0.09830250 2.06542105 0.04313725 0.17647059 0.41960784
v 0.69143363 0.09723165 2.08278618 0.04313725 0.17647059 0.41960784
v 0.68065210 0.09680740 2.10177192 0.04313725 0.17647059 0.41960784
v 0.67248780 0.09703764 2.12202459 0.04313725 0.17647059 0.41960784
v 0.66709281 0.09791810 2.14316693 0.04313725 0.17647059 0.41960784
v 0.66456763 0.09943236 2.16480509 0.04313725 0.17647059 0.41960784
v 0.66495930 0.10155222 2.18653600 0.04313725 0.17647059 0.41960784
v 0.66826052 0.10423819 2.20795485 0.04313725 0.17647059 0.41960784
v 0.67440980 0.10744024 2.22866264 0.04313725 0.17647059 0.41960784
v 0.68329258 0.11109872 2.24827364 0.04313725 0.17647059 0.41960784
v 0.69474341 0.11514547 2.26642252 0.04313725 0.17647059 0.41960784
v 0.88624724 0.17562037 2.49320337 0.04313725 0.17647059 0.41960784
v 0.90215036 0.18021170 2.50744732 0.04313725 0.17647059 0.41960784
v 0.91985479 0.18494918 2.51932119 0.04313725 0.17647059 0.41960784
v 0.93903074 0.18974458 2.52860380 0.04313725 0.17647059 0.41960784
v 0.95932099 0.19450854 2.53512222 0.04313725 0.17647059 0.41960784
v 0.98034758 0.19915234 2.53875503 0.04313725 0.17647059 0.41960784
v 1.00171882 0.20358947 2.53943457 0.04313725 0.17647059 0.41960784
v 1.02303660 0.20773726 2.53714816 0.04313725 0.17647059 0.41960784
v 1.04390381 0.21151846 2.53193841 0.04313725 0.17647059 0.41960784
v 1.06393174 0.21486263 2.52390236 0.04313725 0.17647059 0.41960784
v 1.08274730 0.21770748 2.51318970 0.04313725 0.17647059 0.41960784
v 0.70631305 0.09286937 2.06544995 0.04313725 0.17647059 0.41960784
v 0.69476531 0.08646660 2.08284345 0.04313725 0.17647059 0.41960784
v 0.68557189 0.08091095 2.10185649 0.04313725 0.17647059 0.41960784
v 0.67890406 0.07630592 2.12213488 0.04313725 0.17647059 0.41960784
v 0.67488601 0.07273730 2.14330088 0.04313725 0.17647059 0.41960784
v 0.67359260 0.07027155 2.16496022 0.04313725 0.17647059 0.41960784
v 0.67504792 0.06895462 2.18670941 0.04313725 0.17647059 0.41960784
v 0.67922486 0.06881103 2.20814331 0.04313725 0.17647059 0.41960784
v 0.68604562 0.06984345 2.22886265 0.04313725 0.17647059 0.41960784
v 0.69538313 0.07203266 2.24848146 0.04313725 0.17647059 0.41960784
v 0.70706346 0.07533788 2.26663429 0.04313725 0.17647059 0.41960784
v 0.89856729 0.13581277 2.49341514 0.04313725 0.17647059 0.41960784
v 0.91424091 0.14114564 2.50765514 0.04313725 0.17647059 0.41960784
v 0.93149062 0.14735240 2.51952119 0.04313725 0.17647059 0.41960784
v 0.94999509 0.15431741 2.52879226 0.04313725 0.17647059 0.41960784
v 0.96940962 0.16191094 2.53529563 0.04313725 0.17647059 0.41960784
v 0.98937255 0.16999154 2.53891016 0.04313725 0.17647059 0.41960784
v 1.00951202 0.17840867 2.53956852 0.04313725 0.17647059 0.41960784
v 1.02945285 0.18700554 2.53725845 0.04313725 0.17647059 0.41960784
v 1.04882360 0.19562202 2.53202298 0.04313725 0.17647059 0.41960784
v 1.06726341 0.20409758 2.52395963 0.04313725 0.17647059 0.41960784
v 1.08442880 0.21227434 2.51321861 0.04313725 0.17647059 0.41960784
v 0.70899150 0.08794245 2.06450200 0.04313725 0.17647059 0.41960784
v 0.70007231 0.07670454 2.08096520 0.04313725 0.17647059 0.41960784
v 0.69340859 0.06649561 2.09908293 0.04313725 0.17647059 0.41960784
v 0.68912446 0.05750582 2.11851768 0.04313725 0.17647059 0.41960784
v 0.68729974 0.04990265 2.13890742 0.04313725 0.17647059 0.41960784
v 0.68796840 0.04382772 2.15987234 0.04313725 0.17647059 0.41960784
v 0.69111801 0.03939420 2.18102189 0.04313725 0.17647059 0.41960784
v 0.69668988 0.03668468 2.20196210 0.04313725 0.17647059 0.41960784
v 0.70458023 0.03574963 2.22230289 0.04313725 0.17647059 0.41960784
v 0.71464206 0.03660647 2.24166535 0.04313725 0.17647059 0.41960784
v 0.72668796 0.03923923 2.25968879 0.04313725 0.17647059 0.41960784
v 0.91819179 0.09971413 2.48646964 0.04313725 0.17647059 0.41960784
v 0.93349984 0.10571945 2.50083903 0.04313725 0.17647059 0.41960784
v 0.95002523 0.11325857 2.51296143 0.04313725 0.17647059 0.41960784
v 0.96746011 0.12219107 2.52261105 0.04313725 0.17647059 0.41960784
v 0.98547971 0.13235053 2.52960811 0.04313725 0.17647059 0.41960784
v 1.00374836 0.14354770 2.53382228 0.04313725 0.17647059 0.41960784
v 1.02192574 0.15557402 2.53517506 0.04313725 0.17647059 0.41960784
v 1.03967325 0.16820544 2.53364125 0.04313725 0.17647059 0.41960784
v 1.05666029 0.18120667 2.52924942 0.04313725 0.17647059 0.41960784
v 1.07257041 0.19433552 2.52208137 0.04313725 0.17647059 0.41960784
v 1.08710725 0.20734743 2.51227065 0.04313725 0.17647059 0.41960784
v 0.71248436 0.08385751 2.06264179 0.04313725 0.17647059 0.41960784
v 0.70699297 0.06861076 2.07727943 0.04313725 0.17647059 0.41960784
v 0.70362812 0.05454375 2.09364026 0.04313725 0.17647059 0.41960784
v 0.70245250 0.04191853 2.11141950 0.04313725 0.17647059 0.41960784
v 0.70348801 0.03097028 2.13028595 0.04313725 0.17647059 0.41960784
v 0.70671535 0.02190296 2.14988818 0.04313725 0.17647059 0.41960784
v 0.71207442 0.01488546 2.16986103 0.04313725 0.17647059 0.41960784
v 0.71946536 0.01004851 2.18983245 0.04313725 0.17647059 0.41960784
v 0.72875052 0.00748221 2.20943039 0.04313725 0.17647059 0.41960784
v 0.73975692 0.00723437 2.22828980 0.04313725 0.17647059 0.41960784
v 0.75227954 0.00930960 2.24605936 0.04313725 0.17647059 0.41960784
v 0.94378337 0.06978450 2.47284021 0.04313725 0.17647059 0.41960784
v 0.95861470 0.07634735 2.48746348 0.04313725 0.17647059 0.41960784
v 0.97419552 0.08499116 2.50008894 0.04313725 0.17647059 0.41960784
v 0.99023559 0.09555489 2.51048140 0.04313725 0.17647059 0.41960784
v 1.00643611 0.10784178 2.51844725 0.04313725 0.17647059 0.41960784
v 1.02249531 0.12162294 2.52383813 0.04313725 0.17647059 0.41960784
v 1.03811402 0.13664165 2.52655359 0.04313725 0.17647059 0.41960784
v 1.05300130 0.15261815 2.52654307 0.04313725 0.17647059 0.41960784
v 1.06687983 0.16925481 2.52380675 0.04313725 0.17647059 0.41960784
v 1.07949107 0.18624174 2.51839561 0.04313725 0.17647059 0.41960784
v 1.09060011 0.20326249 2.51041044 0.04313725 0.17647059 0.41960784
v 0.71655360 0.08089293 2.05999609 0.04313725 0.17647059 0.41960784
v 0.71505566 0.06273682 2.07203732 0.04313725 0.17647059 0.41960784
v 0.71553406 0.04586987 2.08589939 0.04313725 0.17647059 0.41960784
v 0.71797991 0.03060630 2.10132406 0.04313725 0.17647059 0.41960784
v 0.72234763 0.01723042 2.11802402 0.04313725 0.17647059 0.41960784
v 0.72855588 0.00599141 2.13568816 0.04313725 0.17647059 0.41960784
v 0.73648899 -0.00290138 2.15398744 0.04313725 0.17647059 0.41960784
v 0.74599919 -0.00928228 2.17258098 0.04313725 0.17647059 0.41960784
v 0.75690933 -0.01303243 2.19112241 0.04313725 0.17647059 0.41960784
v 0.76901616 -0.01408197 2.20926636 0.04313725 0.17647059 0.41960784
v 0.78209417 -0.01241136 2.22667481 0.04313725 0.17647059 0.41960784
v 0.97359800 0.04806354 2.45345566 0.04313725 0.17647059 0.41960784
v 0.98787394 0.05503101 2.46844004 0.04313725 0.17647059 0.41960784
v 1.00235433 0.06447652 2.48178096 0.04313725 0.17647059 0.41960784
v 1.01676942 0.07622411 2.49322993 0.04313725 0.17647059 0.41960784
v 1.03085069 0.09005495 2.50257366 0.04313725 0.17647059 0.41960784
v 1.04433583 0.10571139 2.50963810 0.04313725 0.17647059 0.41960784
v 1.05697364 0.12290179 2.51429165 0.04313725 0.17647059 0.41960784
v 1.06852870 0.14130591 2.51644763 0.04313725 0.17647059 0.41960784
v 1.07878576 0.16058094 2.51606588 0.04313725 0.17647059 0.41960784
v 1.08755376 0.18036780 2.51315350 0.04313725 0.17647059 0.41960784
v 1.09466935 0.20029791 2.50776474 0.04313725 0.17647059 0.41960784
v 0.72092192 0.07925074 2.05674521 0.04313725 0.17647059 0.41960784
v 0.72371091 0.05948303 2.06559612 0.04313725 0.17647059 0.41960784
v 0.72831503 0.04106509 2.07638784 0.04313725 0.17647059 0.41960784
v 0.73464850 0.02434003 2.08891936 0.04313725 0.17647059 0.41960784
v 0.74259335 0.00961940 2.10295724 0.04313725 0.17647059 0.41960784
v 0.75200157 -0.00282259 2.11823997 0.04313725 0.17647059 0.41960784
v 0.76269792 -0.01275416 2.13448286 0.04313725 0.17647059 0.41960784
v 0.77448313 -0.01999031 2.15138335 0.04313725 0.17647059 0.41960784
v 0.78713768 -0.02439624 2.16862660 0.04313725 0.17647059 0.41960784
v 0.80042583 -0.02588988 2.18589142 0.04313725 0.17647059 0.41960784
v 0.81410004 -0.02444340 2.20285618 0.04313725 0.17647059 0.41960784
v 1.00560387 0.03603149 2.42963703 0.04313725 0.17647059 0.41960784
v 1.01928360 0.04322310 2.44506510 0.04313725 0.17647059 0.41960784
v 1.03258267 0.05311271 2.45928515 0.04313725 0.17647059 0.41960784
v 1.04525336 0.06551608 2.47203230 0.04313725 0.17647059 0.41960784
v 1.05705962 0.08020216 2.48306908 0.04313725 0.17647059 0.41960784
v 1.06778153 0.09689739 2.49218991 0.04313725 0.17647059 0.41960784
v 1.07721936 0.11529077 2.49922488 0.04313725 0.17647059 0.41960784
v 1.08519730 0.13503965 2.50404294 0.04313725 0.17647059 0.41960784
v 1.09156673 0.15577616 2.50655433 0.04313725 0.17647059 0.41960784
v 1.09620902 0.17711401 2.50671229 0.04313725 0.17647059 0.41960784
v 1.09903767 0.19865571 2.50451386 0.04313725 0.17647059 0.41960784
v 0.72529161 0.07904285 2.05311068 0.04313725 0.17647059 0.41960784
v 0.73236890 0.05907112 2.05839477 0.04313725 0.17647059 0.41960784
v 0.74110003 0.04045685 2.06575382 0.04313725 0.17647059 0.41960784
v 0.75132235 0.02354677 2.07505076 0.04313725 0.17647059 0.41960784
v 0.76284545 0.00865590 2.08611240 0.04313725 0.17647059 0.41960784
v 0.77545466 -0.00393837 2.09873268 0.04313725 0.17647059 0.41960784
v 0.78891511 -0.01400145 2.11267651 0.04313725 0.17647059 0.41960784
v 0.80297605 -0.02134586 2.12768414 0.04313725 0.17647059 0.41960784
v 0.81737556 -0.02583481 2.14347601 0.04313725 0.17647059 0.41960784
v 0.83184539 -0.02738467 2.15975795 0.04313725 0.17647059 0.41960784
v 0.84611600 -0.02596656 2.17622666 0.04313725 0.17647059 0.41960784
v 1.03761983 0.03450833 2.40300751 0.04313725 0.17647059 0.41960784
v 1.05070316 0.04172831 2.41893163 0.04313725 0.17647059 0.41960784
v 1.06282055 0.05167414 2.43413456 0.04313725 0.17647059 0.41960784
v 1.07374628 0.06416052 2.44833309 0.04313725 0.17647059 0.41960784
v 1.08327681 0.07895488 2.46126273 0.04313725 0.17647059 0.41960784
v 1.09123461 0.09578161 2.47268262 0.04313725 0.17647059 0.41960784
v 1.09747145 0.11432727 2.48238004 0.04313725 0.17647059 0.41960784
v 1.10187114 0.13424639 2.49017433 0.04313725 0.17647059 0.41960784
v 1.10435173 0.15516791 2.49592031 0.04313725 0.17647059 0.41960784
v 1.10486700 0.17670210 2.49951094 0.04313725 0.17647059 0.41960784
v 1.10340736 0.19844783 2.50087934 0.04313725 0.17647059 0.41960784
v 0.72936489 0.08028343 2.04934020 0.04313725 0.17647059 0.41960784
v 0.74043959 0.06152918 2.05092404 0.04313725 0.17647059 0.41960784
v 0.75301778 0.04408658 2.05472202 0.04313725 0.17647059 0.41960784
v 0.76686516 0.02828058 2.06066338 0.04313725 0.17647059 0.41960784
v 0.78172378 0.01440559 2.06863745 0.04313725 0.17647059 0.41960784
v 0.79731685 0.00272010 2.07849568 0.04313725 0.17647059 0.41960784
v 0.81335391 -0.00655823 2.09005445 0.04313725 0.17647059 0.41960784
v 0.82953621 -0.01325656 2.10309842 0.04313725 0.17647059 0.41960784
v 0.84556230 -0.01725010 2.11738462 0.04313725 0.17647059 0.41960784
v 0.86113366 -0.01846447 2.13264691 0.04313725 0.17647059 0.41960784
v 0.87596021 -0.01687704 2.14860100 0.04313725 0.17647059 0.41960784
v 1.06746404 0.04359785 2.37538186 0.04313725 0.17647059 0.41960784
v 1.07999143 0.05064851 2.39182059 0.04313725 0.17647059 0.41960784
v 1.09100730 0.06025885 2.40804316 0.04313725 0.17647059 0.41960784
v 1.10030643 0.07224983 2.42374737 0.04313725 0.17647059 0.41960784
v 1.10771561 0.08639809 2.43864067 0.04313725 0.17647059 0.41960784
v 1.11309680 0.10244008 2.45244563 0.04313725 0.17647059 0.41960784
v 1.11634979 0.12007696 2.46490508 0.04313725 0.17647059 0.41960784
v 1.11741395 0.13898019 2.47578695 0.04313725 0.17647059 0.41960784
v 1.11626948 0.15879765 2.48488851 0.04313725 0.17647059 0.41960784
v 1.11293769 0.17916016 2.49204022 0.04313725 0.17647059 0.41960784
v 1.10748064 0.19968841 2.49710885 0.04313725 0.17647059 0.41960784
v 0.73286418 0.08288794 2.04569071 0.04313725 0.17647059 0.41960784
v 0.74737297 0.06668967 2.04369305 0.04313725 0.17647059 0.41960784
v 0.76325610 0.05170694 2.04404422 0.04313725 0.17647059 0.41960784
v 0.78021771 0.03821884 2.04673768 0.04313725 0.17647059 0.41960784
v 0.79794182 0.02647664 2.05172327 0.04313725 0.17647059 0.41960784
v 0.81609827 0.01669906 2.05890809 0.04313725 0.17647059 0.41960784
v 0.83434884 0.00906824 2.06815833 0.04313725 0.17647059 0.41960784
v 0.85235356 0.00372634 2.07930166 0.04313725 0.17647059 0.41960784
v 0.86977703 0.00077286 2.09213050 0.04313725 0.17647059 0.41960784
v 0.88629469 0.00026282 2.10640588 0.04313725 0.17647059 0.41960784
v 0.90159884 0.00220572 2.12186187 0.04313725 0.17647059 0.41960784
v 1.09310267 0.06268062 2.34864272 0.04313725 0.17647059 0.41960784
v 1.10515247 0.06937580 2.36557956 0.04313725 0.17647059 0.41960784
v 1.11522203 0.07828181 2.38278905 0.04313725 0.17647059 0.41960784
v 1.12312379 0.08923273 2.39995061 0.04313725 0.17647059 0.41960784
v 1.12871054 0.10202457 2.41674455 0.04313725 0.17647059 0.41960784
v 1.13187822 0.11641904 2.43285804 0.04313725 0.17647059 0.41960784
v 1.13256783 0.13214801 2.44799091 0.04313725 0.17647059 0.41960784
v 1.13076650 0.14891846 2.46186126 0.04313725 0.17647059 0.41960784
v 1.12650781 0.16641801 2.47421071 0.04313725 0.17647059 0.41960784
v 1.11987107 0.18432065 2.48480923 0.04313725 0.17647059 0.41960784
v 1.11097993 0.20229292 2.49345937 0.04313725 0.17647059 0.41960784
v 0.73555099 0.08667888 2.04241093 0.04313725 0.17647059 0.41960784
v 0.75269655 0.07420094 2.03719458 0.04313725 0.17647059 0.41960784
v 0.77111728 0.06279861 2.03444811 0.04313725 0.17647059 0.41960784
v 0.79047005 0.05268430 2.03422270 0.04313725 0.17647059 0.41960784
v 0.81039434 0.04404641 2.03652254 0.04313725 0.17647059 0.41960784
v 0.83051900 0.03704586 2.04130478 0.04313725 0.17647059 0.41960784
v 0.85046915 0.03181306 2.04848034 0.04313725 0.17647059 0.41960784
v 0.86987316 0.02844547 2.05791557 0.04313725 0.17647059 0.41960784
v 0.88836956 0.02700584 2.06943468 0.04313725 0.17647059 0.41960784
v 0.90561381 0.02752097 2.08282312 0.04313725 0.17647059 0.41960784
v 0.92128467 0.02998128 2.09783147 0.04313725 0.17647059 0.41960784
v 1.11278850 0.09045617 2.32461232 0.04313725 0.17647059 0.41960784
v 1.12447158 0.09663395 2.34199680 0.04313725 0.17647059 0.41960784
v 1.13381456 0.10451478 2.36009323 0.04313725 0.17647059 0.41960784
v 1.14064338 0.11395186 2.37856451 0.04313725 0.17647059 0.41960784
v 1.14483085 0.12476938 2.39706656 0.04313725 0.17647059 0.41960784
v 1.14629895 0.13676585 2.41525472 0.04313725 0.17647059 0.41960784
v 1.14502034 0.14971778 2.43279017 0.04313725 0.17647059 0.41960784
v 1.14101884 0.16338392 2.44934627 0.04313725 0.17647059 0.41960784
v 1.13436899 0.17750967 2.46461460 0.04313725 0.17647059 0.41960784
v 1.12519465 0.19183192 2.47831075 0.04313725 0.17647059 0.41960784
v 1.11366674 0.20608386 2.49017958 0.04313725 0.17647059 0.41960784
v 0.73724224 0.09139791 2.03972436 0.04313725 0.17647059 0.41960784
v 0.75604754 0.08355109 2.03187148 0.04313725 0.17647059 0.41960784
v 0.77606559 0.07660571 2.02658765 0.04313725 0.17647059 0.41960784
v 0.79692349 0.07069114 2.02397130 0.04313725 0.17647059 0.41960784
v 0.81823271 0.06591757 2.02407116 0.04313725 0.17647059 0.41960784
v 0.83959628 0.06237391 2.02688537 0.04313725 0.17647059 0.41960784
v 0.86061625 0.06012619 2.03236151 0.04313725 0.17647059 0.41960784
v 0.88090106 0.05921626 2.04039757 0.04313725 0.17647059 0.41960784
v 0.90007283 0.05966109 2.05084386 0.04313725 0.17647059 0.41960784
v 0.91777443 0.06145238 2.06350577 0.04313725 0.17647059 0.41960784
v 0.93367613 0.06455676 2.07814744 0.04313725 0.17647059 0.41960784
v 1.12517996 0.12503165 2.30492829 0.04313725 0.17647059 0.41960784
v 1.13663221 0.13056536 2.32267945 0.04313725 0.17647059 0.41960784
v 1.14551783 0.13717003 2.34150240 0.04313725 0.17647059 0.41960784
v 1.15167128 0.14472265 2.36104652 0.04313725 0.17647059 0.41960784
v 1.15497795 0.15308252 2.38094773 0.04313725 0.17647059 0.41960784
v 1.15537623 0.16209390 2.40083531 0.04313725 0.17647059 0.41960784
v 1.15285871 0.17158894 2.42033880 0.04313725 0.17647059 0.41960784
v 1.14747229 0.18139076 2.43909487 0.04313725 0.17647059 0.41960784
v 1.13931729 0.19131677 2.45675414 0.04313725 0.17647059 0.41960784
v 1.12854564 0.20118207 2.47298766 0.04313725 0.17647059 0.41960784
v 1.11535799 0.21080289 2.48749301 0.04313725 0.17647059 0.41960784
v 0.73782266 0.09672343 2.03781409 0.04313725 0.17647059 0.41960784
v 0.75719757 0.09410293 2.02808652 0.04313725 0.17647059 0.41960784
v 0.77776380 0.09218730 2.02099851 0.04313725 0.17647059 0.41960784
v 0.79913826 0.09101224 2.01668209 0.04313725 0.17647059 0.41960784
v 0.82092276 0.09059962 2.01521767 0.04313725 0.17647059 0.41960784
v 0.84271152 0.09095715 2.01663253 0.04313725 0.17647059 0.41960784
v 0.86409864 0.09207815 2.02090030 0.04313725 0.17647059 0.41960784
v 0.88468573 0.09394174 2.02794150 0.04313725 0.17647059 0.41960784
v 0.90408928 0.09651322 2.03762495 0.04313725 0.17647059 0.41960784
v 0.92194785 0.09974467 2.04977027 0.04313725 0.17647059 0.41960784
v 0.93792876 0.10357591 2.06415122 0.04313725 0.17647059 0.41960784
v 1.12943259 0.16405080 2.29093207 0.04313725 0.17647059 0.41960784
v 1.14080562 0.16885765 2.30894395 0.04313725 0.17647059 0.41960784
v 1.14953428 0.17402216 2.32828350 0.04313725 0.17647059 0.41960784
v 1.15545595 0.17944813 2.34859045 0.04313725 0.17647059 0.41960784
v 1.15846034 0.18503447 2.36948652 0.04313725 0.17647059 0.41960784
v 1.15849147 0.19067713 2.39058247 0.04313725 0.17647059 0.41960784
v 1.15554877 0.19627099 2.41148531 0.04313725 0.17647059 0.41960784
v 1.14968705 0.20171186 2.43180567 0.04313725 0.17647059 0.41960784
v 1.14101551 0.20689837 2.45116500 0.04313725 0.17647059 0.41960784
v 1.12969567 0.21173391 2.46920270 0.04313725 0.17647059 0.41960784
v 1.11593841 0.21612841 2.48558274 0.04313725 0.17647059 0.41960784
v 0.97672866 0.18315549 2.36125306 0.98039216 0.98823529 1.00000000
v 0.99539983 0.18543245 2.34766794 0.98039216 0.98823529 1.00000000
v 1.01568245 0.18824324 2.33675616 0.98039216 0.98823529 1.00000000
v 1.03719870 0.19153551 2.32872098 0.98039216 0.98823529 1.00000000
v 1.05954778 0.19524794 2.32371207 0.98039216 0.98823529 1.00000000
v 1.08231335 0.19931136 2.32182276 0.98039216 0.98823529 1.00000000
v 1.10507135 0.20365008 2.32308822 0.98039216 0.98823529 1.00000000
v 1.12739783 0.20818328 2.32748489 0.98039216 0.98823529 1.00000000
v 1.14887690 0.21282651 2.33493086 0.98039216 0.98823529 1.00000000
v 1.16910843 0.21749328 2.34528744 0.98039216 0.98823529 1.00000000
v 1.18771555 0.22209666 2.35836169 0.98039216 0.98823529 1.00000000
v 1.20435166 0.22655090 2.37391007 0.98039216 0.98823529 1.00000000
v 1.22489377 0.23259269 2.39928563 0.98039216 0.98823529 1.00000000
v 1.23670063 0.23650404 2.41887266 0.98039216 0.98823529 1.00000000
v 1.24573921 0.24003175 2.43994899 0.98039216 0.98823529 1.00000000
v 1.25184115 0.24311012 2.46212200 0.98039216 0.98823529 1.00000000
v 1.25489278 0.24568179 2.48497865 0.98039216 0.98823529 1.00000000
v 1.25483725 0.24769887 2.50809316 0.98039216 0.98823529 1.00000000
v 1.25167561 0.24912379 2.53103495 0.98039216 0.98823529 1.00000000
v 1.24546674 0.24992999 2.55337667 0.98039216 0.98823529 1.00000000
v 1.23632630 0.25010245 2.57470212 0.98039216 0.98823529 1.00000000
v 1.22442456 0.24963798 2.59461406 0.98039216 0.98823529 1.00000000
v 1.20998324 0.24854521 2.61274156 0.98039216 0.98823529 1.00000000
v 1.19327134 0.24684451 2.62874694 0.98039216 0.98823529 1.00000000
v 0.99370679 0.19123335 2.34765733 0.98039216 0.98823529 1.00000000
v 1.01232791 0.19973699 2.33673514 0.98039216 0.98823529 1.00000000
v 1.03224515 0.20850800 2.32868993 0.98039216 0.98823529 1.00000000
v 1.05308749 0.21738299 2.32367158 0.98039216 0.98823529 1.00000000
v 1.07446667 0.22619665 2.32177358 0.98039216 0.98823529 1.00000000
v 1.09598444 0.23478478 2.32303127 0.98039216 0.98823529 1.00000000
v 1.11723996 0.24298741 2.32742122 0.98039216 0.98823529 1.00000000
v 1.13783730 0.25065175 2.33486167 0.98039216 0.98823529 1.00000000
v 1.15739274 0.25763500 2.34521401 0.98039216 0.98823529 1.00000000
v 1.17554202 0.26380711 2.35828539 0.98039216 0.98823529 1.00000000
v 1.19194705 0.26905307 2.37383233 0.98039216 0.98823529 1.00000000
v 1.21248917 0.27509487 2.39920788 0.98039216 0.98823529 1.00000000
v 1.22452710 0.27821448 2.41879637 0.98039216 0.98823529 1.00000000
v 1.23402352 0.28017347 2.43987556 0.98039216 0.98823529 1.00000000
v 1.24080155 0.28093535 2.46205281 0.98039216 0.98823529 1.00000000
v 1.24473491 0.28048593 2.48491498 0.98039216 0.98823529 1.00000000
v 1.24575034 0.27883358 2.50803621 0.98039216 0.98823529 1.00000000
v 1.24382892 0.27600907 2.53098577 0.98039216 0.98823529 1.00000000
v 1.23900644 0.27206504 2.55333618 0.98039216 0.98823529 1.00000000
v 1.23137274 0.26707493 2.57467108 0.98039216 0.98823529 1.00000000
v 1.22107002 0.26113172 2.59459304 0.98039216 0.98823529 1.00000000
v 1.20829020 0.25434611 2.61273095 0.98039216 0.98823529 1.00000000
v 0.99092348 0.19650339 2.34865571 0.98039216 0.98823529 1.00000000
v 1.00681314 0.21017890 2.33871331 0.98039216 0.98823529 1.00000000
v 1.02410164 0.22392728 2.33161104 0.98039216 0.98823529 1.00000000
v 1.04246694 0.23749240 2.32748121 0.98039216 0.98823529 1.00000000
v 1.06156693 0.25062158 2.32640076 0.98039216 0.98823529 1.00000000
v 1.08104580 0.26307026 2.32838981 0.98039216 0.98823529 1.00000000
v 1.10054071 0.27460652 2.33341131 0.98039216 0.98823529 1.00000000
v 1.11968850 0.28501548 2.34137171 0.98039216 0.98823529 1.00000000
v 1.13813248 0.29410324 2.35212274 0.98039216 0.98823529 1.00000000
v 1.15552908 0.30170050 2.36546411 0.98039216 0.98823529 1.00000000
v 1.17155423 0.30766575 2.38114731 0.98039216 0.98823529 1.00000000
v 1.19209635 0.31370755 2.40652286 0.98039216 0.98823529 1.00000000
v 1.20451415 0.31610788 2.42597508 0.98039216 0.98823529 1.00000000
v 1.21476326 0.31664171 2.44678429 0.98039216 0.98823529 1.00000000
v 1.22265275 0.31529909 2.46856285 0.98039216 0.98823529 1.00000000
v 1.22803566 0.31210504 2.49090507 0.98039216 0.98823529 1.00000000
v 1.23081171 0.30711905 2.51339475 0.98039216 0.98823529 1.00000000
v 1.23092918 0.30043401 2.53561296 0.98039216 0.98823529 1.00000000
v 1.22838590 0.29217445 2.55714581 0.98039216 0.98823529 1.00000000
v 1.22322924 0.28249421 2.57759218 0.98039216 0.98823529 1.00000000
v 1.21555525 0.27157364 2.59657121 0.98039216 0.98823529 1.00000000
v 1.20550689 0.25961616 2.61372933 0.98039216 0.98823529 1.00000000
v 0.98723958 0.20088344 2.35059505 0.98039216 0.98823529 1.00000000
v 0.99951395 0.21885740 2.34255586 0.98039216 0.98823529 1.00000000
v 1.01332315 0.23674256 2.33728523 0.98039216 0.98823529 1.00000000
v 1.02840992 0.25420574 2.33488134 0.98039216 0.98823529 1.00000000
v 1.04449324 0.27092165 2.33538897 0.98039216 0.98823529 1.00000000
v 1.06127349 0.28657890 2.33879867 0.98039216 0.98823529 1.00000000
v 1.07843810 0.30088581 2.34504692 0.98039216 0.98823529 1.00000000
v 1.09566732 0.31357589 2.35401733 0.98039216 0.98823529 1.00000000
v 1.11264020 0.32441274 2.36554280 0.98039216 0.98823529 1.00000000
v 1.12904057 0.33319449 2.37940862 0.98039216 0.98823529 1.00000000
v 1.14456292 0.33975755 2.39535651 0.98039216 0.98823529 1.00000000
v 1.16510504 0.34579935 2.42073207 0.98039216 0.98823529 1.00000000
v 1.17802564 0.34760186 2.43991960 0.98039216 0.98823529 1.00000000
v 1.18927098 0.34695121 2.46020435 0.98039216 0.98823529 1.00000000
v 1.19863157 0.34385950 2.48120847 0.98039216 0.98823529 1.00000000
v 1.20593305 0.33838433 2.50254068 0.98039216 0.98823529 1.00000000
v 1.21103939 0.33062769 2.52380361 0.98039216 0.98823529 1.00000000
v 1.21385549 0.32073408 2.54460117 0.98039216 0.98823529 1.00000000
v 1.21432888 0.30888779 2.56454593 0.98039216 0.98823529 1.00000000
v 1.21245074 0.29530950 2.58326637 0.98039216 0.98823529 1.00000000
v 1.20825606 0.28025214 2.60041376 0.98039216 0.98823529 1.00000000
v 1.20182298 0.26399620 2.61566867 0.98039216 0.98823529 1.00000000
v 0.98290613 0.20407498 2.35334319 0.98039216 0.98823529 1.00000000
v 0.99092779 0.22518104 2.34800094 0.98039216 0.98823529 1.00000000
v 1.00064421 0.24608050 2.34532581 0.98039216 0.98823529 1.00000000
v 1.01187439 0.26638403 2.34536765 0.98039216 0.98823529 1.00000000
v 1.02440914 0.28571343 2.34812568 0.98039216 0.98823529 1.00000000
v 1.03801495 0.30370863 2.35354851 0.98039216 0.98823529 1.00000000
v 1.05243839 0.32003440 2.36153513 0.98039216 0.98823529 1.00000000
v 1.06741075 0.33438663 2.37193676 0.98039216 0.98823529 1.00000000
v 1.08265315 0.34649797 2.38455964 0.98039216 0.98823529 1.00000000
v 1.09788164 0.35614279 2.39916864 0.98039216 0.98823529 1.00000000
v 1.11281255 0.36314145 2.41549160 0.98039216 0.98823529 1.00000000
v 1.13335466 0.36918325 2.44086716 0.98039216 0.98823529 1.00000000
v 1.14686672 0.37055017 2.45967961 0.98039216 0.98823529 1.00000000
v 1.15928393 0.36903643 2.47922119 0.98039216 0.98823529 1.00000000
v 1.17037501 0.36467023 2.49912789 0.98039216 0.98823529 1.00000000
v 1.17993333 0.35753291 2.51902888 0.98039216 0.98823529 1.00000000
v 1.18778086 0.34775742 2.53855345 0.98039216 0.98823529 1.00000000
v 1.19377139 0.33552586 2.55733787 0.98039216 0.98823529 1.00000000
v 1.19779335 0.32106608 2.57503225 0.98039216 0.98823529 1.00000000
v 1.19977180 0.30464744 2.59130696 0.98039216 0.98823529 1.00000000
v 1.19966990 0.28657578 2.60585884 0.98039216 0.98823529 1.00000000
v 1.19748954 0.26718775 2.61841681 0.98039216 0.98823529 1.00000000
v 0.97821846 0.20586054 2.35671284 0.98039216 0.98823529 1.00000000
v 0.98163977 0.22871889 2.35467746 0.98039216 0.98823529 1.00000000
v 0.98692886 0.25130473 2.35518484 0.98039216 0.98823529 1.00000000
v 0.99398721 0.27319734 2.35822554 0.98039216 0.98823529 1.00000000
v 1.00268332 0.29398890 2.36374289 0.98039216 0.98823529 1.00000000
v 1.01285522 0.31329209 2.37163414 0.98039216 0.98823529 1.00000000
v 1.02431341 0.33074733 2.38175227 0.98039216 0.98823529 1.00000000
v 1.03684445 0.34602948 2.39390881 0.98039216 0.98823529 1.00000000
v 1.05021491 0.35885384 2.40787730 0.98039216 0.98823529 1.00000000
v 1.06417573 0.36898153 2.42339754 0.98039216 0.98823529 1.00000000
v 1.07846683 0.37622389 2.44018041 0.98039216 0.98823529 1.00000000
v 1.09900895 0.38226569 2.46555596 0.98039216 0.98823529 1.00000000
v 1.11316080 0.38338891 2.48390851 0.98039216 0.98823529 1.00000000
v 1.12684569 0.38139231 2.50253885 0.98039216 0.98823529 1.00000000
v 1.13980870 0.37631308 2.52109994 0.98039216 0.98823529 1.00000000
v 1.15180835 0.36824585 2.53924603 0.98039216 0.98823529 1.00000000
v 1.16262112 0.35734088 2.55663907 0.98039216 0.98823529 1.00000000
v 1.17204558 0.34380132 2.57295509 0.98039216 0.98823529 1.00000000
v 1.17990617 0.32787939 2.58789013 0.98039216 0.98823529 1.00000000
v 1.18605646 0.30987167 2.60116599 0.98039216 0.98823529 1.00000000
v 1.19038188 0.29011363 2.61253536 0.98039216 0.98823529 1.00000000
v 1.19280187 0.26897330 2.62178646 0.98039216 0.98823529 1.00000000
v 0.97349603 0.20611842 2.36047436 0.98039216 0.98823529 1.00000000
v 0.97228287 0.22922984 2.36213044 0.98039216 0.98823529 1.00000000
v 0.97311180 0.25205924 2.36619044 0.98039216 0.98823529 1.00000000
v 0.97596736 0.27418135 2.37257874 0.98039216 0.98823529 1.00000000
v 0.98079638 0.29518408 2.38117633 0.98039216 0.98823529 1.00000000
v 0.98750888 0.31467617 2.39182305 0.98039216 0.98823529 1.00000000
v 0.99597983 0.33229454 2.40432058 0.98039216 0.98823529 1.00000000
v 1.00605144 0.34771099 2.41843612 0.98039216 0.98823529 1.00000000
v 1.01753608 0.36063833 2.43390671 0.98039216 0.98823529 1.00000000
v 1.03021982 0.37083576 2.45044416 0.98039216 0.98823529 1.00000000
v 1.04386639 0.37811332 2.46774043 0.98039216 0.98823529 1.00000000
v 1.06440851 0.38415512 2.49311598 0.98039216 0.98823529 1.00000000
v 1.07920490 0.38524314 2.51095514 0.98039216 0.98823529 1.00000000
v 1.09416686 0.38317680 2.52856826 0.98039216 0.98823529 1.00000000
v 1.10901569 0.37799460 2.54562725 0.98039216 0.98823529 1.00000000
v 1.12347478 0.36979306 2.56181434 0.98039216 0.98823529 1.00000000
v 1.13727478 0.35872497 2.57682799 0.98039216 0.98823529 1.00000000
v 1.15015863 0.34499650 2.59038853 0.98039216 0.98823529 1.00000000
v 1.16188632 0.32886340 2.60224333 0.98039216 0.98823529 1.00000000
v 1.17223939 0.31062618 2.61217159 0.98039216 0.98823529 1.00000000
v 1.18102498 0.29062458 2.61998834 0.98039216 0.98823529 1.00000000
v 1.18807943 0.26923118 2.62554798 0.98039216 0.98823529 1.00000000
v 0.96906065 0.20483104 2.36437142 0.98039216 0.98823529 1.00000000
v 0.96349474 0.22667908 2.36985196 0.98039216 0.98823529 1.00000000
v 0.96013462 0.24829261 2.37759260 0.98039216 0.98823529 1.00000000
v 0.95904288 0.26926901 2.38744912 0.98039216 0.98823529 1.00000000
v 0.96023986 0.28921753 2.39923793 0.98039216 0.98823529 1.00000000
v 0.96370325 0.30776657 2.41273942 0.98039216 0.98823529 1.00000000
v 0.96936855 0.32457060 2.42770209 0.98039216 0.98823529 1.00000000
v 0.97713022 0.33931658 2.44384720 0.98039216 0.98823529 1.00000000
v 0.98684368 0.35172984 2.46087401 0.98039216 0.98823529 1.00000000
v 0.99832797 0.36157912 2.47846534 0.98039216 0.98823529 1.00000000
v 1.01136918 0.36868097 2.49629349 0.98039216 0.98823529 1.00000000
v 1.03191130 0.37472277 2.52166905 0.98039216 0.98823529 1.00000000
v 1.04731305 0.37598650 2.53897631 0.98039216 0.98823529 1.00000000
v 1.06347446 0.37426830 2.55553556 0.98039216 0.98823529 1.00000000
v 1.08009448 0.36960019 2.57103834 0.98039216 0.98823529 1.00000000
v 1.09686350 0.36206911 2.58519584 0.98039216 0.98823529 1.00000000
v 1.11346916 0.35181537 2.59774436 0.98039216 0.98823529 1.00000000
v 1.12960211 0.33902996 2.60845013 0.98039216 0.98823529 1.00000000
v 1.14496184 0.32395105 2.61711371 0.98039216 0.98823529 1.00000000
v 1.15926221 0.30685955 2.62357374 0.98039216 0.98823529 1.00000000
v 1.17223685 0.28807382 2.62770987 0.98039216 0.98823529 1.00000000
v 1.18364406 0.26794381 2.62944504 0.98039216 0.98823529 1.00000000
v 0.96521460 0.20208615 2.36813844 0.98039216 0.98823529 1.00000000
v 0.95587428 0.22124043 2.37731583 0.98039216 0.98823529 1.00000000
v 0.94888170 0.24026151 2.38861426 0.98039216 0.98823529 1.00000000
v 0.94436713 0.25879507 2.40182328 0.98039216 0.98823529 1.00000000
v 0.94241465 0.27649586 2.41669682 0.98039216 0.98823529 1.00000000
v 0.94306065 0.29303415 2.43295782 0.98039216 0.98823529 1.00000000
v 0.94629308 0.30810186 2.45030336 0.98039216 0.98823529 1.00000000
v 0.95205173 0.32141832 2.46841033 0.98039216 0.98823529 1.00000000
v 0.96022933 0.33273545 2.48694143 0.98039216 0.98823529 1.00000000
v 0.97067355 0.34184244 2.50555146 0.98039216 0.98823529 1.00000000
v 0.98318983 0.34856965 2.52389375 0.98039216 0.98823529 1.00000000
v 1.00373195 0.35461145 2.54926931 0.98039216 0.98823529 1.00000000
v 1.01965863 0.35624982 2.56606243 0.98039216 0.98823529 1.00000000
v 1.03686012 0.35527391 2.58160298 0.98039216 0.98823529 1.00000000
v 1.05501599 0.35170192 2.59560146 0.98039216 0.98823529 1.00000000
v 1.07378803 0.34560038 2.60779712 0.98039216 0.98823529 1.00000000
v 1.09282655 0.33708295 2.61796276 0.98039216 0.98823529 1.00000000
v 1.11177691 0.32630829 2.62590902 0.98039216 0.98823529 1.00000000
v 1.13028609 0.31347712 2.63148788 0.98039216 0.98823529 1.00000000
v 1.14800930 0.29882845 2.63459541 0.98039216 0.98823529 1.00000000
v 1.16461639 0.28263517 2.63517373 0.98039216 0.98823529 1.00000000
v 1.17979800 0.26519892 2.63321206 0.98039216 0.98823529 1.00000000
v 0.96221997 0.19807081 2.37151870 0.98039216 0.98823529 1.00000000
v 0.94994081 0.21328453 2.38401338 0.98039216 0.98823529 1.00000000
v 0.94011992 0.22851327 2.39850434 0.98039216 0.98823529 1.00000000
v 0.93294024 0.24347333 2.41472165 0.98039216 0.98823529 1.00000000
v 0.92853553 0.25788603 2.43236322 0.98039216 0.98823529 1.00000000
v 0.92698783 0.27148291 2.45110040 0.98039216 0.98823529 1.00000000
v 0.92832597 0.28401066 2.47058416 0.98039216 0.98823529 1.00000000
v 0.93252502 0.29523593 2.49045156 0.98039216 0.98823529 1.00000000
v 0.93950678 0.30494960 2.51033251 0.98039216 0.98823529 1.00000000
v 0.94914116 0.31297074 2.52985665 0.98039216 0.98823529 1.00000000
v 0.96124872 0.31914992 2.54866030 0.98039216 0.98823529 1.00000000
v 0.98179084 0.32519171 2.57403586 0.98039216 0.98823529 1.00000000
v 0.99812624 0.32737811 2.59036763 0.98039216 0.98823529 1.00000000
v 1.01613756 0.32748807 2.60499406 0.98039216 0.98823529 1.00000000
v 1.03548928 0.32551953 2.61764270 0.98039216 0.98823529 1.00000000
v 1.05582092 0.32150918 2.62807792 0.98039216 0.98823529 1.00000000
v 1.07675373 0.31553170 2.63610534 0.98039216 0.98823529 1.00000000
v 1.09789778 0.30769846 2.64157541 0.98039216 0.98823529 1.00000000
v 1.11885920 0.29815537 2.64438625 0.98039216 0.98823529 1.00000000
v 1.13924751 0.28708021 2.64448549 0.98039216 0.98823529 1.00000000
v 1.15868292 0.27467927 2.64187128 0.98039216 0.98823529 1.00000000
v 1.17680337 0.26118357 2.63659232 0.98039216 0.98823529 1.00000000
v 0.96028084 0.19305864 2.37428184 0.98039216 0.98823529 1.00000000
v 0.94609868 0.20335357 2.38948818 0.98039216 0.98823529 1.00000000
v 0.93444636 0.21384850 2.40658883 0.98039216 0.98823529 1.00000000
v 0.92554094 0.22434793 2.42526523 0.98039216 0.98823529 1.00000000
v 0.91954832 0.23465628 2.44516947 0.98039216 0.98823529 1.00000000
v 0.91658013 0.24458152 2.46593077 0.98039216 0.98823529 1.00000000
v 0.91669165 0.25393876 2.48716240 0.98039216 0.98823529 1.00000000
v 0.91988081 0.26255371 2.50846884 0.98039216 0.98823529 1.00000000
v 0.92608821 0.27026586 2.52945319 0.98039216 0.98823529 1.00000000
v 0.93519821 0.27693157 2.54972457 0.98039216 0.98823529 1.00000000
v 0.94704110 0.28242666 2.56890534 0.98039216 0.98823529 1.00000000
v 0.96758322 0.28846846 2.59428090 0.98039216 0.98823529 1.00000000
v 0.98418328 0.29133895 2.61023554 0.98039216 0.98823529 1.00000000
v 1.00271899 0.29280433 2.62411475 0.98039216 0.98823529 1.00000000
v 1.02284507 0.29283731 2.63565997 0.98039216 0.98823529 1.00000000
v 1.04418660 0.29143728 2.64465616 0.98039216 0.98823529 1.00000000
v 1.06634603 0.28863032 2.65093571 0.98039216 0.98823529 1.00000000
v 1.08891058 0.28446871 2.65438167 0.98039216 0.98823529 1.00000000
v 1.11145990 0.27902998 2.65492982 0.98039216 0.98823529 1.00000000
v 1.13357395 0.27241544 2.65256998 0.98039216 0.98823529 1.00000000
v 1.15484079 0.26474831 2.64734608 0.98039216 0.98823529 1.00000000
v 1.17486425 0.25617141 2.63935546 0.98039216 0.98823529 1.00000000
v 0.95952937 0.18739123 2.37623956 0.98039216 0.98823529 1.00000000
v 0.94460973 0.19212431 2.39336715 0.98039216 0.98823529 1.00000000
v 0.93224768 0.19726658 2.41231680 0.98039216 0.98823529 1.00000000
v 0.92267348 0.20272224 2.43273548 0.98039216 0.98823529 1.00000000
v 0.91606549 0.20838966 2.45424286 0.98039216 0.98823529 1.00000000
v 0.91254681 0.21416328 2.47643828 0.98039216 0.98823529 1.00000000
v 0.91218298 0.21993553 2.49890828 0.98039216 0.98823529 1.00000000
v 0.91498078 0.22559889 2.52123430 0.98039216 0.98823529 1.00000000
v 0.92088809 0.23104786 2.54300043 0.98039216 0.98823529 1.00000000
v 0.92979487 0.23618095 2.56380123 0.98039216 0.98823529 1.00000000
v 0.94153520 0.24090253 2.58324920 0.98039216 0.98823529 1.00000000
v 0.96207731 0.24694433 2.60862476 0.98039216 0.98823529 1.00000000
v 0.97877994 0.25058832 2.62431220 0.98039216 0.98823529 1.00000000
v 0.99751887 0.25358633 2.63766199 0.98039216 0.98823529 1.00000000
v 1.01794503 0.25588249 2.64842543 0.98039216 0.98823529 1.00000000
v 1.03967793 0.25743404 2.65640204 0.98039216 0.98823529 1.00000000
v 1.06231271 0.25821207 2.66144322 0.98039216 0.98823529 1.00000000
v 1.08542775 0.25820209 2.66345506 0.98039216 0.98823529 1.00000000
v 1.10859244 0.25740429 2.66240008 0.98039216 0.98823529 1.00000000
v 1.13137527 0.25583352 2.65829794 0.98039216 0.98823529 1.00000000
v 1.15335184 0.25351905 2.65122505 0.98039216 0.98823529 1.00000000
v 1.17411278 0.25050399 2.64131318 0.98039216 0.98823529 1.00000000
v 0.96001676 0.18145479 2.37725844 0.98039216 0.98823529 1.00000000
v 0.94557544 0.18036202 2.39538594 0.98039216 0.98823529 1.00000000
v 0.93367370 0.17989755 2.41529788 0.98039216 0.98823529 1.00000000
v 0.92453326 0.18007001 2.43662333 0.98039216 0.98823529 1.00000000
v 0.91832439 0.18087621 2.45896505 0.98039216 0.98823529 1.00000000
v 0.91516275 0.18230113 2.48190684 0.98039216 0.98823529 1.00000000
v 0.91510722 0.18431821 2.50502135 0.98039216 0.98823529 1.00000000
v 0.91815885 0.18688988 2.52787800 0.98039216 0.98823529 1.00000000
v 0.92426079 0.18996825 2.55005101 0.98039216 0.98823529 1.00000000
v 0.93329937 0.19349596 2.57112734 0.98039216 0.98823529 1.00000000
v 0.94510623 0.19740731 2.59071437 0.98039216 0.98823529 1.00000000
v 0.96564834 0.20344910 2.61608993 0.98039216 0.98823529 1.00000000
v 0.98228445 0.20790334 2.63163831 0.98039216 0.98823529 1.00000000
v 1.00089157 0.21250672 2.64471256 0.98039216 0.98823529 1.00000000
v 1.02112310 0.21717349 2.65506914 0.98039216 0.98823529 1.00000000
v 1.04260217 0.22181672 2.66251511 0.98039216 0.98823529 1.00000000
v 1.06492865 0.22634992 2.66691178 0.98039216 0.98823529 1.00000000
v 1.08768665 0.23068864 2.66817724 0.98039216 0.98823529 1.00000000
v 1.11045222 0.23475206 2.66628793 0.98039216 0.98823529 1.00000000
v 1.13280130 0.23846449 2.66127902 0.98039216 0.98823529 1.00000000
v 1.15431755 0.24175676 2.65324384 0.98039216 0.98823529 1.00000000
v 1.17460017 0.24456755 2.64233206 0.98039216 0.98823529 1.00000000
v 0.96170980 0.17565389 2.37726905 0.98039216 0.98823529 1.00000000
v 0.94892998 0.16886828 2.39540696 0.98039216 0.98823529 1.00000000
v 0.93862726 0.16292507 2.41532892 0.98039216 0.98823529 1.00000000
v 0.93099356 0.15793496 2.43666382 0.98039216 0.98823529 1.00000000
v 0.92617108 0.15399093 2.45901423 0.98039216 0.98823529 1.00000000
v 0.92424966 0.15116642 2.48196379 0.98039216 0.98823529 1.00000000
v 0.92526509 0.14951407 2.50508502 0.98039216 0.98823529 1.00000000
v 0.92919845 0.14906465 2.52794719 0.98039216 0.98823529 1.00000000
v 0.93597648 0.14982653 2.55012444 0.98039216 0.98823529 1.00000000
v 0.94547290 0.15178552 2.57120363 0.98039216 0.98823529 1.00000000
v 0.95751083 0.15490513 2.59079212 0.98039216 0.98823529 1.00000000
v 0.97805295 0.16094693 2.61616767 0.98039216 0.98823529 1.00000000
v 0.99445798 0.16619289 2.63171461 0.98039216 0.98823529 1.00000000
v 1.01260726 0.17236500 2.64478599 0.98039216 0.98823529 1.00000000
v 1.03216270 0.17934825 2.65513833 0.98039216 0.98823529 1.00000000
v 1.05276004 0.18701259 2.66257878 0.98039216 0.98823529 1.00000000
v 1.07401556 0.19521522 2.66696873 0.98039216 0.98823529 1.00000000
v 1.09553333 0.20380335 2.66822642 0.98039216 0.98823529 1.00000000
v 1.11691251 0.21261701 2.66632842 0.98039216 0.98823529 1.00000000
v 1.13775485 0.22149200 2.66131007 0.98039216 0.98823529 1.00000000
v 1.15767209 0.23026301 2.65326486 0.98039216 0.98823529 1.00000000
v 1.17629321 0.23876665 2.64234267 0.98039216 0.98823529 1.00000000
v 0.96449311 0.17038384 2.37627067 0.98039216 0.98823529 1.00000000
v 0.95444475 0.15842636 2.39342879 0.98039216 0.98823529 1.00000000
v 0.94677076 0.14750579 2.41240782 0.98039216 0.98823529 1.00000000
v 0.94161410 0.13782555 2.43285419 0.98039216 0.98823529 1.00000000
v 0.93907082 0.12956599 2.45438704 0.98039216 0.98823529 1.00000000
v 0.93918829 0.12288095 2.47660525 0.98039216 0.98823529 1.00000000
v 0.94196434 0.11789496 2.49909493 0.98039216 0.98823529 1.00000000
v 0.94734725 0.11470091 2.52143715 0.98039216 0.98823529 1.00000000
v 0.95523674 0.11335829 2.54321571 0.98039216 0.98823529 1.00000000
v 0.96548585 0.11389212 2.56402492 0.98039216 0.98823529 1.00000000
v 0.97790365 0.11629245 2.58347714 0.98039216 0.98823529 1.00000000
v 0.99844577 0.12233425 2.60885269 0.98039216 0.98823529 1.00000000
v 1.01447092 0.12829950 2.62453589 0.98039216 0.98823529 1.00000000
v 1.03186752 0.13589676 2.63787726 0.98039216 0.98823529 1.00000000
v 1.05031150 0.14498452 2.64862829 0.98039216 0.98823529 1.00000000
v 1.06945929 0.15539348 2.65658869 0.98039216 0.98823529 1.00000000
v 1.08895420 0.16692974 2.66161019 0.98039216 0.98823529 1.00000000
v 1.10843307 0.17937842 2.66359924 0.98039216 0.98823529 1.00000000
v 1.12753306 0.19250760 2.66251879 0.98039216 0.98823529 1.00000000
v 1.14589836 0.20607272 2.65838896 0.98039216 0.98823529 1.00000000
v 1.16318686 0.21982110 2.65128669 0.98039216 0.98823529 1.00000000
v 1.17907652 0.23349661 2.64134429 0.98039216 0.98823529 1.00000000
v 0.96817702 0.16600380 2.37433133 0.98039216 0.98823529 1.00000000
v 0.96174394 0.14974786 2.38958624 0.98039216 0.98823529 1.00000000
v 0.95754926 0.13469050 2.40673363 0.98039216 0.98823529 1.00000000
v 0.95567112 0.12111221 2.42545407 0.98039216 0.98823529 1.00000000
v 0.95614451 0.10926592 2.44539883 0.98039216 0.98823529 1.00000000
v 0.95896061 0.09937231 2.46619639 0.98039216 0.98823529 1.00000000
v 0.96406695 0.09161567 2.48745932 0.98039216 0.98823529 1.00000000
v 0.97136843 0.08614050 2.50879153 0.98039216 0.98823529 1.00000000
v 0.98072902 0.08304879 2.52979565 0.98039216 0.98823529 1.00000000
v 0.99197436 0.08239814 2.55008040 0.98039216 0.98823529 1.00000000
v 1.00489496 0.08420065 2.56926793 0.98039216 0.98823529 1.00000000
v 1.02543708 0.09024245 2.59464349 0.98039216 0.98823529 1.00000000
v 1.04095943 0.09680551 2.61059138 0.98039216 0.98823529 1.00000000
v 1.05735980 0.10558726 2.62445720 0.98039216 0.98823529 1.00000000
v 1.07433268 0.11642411 2.63598267 0.98039216 0.98823529 1.00000000
v 1.09156190 0.12911419 2.64495308 0.98039216 0.98823529 1.00000000
v 1.10872651 0.14342110 2.65120133 0.98039216 0.98823529 1.00000000
v 1.12550676 0.15907835 2.65461103 0.98039216 0.98823529 1.00000000
v 1.14159008 0.17579426 2.65511866 0.98039216 0.98823529 1.00000000
v 1.15667685 0.19325744 2.65271477 0.98039216 0.98823529 1.00000000
v 1.17048605 0.21114260 2.64744414 0.98039216 0.98823529 1.00000000
v 1.18276042 0.22911656 2.63940495 0.98039216 0.98823529 1.00000000
v 0.97251046 0.16281225 2.37158319 0.98039216 0.98823529 1.00000000
v 0.97033010 0.14342422 2.38414116 0.98039216 0.98823529 1.00000000
v 0.97022820 0.12535256 2.39869304 0.98039216 0.98823529 1.00000000
v 0.97220665 0.10893392 2.41496775 0.98039216 0.98823529 1.00000000
v 0.97622861 0.09447414 2.43266213 0.98039216 0.98823529 1.00000000
v 0.98221914 0.08224258 2.45144655 0.98039216 0.98823529 1.00000000
v 0.99006667 0.07246709 2.47097112 0.98039216 0.98823529 1.00000000
v 0.99962499 0.06532977 2.49087211 0.98039216 0.98823529 1.00000000
v 1.01071607 0.06096357 2.51077881 0.98039216 0.98823529 1.00000000
v 1.02313328 0.05944983 2.53032039 0.98039216 0.98823529 1.00000000
v 1.03664534 0.06081675 2.54913284 0.98039216 0.98823529 1.00000000
v 1.05718745 0.06685855 2.57450840 0.98039216 0.98823529 1.00000000
v 1.07211836 0.07385721 2.59083136 0.98039216 0.98823529 1.00000000
v 1.08734685 0.08350203 2.60544036 0.98039216 0.98823529 1.00000000
v 1.10258925 0.09561337 2.61806324 0.98039216 0.98823529 1.00000000
v 1.11756161 0.10996560 2.62846487 0.98039216 0.98823529 1.00000000
v 1.13198505 0.12629137 2.63645149 0.98039216 0.98823529 1.00000000
v 1.14559086 0.14428657 2.64187432 0.98039216 0.98823529 1.00000000
v 1.15812561 0.16361597 2.64463235 0.98039216 0.98823529 1.00000000
v 1.16935579 0.18391950 2.64467419 0.98039216 0.98823529 1.00000000
v 1.17907221 0.20481896 2.64199906 0.98039216 0.98823529 1.00000000
v 1.18709387 0.22592502 2.63665681 0.98039216 0.98823529 1.00000000
v 0.97719813 0.16102670 2.36821354 0.98039216 0.98823529 1.00000000
v 0.97961812 0.13988637 2.37746464 0.98039216 0.98823529 1.00000000
v 0.98394354 0.12012833 2.38883401 0.98039216 0.98823529 1.00000000
v 0.99009383 0.10212061 2.40210987 0.98039216 0.98823529 1.00000000
v 0.99795442 0.08619868 2.41704491 0.98039216 0.98823529 1.00000000
v 1.00737888 0.07265912 2.43336093 0.98039216 0.98823529 1.00000000
v 1.01819165 0.06175415 2.45075397 0.98039216 0.98823529 1.00000000
v 1.03019130 0.05368692 2.46890006 0.98039216 0.98823529 1.00000000
v 1.04315431 0.04860769 2.48746115 0.98039216 0.98823529 1.00000000
v 1.05683920 0.04661109 2.50609149 0.98039216 0.98823529 1.00000000
v 1.07099105 0.04773431 2.52444404 0.98039216 0.98823529 1.00000000
v 1.09153317 0.05377611 2.54981959 0.98039216 0.98823529 1.00000000
v 1.10582427 0.06101847 2.56660246 0.98039216 0.98823529 1.00000000
v 1.11978509 0.07114616 2.58212270 0.98039216 0.98823529 1.00000000
v 1.13315555 0.08397052 2.59609119 0.98039216 0.98823529 1.00000000
v 1.14568659 0.09925267 2.60824773 0.98039216 0.98823529 1.00000000
v 1.15714478 0.11670791 2.61836586 0.98039216 0.98823529 1.00000000
v 1.16731668 0.13601110 2.62625711 0.98039216 0.98823529 1.00000000
v 1.17601279 0.15680266 2.63177446 0.98039216 0.98823529 1.00000000
v 1.18307114 0.17869527 2.63481516 0.98039216 0.98823529 1.00000000
v 1.18836023 0.20128111 2.63532254 0.98039216 0.98823529 1.00000000
v 1.19178154 0.22413946 2.63328716 0.98039216 0.98823529 1.00000000
v 0.98192057 0.16076882 2.36445202 0.98039216 0.98823529 1.00000000
v 0.98897502 0.13937542 2.37001166 0.98039216 0.98823529 1.00000000
v 0.99776061 0.11937382 2.37782841 0.98039216 0.98823529 1.00000000
v 1.00811368 0.10113660 2.38775667 0.98039216 0.98823529 1.00000000
v 1.01984137 0.08500350 2.39961147 0.98039216 0.98823529 1.00000000
v 1.03272522 0.07127503 2.41317201 0.98039216 0.98823529 1.00000000
v 1.04652522 0.06020694 2.42818566 0.98039216 0.98823529 1.00000000
v 1.06098431 0.05200540 2.44437275 0.98039216 0.98823529 1.00000000
v 1.07583314 0.04682320 2.46143174 0.98039216 0.98823529 1.00000000
v 1.09079510 0.04475686 2.47904486 0.98039216 0.98823529 1.00000000
v 1.10559149 0.04584488 2.49688402 0.98039216 0.98823529 1.00000000
v 1.12613361 0.05188668 2.52225957 0.98039216 0.98823529 1.00000000
v 1.13978018 0.05916424 2.53955584 0.98039216 0.98823529 1.00000000
v 1.15246392 0.06936167 2.55609329 0.98039216 0.98823529 1.00000000
v 1.16394856 0.08228901 2.57156388 0.98039216 0.98823529 1.00000000
v 1.17402017 0.09770546 2.58567942 0.98039216 0.98823529 1.00000000
v 1.18249112 0.11532383 2.59817695 0.98039216 0.98823529 1.00000000
v 1.18920362 0.13481592 2.60882367 0.98039216 0.98823529 1.00000000
v 1.19403264 0.15581865 2.61742126 0.98039216 0.98823529 1.00000000
v 1.19688820 0.17794076 2.62380956 0.98039216 0.98823529 1.00000000
v 1.19771713 0.20077016 2.62786956 0.98039216 0.98823529 1.00000000
v 1.19650397 0.22388158 2.62952564 0.98039216 0.98823529 1.00000000
v 0.98635594 0.16205619 2.36055496 0.98039216 0.98823529 1.00000000
v 0.99776315 0.14192618 2.36229013 0.98039216 0.98823529 1.00000000
v 1.01073779 0.12314045 2.36642626 0.98039216 0.98823529 1.00000000
v 1.02503816 0.10604895 2.37288629 0.98039216 0.98823529 1.00000000
v 1.04039789 0.09097004 2.38154987 0.98039216 0.98823529 1.00000000
v 1.05653084 0.07818463 2.39225564 0.98039216 0.98823529 1.00000000
v 1.07313650 0.06793089 2.40480416 0.98039216 0.98823529 1.00000000
v 1.08990552 0.06039981 2.41896166 0.98039216 0.98823529 1.00000000
v 1.10652554 0.05573170 2.43446444 0.98039216 0.98823529 1.00000000
v 1.12268695 0.05401350 2.45102369 0.98039216 0.98823529 1.00000000
v 1.13808870 0.05527723 2.46833095 0.98039216 0.98823529 1.00000000
v 1.15863082 0.06131903 2.49370651 0.98039216 0.98823529 1.00000000
v 1.17167203 0.06842088 2.51153466 0.98039216 0.98823529 1.00000000
v 1.18315632 0.07827016 2.52912599 0.98039216 0.98823529 1.00000000
v 1.19286978 0.09068342 2.54615280 0.98039216 0.98823529 1.00000000
v 1.20063145 0.10542940 2.56229791 0.98039216 0.98823529 1.00000000
v 1.20629675 0.12223343 2.57726058 0.98039216 0.98823529 1.00000000
v 1.20976014 0.14078247 2.59076207 0.98039216 0.98823529 1.00000000
v 1.21095712 0.16073099 2.60255088 0.98039216 0.98823529 1.00000000
v 1.20986538 0.18170739 2.61240740 0.98039216 0.98823529 1.00000000
v 1.20650526 0.20332092 2.62014804 0.98039216 0.98823529 1.00000000
v 1.20093935 0.22516896 2.62562858 0.98039216 0.98823529 1.00000000
v 0.99020200 0.16480108 2.35678794 0.98039216 0.98823529 1.00000000
v 1.00538361 0.14736483 2.35482627 0.98039216 0.98823529 1.00000000
v 1.02199070 0.13117155 2.35540459 0.98039216 0.98823529 1.00000000
v 1.03971391 0.11652288 2.35851212 0.98039216 0.98823529 1.00000000
v 1.05822309 0.10369171 2.36409098 0.98039216 0.98823529 1.00000000
v 1.07717345 0.09291705 2.37203724 0.98039216 0.98823529 1.00000000
v 1.09621197 0.08439962 2.38220288 0.98039216 0.98823529 1.00000000
v 1.11498401 0.07829808 2.39439854 0.98039216 0.98823529 1.00000000
v 1.13313988 0.07472609 2.40839702 0.98039216 0.98823529 1.00000000
v 1.15034137 0.07375018 2.42393757 0.98039216 0.98823529 1.00000000
v 1.16626805 0.07538855 2.44073069 0.98039216 0.98823529 1.00000000
v 1.18681017 0.08143035 2.46610625 0.98039216 0.98823529 1.00000000
v 1.19932645 0.08815756 2.48444854 0.98039216 0.98823529 1.00000000
v 1.20977067 0.09726455 2.50305857 0.98039216 0.98823529 1.00000000
v 1.21794827 0.10858168 2.52158967 0.98039216 0.98823529 1.00000000
v 1.22370692 0.12189814 2.53969664 0.98039216 0.98823529 1.00000000
v 1.22693935 0.13696585 2.55704218 0.98039216 0.98823529 1.00000000
v 1.22758535 0.15350414 2.57330318 0.98039216 0.98823529 1.00000000
v 1.22563287 0.17120493 2.58817672 0.98039216 0.98823529 1.00000000
v 1.22111830 0.18973849 2.60138574 0.98039216 0.98823529 1.00000000
v 1.21412572 0.20875957 2.61268417 0.98039216 0.98823529 1.00000000
v 1.20478540 0.22791385 2.62186156 0.98039216 0.98823529 1.00000000
v 0.99319663 0.16881643 2.35340768 0.98039216 0.98823529 1.00000000
v 1.01131708 0.15532073 2.34812872 0.98039216 0.98823529 1.00000000
v 1.03075249 0.14291979 2.34551451 0.98039216 0.98823529 1.00000000
v 1.05114080 0.13184463 2.34561375 0.98039216 0.98823529 1.00000000
v 1.07210222 0.12230154 2.34842459 0.98039216 0.98823529 1.00000000
v 1.09324627 0.11446830 2.35389466 0.98039216 0.98823529 1.00000000
v 1.11417908 0.10849082 2.36192208 0.98039216 0.98823529 1.00000000
v 1.13451072 0.10448047 2.37235730 0.98039216 0.98823529 1.00000000
v 1.15386244 0.10251193 2.38500594 0.98039216 0.98823529 1.00000000
v 1.17187376 0.10262189 2.39963237 0.98039216 0.98823529 1.00000000
v 1.18820916 0.10480829 2.41596414 0.98039216 0.98823529 1.00000000
v 1.20875128 0.11085008 2.44133970 0.98039216 0.98823529 1.00000000
v 1.22085884 0.11702926 2.46014335 0.98039216 0.98823529 1.00000000
v 1.23049322 0.12505040 2.47966749 0.98039216 0.98823529 1.00000000
v 1.23747498 0.13476407 2.49954844 0.98039216 0.98823529 1.00000000
v 1.24167403 0.14598934 2.51941584 0.98039216 0.98823529 1.00000000
v 1.24301217 0.15851709 2.53889960 0.98039216 0.98823529 1.00000000
v 1.24146447 0.17211397 2.55763678 0.98039216 0.98823529 1.00000000
v 1.23705976 0.18652667 2.57527835 0.98039216 0.98823529 1.00000000
v 1.22988008 0.20148673 2.59149566 0.98039216 0.98823529 1.00000000
v 1.22005919 0.21671547 2.60598662 0.98039216 0.98823529 1.00000000
v 1.20778003 0.23192919 2.61848130 0.98039216 0.98823529 1.00000000
v 0.99513575 0.17382859 2.35064454 0.98039216 0.98823529 1.00000000
v 1.01515921 0.16525169 2.34265392 0.98039216 0.98823529 1.00000000
v 1.03642605 0.15758456 2.33743002 0.98039216 0.98823529 1.00000000
v 1.05854010 0.15097002 2.33507018 0.98039216 0.98823529 1.00000000
v 1.08108942 0.14553129 2.33561833 0.98039216 0.98823529 1.00000000
v 1.10365397 0.14136968 2.33906429 0.98039216 0.98823529 1.00000000
v 1.12581340 0.13856272 2.34534384 0.98039216 0.98823529 1.00000000
v 1.14715493 0.13716269 2.35434003 0.98039216 0.98823529 1.00000000
v 1.16728101 0.13719567 2.36588525 0.98039216 0.98823529 1.00000000
v 1.18581672 0.13866105 2.37976446 0.98039216 0.98823529 1.00000000
v 1.20241678 0.14153154 2.39571910 0.98039216 0.98823529 1.00000000
v 1.22295890 0.14757334 2.42109466 0.98039216 0.98823529 1.00000000
v 1.23480179 0.15306843 2.44027543 0.98039216 0.98823529 1.00000000
v 1.24391179 0.15973414 2.46054681 0.98039216 0.98823529 1.00000000
v 1.25011919 0.16744629 2.48153116 0.98039216 0.98823529 1.00000000
v 1.25330835 0.17606124 2.50283760 0.98039216 0.98823529 1.00000000
v 1.25341987 0.18541848 2.52406923 0.98039216 0.98823529 1.00000000
v 1.25045168 0.19534372 2.54483053 0.98039216 0.98823529 1.00000000
v 1.24445906 0.20565207 2.56473477 0.98039216 0.98823529 1.00000000
v 1.23555364 0.21615150 2.58341117 0.98039216 0.98823529 1.00000000
v 1.22390132 0.22664643 2.60051182 0.98039216 0.98823529 1.00000000
v 1.20971916 0.23694136 2.61571816 0.98039216 0.98823529 1.00000000
v 0.99588722 0.17949601 2.34868682 0.98039216 0.98823529 1.00000000
v 1.01664816 0.17648095 2.33877495 0.98039216 0.98823529 1.00000000
v 1.03862473 0.17416648 2.33170206 0.98039216 0.98823529 1.00000000
v 1.06140756 0.17259571 2.32759992 0.98039216 0.98823529 1.00000000
v 1.08457225 0.17179791 2.32654494 0.98039216 0.98823529 1.00000000
v 1.10768729 0.17178793 2.32855678 0.98039216 0.98823529 1.00000000
v 1.13032207 0.17256596 2.33359796 0.98039216 0.98823529 1.00000000
v 1.15205497 0.17411751 2.34157457 0.98039216 0.98823529 1.00000000
v 1.17248113 0.17641367 2.35233801 0.98039216 0.98823529 1.00000000
v 1.19122006 0.17941168 2.36568780 0.98039216 0.98823529 1.00000000
v 1.20792269 0.18305567 2.38137524 0.98039216 0.98823529 1.00000000
v 1.22846480 0.18909747 2.40675080 0.98039216 0.98823529 1.00000000
v 1.24020513 0.19381905 2.42619877 0.98039216 0.98823529 1.00000000
v 1.24911191 0.19895214 2.44699957 0.98039216 0.98823529 1.00000000
v 1.25501922 0.20440111 2.46876570 0.98039216 0.98823529 1.00000000
v 1.25781702 0.21006447 2.49109172 0.98039216 0.98823529 1.00000000
v 1.25745319 0.21583672 2.51356172 0.98039216 0.98823529 1.00000000
v 1.25393451 0.22161034 2.53575714 0.98039216 0.98823529 1.00000000
v 1.24732652 0.22727776 2.55726452 0.98039216 0.98823529 1.00000000
v 1.23775232 0.23273342 2.57768320 0.98039216 0.98823529 1.00000000
v 1.22539027 0.23787569 2.59663285 0.98039216 0.98823529 1.00000000
v 1.21047063 0.24260877 2.61376044 0.98039216 0.98823529 1.00000000
v 1.18347577 0.41699246 2.73000000 0.04313725 0.17647059 0.41960784
v 1.37652423 0.41699246 2.73000000 0.04313725 0.17647059 0.41960784
v 1.18347577 0.12300754 2.73000000 0.04313725 0.17647059 0.41960784
v 1.37652423 0.12300754 2.73000000 0.04313725 0.17647059 0.41960784
v 1.28000000 0.17915366 2.88311715 0.04313725 0.17647059 0.41960784
v 1.28000000 0.36084634 2.88311715 0.04313725 0.17647059 0.41960784
v 1.28000000 0.17915366 2.57688285 0.04313725 0.17647059 0.41960784
v 1.28000000 0.36084634 2.57688285 0.04313725 0.17647059 0.41960784
v 1.43617949 0.27000000 2.63536840 0.04313725 0.17647059 0.41960784
v 1.43617949 0.27000000 2.82463160 0.04313725 0.17647059 0.41960784
v 1.12382051 0.27000000 2.63536840 0.04313725 0.17647059 0.41960784
v 1.12382051 0.27000000 2.82463160 0.04313725 0.17647059 0.41960784
v 1.28000000 0.44280000 2.73000000 0.04313725 0.17647059 0.41960784
v 1.28000000 0.09720000 2.73000000 0.04313725 0.17647059 0.41960784
v 1.22326448 0.13020186 2.82000000 0.04313725 0.17647059 0.41960784
v 1.33673552 0.13020186 2.82000000 0.04313725 0.17647059 0.41960784
v 1.22326448 0.40979814 2.82000000 0.04313725 0.17647059 0.41960784
v 1.33673552 0.40979814 2.82000000 0.04313725 0.17647059 0.41960784
v 1.28000000 0.27000000 2.91000000 0.04313725 0.17647059 0.41960784
v 1.22326448 0.13020186 2.64000000 0.04313725 0.17647059 0.41960784
v 1.33673552 0.13020186 2.64000000 0.04313725 0.17647059 0.41960784
v 1.22326448 0.40979814 2.64000000 0.04313725 0.17647059 0.41960784
v 1.33673552 0.40979814 2.64000000 0.04313725 0.17647059 0.41960784
v 1.28000000 0.27000000 2.55000000 0.04313725 0.17647059 0.41960784
v 1.42853552 0.35640000 2.67437694 0.04313725 0.17647059 0.41960784
v 1.42853552 0.18360000 2.67437694 0.04313725 0.17647059 0.41960784
v 1.37180000 0.21660186 2.58437694 0.04313725 0.17647059 0.41960784
v 1.37180000 0.32339814 2.58437694 0.04313725 0.17647059 0.41960784
v 1.42853552 0.35640000 2.78562306 0.04313725 0.17647059 0.41960784
v 1.42853552 0.18360000 2.78562306 0.04313725 0.17647059 0.41960784
v 1.37180000 0.21660186 2.87562306 0.04313725 0.17647059 0.41960784
v 1.37180000 0.32339814 2.87562306 0.04313725 0.17647059 0.41960784
v 1.46360000 0.27000000 2.73000000 0.04313725 0.17647059 0.41960784
v 1.13146448 0.35640000 2.67437694 0.04313725 0.17647059 0.41960784
v 1.13146448 0.18360000 2.67437694 0.04313725 0.17647059 0.41960784
v 1.18820000 0.21660186 2.58437694 0.04313725 0.17647059 0.41960784
v 1.18820000 0.32339814 2.58437694 0.04313725 0.17647059 0.41960784
v 1.13146448 0.35640000 2.78562306 0.04313725 0.17647059 0.41960784
v 1.13146448 0.18360000 2.78562306 0.04313725 0.17647059 0.41960784
v 1.18820000 0.21660186 2.87562306 0.04313725 0.17647059 0.41960784
v 1.18820000 0.32339814 2.87562306 0.04313725 0.17647059 0.41960784
v 1.09640000 0.27000000 2.73000000 0.04313725 0.17647059 0.41960784
v 1.22982827 0.43622295 2.73000000 0.04313725 0.17647059 0.41960784
v 1.33017173 0.43622295 2.73000000 0.04313725 0.17647059 0.41960784
v 1.22982827 0.10377705 2.73000000 0.04313725 0.17647059 0.41960784
v 1.33017173 0.10377705 2.73000000 0.04313725 0.17647059 0.41960784
v 1.20033806 0.12093089 2.77678054 0.04313725 0.17647059 0.41960784
v 1.25050979 0.15011473 2.85636836 0.04313725 0.17647059 0.41960784
v 1.25017237 0.10565743 2.77731580 0.04313725 0.17647059 0.41960784
v 1.35966194 0.12093089 2.77678054 0.04313725 0.17647059 0.41960784
v 1.30949021 0.15011473 2.85636836 0.04313725 0.17647059 0.41960784
v 1.30982763 0.10565743 2.77731580 0.04313725 0.17647059 0.41960784
v 1.28000000 0.12300754 2.82463160 0.04313725 0.17647059 0.41960784
v 1.20033806 0.41906911 2.77678054 0.04313725 0.17647059 0.41960784
v 1.25050979 0.38988527 2.85636836 0.04313725 0.17647059 0.41960784
v 1.25017237 0.43434257 2.77731580 0.04313725 0.17647059 0.41960784
v 1.35966194 0.41906911 2.77678054 0.04313725 0.17647059 0.41960784
v 1.30949021 0.38988527 2.85636836 0.04313725 0.17647059 0.41960784
v 1.30982763 0.43434257 2.77731580 0.04313725 0.17647059 0.41960784
v 1.28000000 0.41699246 2.82463160 0.04313725 0.17647059 0.41960784
v 1.28000000 0.22277954 2.90314890 0.04313725 0.17647059 0.41960784
v 1.28000000 0.31722046 2.90314890 0.04313725 0.17647059 0.41960784
v 1.20033806 0.12093089 2.68321946 0.04313725 0.17647059 0.41960784
v 1.25050979 0.15011473 2.60363164 0.04313725 0.17647059 0.41960784
v 1.25017237 0.10565743 2.68268420 0.04313725 0.17647059 0.41960784
v 1.35966194 0.12093089 2.68321946 0.04313725 0.17647059 0.41960784
v 1.30949021 0.15011473 2.60363164 0.04313725 0.17647059 0.41960784
v 1.30982763 0.10565743 2.68268420 0.04313725 0.17647059 0.41960784
v 1.28000000 0.12300754 2.63536840 0.04313725 0.17647059 0.41960784
v 1.20033806 0.41906911 2.68321946 0.04313725 0.17647059 0.41960784
v 1.25050979 0.38988527 2.60363164 0.04313725 0.17647059 0.41960784
v 1.25017237 0.43434257 2.68268420 0.04313725 0.17647059 0.41960784
v 1.35966194 0.41906911 2.68321946 0.04313725 0.17647059 0.41960784
v 1.30949021 0.38988527 2.60363164 0.04313725 0.17647059 0.41960784
v 1.30982763 0.43434257 2.68268420 0.04313725 0.17647059 0.41960784
v 1.28000000 0.41699246 2.63536840 0.04313725 0.17647059 0.41960784
v 1.28000000 0.22277954 2.55685110 0.04313725 0.17647059 0.41960784
v 1.28000000 0.31722046 2.55685110 0.04313725 0.17647059 0.41960784
v 1.40737810 0.39131363 2.70108803 0.04313725 0.17647059 0.41960784
v 1.43838593 0.31490932 2.65190006 0.04313725 0.17647059 0.41960784
v 1.38791737 0.38891940 2.65344143 0.04313725 0.17647059 0.41960784
v 1.40737810 0.14868637 2.70108803 0.04313725 0.17647059 0.41960784
v 1.43838593 0.22509068 2.65190006 0.04313725 0.17647059 0.41960784
v 1.38791737 0.15108060 2.65344143 0.04313725 0.17647059 0.41960784
v 1.32771616 0.19502406 2.57471967 0.04313725 0.17647059 0.41960784
v 1.40889573 0.24224451 2.60511951 0.04313725 0.17647059 0.41960784
v 1.35808974 0.16843071 2.60612563 0.04313725 0.17647059 0.41960784
v 1.32826212 0.24192694 2.55880983 0.04313725 0.17647059 0.41960784
v 1.40635186 0.19650377 2.62419865 0.04313725 0.17647059 0.41960784
v 1.32771616 0.34497594 2.57471967 0.04313725 0.17647059 0.41960784
v 1.40889573 0.29775549 2.60511951 0.04313725 0.17647059 0.41960784
v 1.35808974 0.37156929 2.60612563 0.04313725 0.17647059 0.41960784
v 1.32826212 0.29807306 2.55880983 0.04313725 0.17647059 0.41960784
v 1.40635186 0.34349623 2.62419865 0.04313725 0.17647059 0.41960784
v 1.37652423 0.27000000 2.57688285 0.04313725 0.17647059 0.41960784
v 1.40737810 0.39131363 2.75891197 0.04313725 0.17647059 0.41960784
v 1.43838593 0.31490932 2.80809994 0.04313725 0.17647059 0.41960784
v 1.38791737 0.38891940 2.80655857 0.04313725 0.17647059 0.41960784
v 1.43617949 0.36084634 2.73000000 0.04313725 0.17647059 0.41960784
v 1.40737810 0.14868637 2.75891197 0.04313725 0.17647059 0.41960784
v 1.43838593 0.22509068 2.80809994 0.04313725 0.17647059 0.41960784
v 1.38791737 0.15108060 2.80655857 0.04313725 0.17647059 0.41960784
v 1.43617949 0.17915366 2.73000000 0.04313725 0.17647059 0.41960784
v 1.32771616 0.19502406 2.88528033 0.04313725 0.17647059 0.41960784
v 1.40889573 0.24224451 2.85488049 0.04313725 0.17647059 0.41960784
v 1.35808974 0.16843071 2.85387437 0.04313725 0.17647059 0.41960784
v 1.32826212 0.24192694 2.90119017 0.04313725 0.17647059 0.41960784
v 1.40635186 0.19650377 2.83580135 0.04313725 0.17647059 0.41960784
v 1.32771616 0.34497594 2.88528033 0.04313725 0.17647059 0.41960784
v 1.40889573 0.29775549 2.85488049 0.04313725 0.17647059 0.41960784
v 1.35808974 0.37156929 2.85387437 0.04313725 0.17647059 0.41960784
v 1.32826212 0.29807306 2.90119017 0.04313725 0.17647059 0.41960784
v 1.40635186 0.34349623 2.83580135 0.04313725 0.17647059 0.41960784
v 1.37652423 0.27000000 2.88311715 0.04313725 0.17647059 0.41960784
v 1.45661188 0.27000000 2.68081202 0.04313725 0.17647059 0.41960784
v 1.45661188 0.27000000 2.77918798 0.04313725 0.17647059 0.41960784
v 1.45461398 0.31542317 2.70075723 0.04313725 0.17647059 0.41960784
v 1.45461398 0.22457683 2.70075723 0.04313725 0.17647059 0.41960784
v 1.45461398 0.31542317 2.75924277 0.04313725 0.17647059 0.41960784
v 1.45461398 0.22457683 2.75924277 0.04313725 0.17647059 0.41960784
v 1.15262190 0.39131363 2.70108803 0.04313725 0.17647059 0.41960784
v 1.12161407 0.31490932 2.65190006 0.04313725 0.17647059 0.41960784
v 1.17208263 0.38891940 2.65344143 0.04313725 0.17647059 0.41960784
v 1.15262190 0.14868637 2.70108803 0.04313725 0.17647059 0.41960784
v 1.12161407 0.22509068 2.65190006 0.04313725 0.17647059 0.41960784
v 1.17208263 0.15108060 2.65344143 0.04313725 0.17647059 0.41960784
v 1.23228384 0.19502406 2.57471967 0.04313725 0.17647059 0.41960784
v 1.15110427 0.24224451 2.60511951 0.04313725 0.17647059 0.41960784
v 1.20191026 0.16843071 2.60612563 0.04313725 0.17647059 0.41960784
v 1.23173788 0.24192694 2.55880983 0.04313725 0.17647059 0.41960784
v 1.15364814 0.19650377 2.62419865 0.04313725 0.17647059 0.41960784
v 1.23228384 0.34497594 2.57471967 0.04313725 0.17647059 0.41960784
v 1.15110427 0.29775549 2.60511951 0.04313725 0.17647059 0.41960784
v 1.20191026 0.37156929 2.60612563 0.04313725 0.17647059 0.41960784
v 1.23173788 0.29807306 2.55880983 0.04313725 0.17647059 0.41960784
v 1.15364814 0.34349623 2.62419865 0.04313725 0.17647059 0.41960784
v 1.18347577 0.27000000 2.57688285 0.04313725 0.17647059 0.41960784
v 1.15262190 0.39131363 2.75891197 0.04313725 0.17647059 0.41960784
v 1.12161407 0.31490932 2.80809994 0.04313725 0.17647059 0.41960784
v 1.17208263 0.38891940 2.80655857 0.04313725 0.17647059 0.41960784
v 1.12382051 0.36084634 2.73000000 0.04313725 0.17647059 0.41960784
v 1.15262190 0.14868637 2.75891197 0.04313725 0.17647059 0.41960784
v 1.12161407 0.22509068 2.80809994 0.04313725 0.17647059 0.41960784
v 1.17208263 0.15108060 2.80655857 0.04313725 0.17647059 0.41960784
v 1.12382051 0.17915366 2.73000000 0.04313725 0.17647059 0.41960784
v 1.23228384 0.19502406 2.88528033 0.04313725 0.17647059 0.41960784
v 1.15110427 0.24224451 2.85488049 0.04313725 0.17647059 0.41960784
v 1.20191026 0.16843071 2.85387437 0.04313725 0.17647059 0.41960784
v 1.23173788 0.24192694 2.90119017 0.04313725 0.17647059 0.41960784
v 1.15364814 0.19650377 2.83580135 0.04313725 0.17647059 0.41960784
v 1.23228384 0.34497594 2.88528033 0.04313725 0.17647059 0.41960784
v 1.15110427 0.29775549 2.85488049 0.04313725 0.17647059 0.41960784
v 1.20191026 0.37156929 2.85387437 0.04313725 0.17647059 0.41960784
v 1.23173788 0.29807306 2.90119017 0.04313725 0.17647059 0.41960784
v 1.15364814 0.34349623 2.83580135 0.04313725 0.17647059 0.41960784
v 1.18347577 0.27000000 2.88311715 0.04313725 0.17647059 0.41960784
v 1.10338812 0.27000000 2.68081202 0.04313725 0.17647059 0.41960784
v 1.10338812 0.27000000 2.77918798 0.04313725 0.17647059 0.41960784
v 1.10538602 0.31542317 2.70075723 0.04313725 0.17647059 0.41960784
v 1.10538602 0.22457683 2.70075723 0.04313725 0.17647059 0.41960784
v 1.10538602 0.31542317 2.75924277 0.04313725 0.17647059 0.41960784
v 1.10538602 0.22457683 2.75924277 0.04313725 0.17647059 0.41960784
v -0.33000000 -0.00000000 0.85000000 0.04313725 0.17647059 0.41960784
v -0.35720176 0.00171567 0.85149831 0.04313725 0.17647059 0.41960784
v -0.38433973 0.00364544 0.84927770 0.04313725 0.17647059 0.41960784
v -0.41090837 0.00575338 0.84337954 0.04313725 0.17647059 0.41960784
v -0.43641276 0.00800021 0.83391370 0.04313725 0.17647059 0.41960784
v -0.46037780 0.01034407 0.82105651 0.04313725 0.17647059 0.41960784
v -0.48235708 0.01274131 0.80504748 0.04313725 0.17647059 0.41960784
v -0.50194114 0.01514728 0.78618482 0.04313725 0.17647059 0.41960784
v -0.51876520 0.01751714 0.76481991 0.04313725 0.17647059 0.41960784
v -0.53251583 0.01980676 0.74135074 0.04313725 0.17647059 0.41960784
v -0.54293690 0.02197349 0.71621449 0.04313725 0.17647059 0.41960784
v -0.54983428 0.02397696 0.68987941 0.04313725 0.17647059 0.41960784
v -0.59552545 0.04936094 0.30911962 0.04313725 0.17647059 0.41960784
v -0.59505802 0.05092967 0.28187178 0.04313725 0.17647059 0.41960784
v -0.59088668 0.05223501 0.25492701 0.04313725 0.17647059 0.41960784
v -0.58308911 0.05325265 0.22878726 0.04313725 0.17647059 0.41960784
v -0.57181059 0.05396364 0.20393945 0.04313725 0.17647059 0.41960784
v -0.55726120 0.05435472 0.18084645 0.04313725 0.17647059 0.41960784
v -0.53971197 0.05441861 0.15993844 0.04313725 0.17647059 0.41960784
v -0.51948982 0.05415413 0.14160490 0.04313725 0.17647059 0.41960784
v -0.49697143 0.05356619 0.12618734 0.04313725 0.17647059 0.41960784
v -0.47257630 0.05266576 0.11397297 0.04313725 0.17647059 0.41960784
v -0.44675884 0.05146960 0.10518932 0.04313725 0.17647059 0.41960784
v -0.42000000 0.05000000 0.10000000 0.04313725 0.17647059 0.41960784
v -0.35581690 0.00868242 0.85179658 0.04313725 0.17647059 0.41960784
v -0.38159579 0.01744918 0.84986868 0.04313725 0.17647059 0.41960784
v -0.40685648 0.02613696 0.84425222 0.04313725 0.17647059 0.41960784
v -0.43112840 0.03458392 0.83505182 0.04313725 0.17647059 0.41960784
v -0.45395940 0.04263271 0.82243888 0.04313725 0.17647059 0.41960784
v -0.47492420 0.05013341 0.80664834 0.04313725 0.17647059 0.41960784
v -0.49363225 0.05694628 0.78797435 0.04313725 0.17647059 0.41960784
v -0.50973507 0.06294442 0.76676478 0.04313725 0.17647059 0.41960784
v -0.52293268 0.06801609 0.74341472 0.04313725 0.17647059 0.41960784
v -0.53297925 0.07206681 0.71835913 0.04313725 0.17647059 0.41960784
v -0.53968761 0.07502114 0.69206475 0.04313725 0.17647059 0.41960784
v -0.58537879 0.10040513 0.31130496 0.04313725 0.17647059 0.41960784
v -0.58510037 0.10102300 0.28401641 0.04313725 0.17647059 0.41960784
v -0.58130353 0.10044434 0.25699099 0.04313725 0.17647059 0.41960784
v -0.57405899 0.09867993 0.23073213 0.04313725 0.17647059 0.41960784
v -0.56350170 0.09576264 0.20572898 0.04313725 0.17647059 0.41960784
v -0.54982832 0.09174681 0.18244731 0.04313725 0.17647059 0.41960784
v -0.53329357 0.08670725 0.16132081 0.04313725 0.17647059 0.41960784
v -0.51420545 0.08073784 0.14274302 0.04313725 0.17647059 0.41960784
v -0.49291954 0.07394977 0.12706002 0.04313725 0.17647059 0.41960784
v -0.46983236 0.06646949 0.11456395 0.04313725 0.17647059 0.41960784
v -0.44537398 0.05843636 0.10548758 0.04313725 0.17647059 0.41960784
v -0.35268774 0.01506587 0.85184664 0.04313725 0.17647059 0.41960784
v -0.37539578 0.03009716 0.84996787 0.04313725 0.17647059 0.41960784
v -0.39770110 0.04481387 0.84439870 0.04313725 0.17647059 0.41960784
v -0.41918819 0.05894184 0.83524286 0.04313725 0.17647059 0.41960784
v -0.43945680 0.07221791 0.82267091 0.04313725 0.17647059 0.41960784
v -0.45812936 0.08439476 0.80691705 0.04313725 0.17647059 0.41960784
v -0.47485803 0.09524556 0.78827473 0.04313725 0.17647059 0.41960784
v -0.48933119 0.10456819 0.76709123 0.04313725 0.17647059 0.41960784
v -0.50127923 0.11218897 0.74376116 0.04313725 0.17647059 0.41960784
v -0.51047958 0.11796596 0.71871911 0.04313725 0.17647059 0.41960784
v -0.51676087 0.12179153 0.69243157 0.04313725 0.17647059 0.41960784
v -0.56245204 0.14717551 0.31167178 0.04313725 0.17647059 0.41960784
v -0.56260071 0.14692214 0.28437640 0.04313725 0.17647059 0.41960784
v -0.55965008 0.14461722 0.25733743 0.04313725 0.17647059 0.41960784
v -0.55365511 0.14030370 0.23105858 0.04313725 0.17647059 0.41960784
v -0.54472747 0.13406192 0.20602936 0.04313725 0.17647059 0.41960784
v -0.53303348 0.12600816 0.18271602 0.04313725 0.17647059 0.41960784
v -0.51879097 0.11629245 0.16155284 0.04313725 0.17647059 0.41960784
v -0.50226525 0.10509576 0.14293406 0.04313725 0.17647059 0.41960784
v -0.48376416 0.09262668 0.12720650 0.04313725 0.17647059 0.41960784
v -0.46363235 0.07911748 0.11466314 0.04313725 0.17647059 0.41960784
v -0.44224482 0.06481981 0.10553765 0.04313725 0.17647059 0.41960784
v -0.34802755 0.02043099 0.85164509 0.04313725 0.17647059 0.41960784
v -0.36616220 0.04072746 0.84956853 0.04313725 0.17647059 0.41960784
v -0.38406614 0.06051132 0.84380900 0.04313725 0.17647059 0.41960784
v -0.40140586 0.07941403 0.83447379 0.04313725 0.17647059 0.41960784
v -0.41785833 0.09708348 0.82173680 0.04313725 0.17647059 0.41960784
v -0.43311709 0.11319051 0.80583530 0.04313725 0.17647059 0.41960784
v -0.44689790 0.12743509 0.78706549 0.04313725 0.17647059 0.41960784
v -0.45894404 0.13955186 0.76577702 0.04313725 0.17647059 0.41960784
v -0.46903112 0.14931511 0.74236646 0.04313725 0.17647059 0.41960784
v -0.47697123 0.15654297 0.71726991 0.04313725 0.17647059 0.41960784
v -0.48261647 0.16110079 0.69095486 0.04313725 0.17647059 0.41960784
v -0.52830764 0.18648478 0.31019507 0.04313725 0.17647059 0.41960784
v -0.52909236 0.18549915 0.28292719 0.04313725 0.17647059 0.41960784
v -0.52740196 0.18174336 0.25594274 0.04313725 0.17647059 0.41960784
v -0.52326796 0.17528737 0.22974437 0.04313725 0.17647059 0.41960784
v -0.51676734 0.16625145 0.20482011 0.04313725 0.17647059 0.41960784
v -0.50802122 0.15480392 0.18163426 0.04313725 0.17647059 0.41960784
v -0.49719250 0.14115802 0.16061873 0.04313725 0.17647059 0.41960784
v -0.48448291 0.12556795 0.14216499 0.04313725 0.17647059 0.41960784
v -0.47012921 0.10832413 0.12661680 0.04313725 0.17647059 0.41960784
v -0.45439877 0.08974777 0.11426380 0.04313725 0.17647059 0.41960784
v -0.43758463 0.07018492 0.10533610 0.04313725 0.17647059 0.41960784
v -0.34215390 0.02441216 0.85120566 0.04313725 0.17647059 0.41960784
v -0.35452432 0.04861563 0.84869786 0.04313725 0.17647059 0.41960784
v -0.36688082 0.07215955 0.84252331 0.04313725 0.17647059 0.41960784
v -0.37899322 0.09460534 0.83279703 0.04313725 0.17647059 0.41960784
v -0.39063589 0.11553488 0.81970020 0.04313725 0.17647059 0.41960784
v -0.40159195 0.13455829 0.80347680 0.04313725 0.17647059 0.41960784
v -0.41165730 0.15132120 0.78442902 0.04313725 0.17647059 0.41960784
v -0.42064446 0.16551135 0.76291170 0.04313725 0.17647059 0.41960784
v -0.42838600 0.17686441 0.73932567 0.04313725 0.17647059 0.41960784
v -0.43473772 0.18516888 0.71411028 0.04313725 0.17647059 0.41960784
v -0.43958129 0.19027007 0.68773526 0.04313725 0.17647059 0.41960784
v -0.48527247 0.21565406 0.30697547 0.04313725 0.17647059 0.41960784
v -0.48685885 0.21412506 0.27976757 0.04313725 0.17647059 0.41960784
v -0.48675685 0.20929266 0.25290194 0.04313725 0.17647059 0.41960784
v -0.48496838 0.20124686 0.22687905 0.04313725 0.17647059 0.41960784
v -0.48152675 0.19013756 0.20218365 0.04313725 0.17647059 0.41960784
v -0.47649607 0.17617169 0.17927576 0.04313725 0.17647059 0.41960784
v -0.46997006 0.15960942 0.15858213 0.04313725 0.17647059 0.41960784
v -0.46207028 0.14075926 0.14048823 0.04313725 0.17647059 0.41960784
v -0.45294388 0.11997236 0.12533111 0.04313725 0.17647059 0.41960784
v -0.44276089 0.09763594 0.11339313 0.04313725 0.17647059 0.41960784
v -0.43171098 0.07416609 0.10489667 0.04313725 0.17647059 0.41960784
v -0.33546708 0.02673806 0.85055831 0.04313725 0.17647059 0.41960784
v -0.34127524 0.05322410 0.84741521 0.04313725 0.17647059 0.41960784
v -0.34731628 0.07896475 0.84062925 0.04313725 0.17647059 0.41960784
v -0.35347767 0.10348050 0.83032684 0.04313725 0.17647059 0.41960784
v -0.35964464 0.12631467 0.81669991 0.04313725 0.17647059 0.41960784
v -0.36570231 0.14704190 0.80000228 0.04313725 0.17647059 0.41960784
v -0.37153783 0.16527609 0.78054501 0.04313725 0.17647059 0.41960784
v -0.37704250 0.18067757 0.75869055 0.04313725 0.17647059 0.41960784
v -0.38211378 0.19295943 0.73484601 0.04313725 0.17647059 0.41960784
v -0.38665720 0.20189289 0.70945556 0.04313725 0.17647059 0.41960784
v -0.39058812 0.20731154 0.68299218 0.04313725 0.17647059 0.41960784
v -0.43627930 0.23269552 0.30223238 0.04313725 0.17647059 0.41960784
v -0.43877832 0.23084907 0.27511284 0.04313725 0.17647059 0.41960784
v -0.44048463 0.22538768 0.24842228 0.04313725 0.17647059 0.41960784
v -0.44136642 0.21641308 0.22265790 0.04313725 0.17647059 0.41960784
v -0.44140727 0.20409245 0.19829964 0.04313725 0.17647059 0.41960784
v -0.44060643 0.18865531 0.17580125 0.04313725 0.17647059 0.41960784
v -0.43897881 0.17038921 0.15558183 0.04313725 0.17647059 0.41960784
v -0.43655473 0.14963442 0.13801804 0.04313725 0.17647059 0.41960784
v -0.43337934 0.12677756 0.12343705 0.04313725 0.17647059 0.41960784
v -0.42951180 0.10224442 0.11211047 0.04313725 0.17647059 0.41960784
v -0.42502416 0.07649199 0.10424931 0.04313725 0.17647059 0.41960784
v -0.32842277 0.02725019 0.84974713 0.04313725 0.17647059 0.41960784
v -0.32731785 0.05423882 0.84580797 0.04313725 0.17647059 0.41960784
v -0.32670581 0.08046316 0.83825589 0.04313725 0.17647059 0.41960784
v -0.32659805 0.10543469 0.82723157 0.04313725 0.17647059 0.41960784
v -0.32699659 0.12868823 0.81294038 0.04313725 0.17647059 0.41960784
v -0.32789400 0.14979062 0.79564853 0.04313725 0.17647059 0.41960784
v -0.32927355 0.16834877 0.77567814 0.04313725 0.17647059 0.41960784
v -0.33110956 0.18401696 0.75340122 0.04313725 0.17647059 0.41960784
v -0.33336783 0.19650333 0.72923275 0.04313725 0.17647059 0.41960784
v -0.33600627 0.20557529 0.70362294 0.04313725 0.17647059 0.41960784
v -0.33897575 0.21106383 0.67704884 0.04313725 0.17647059 0.41960784
v -0.38466693 0.23644782 0.29628905 0.04313725 0.17647059 0.41960784
v -0.38812740 0.23453147 0.26928022 0.04313725 0.17647059 0.41960784
v -0.39173867 0.22893158 0.24280902 0.04313725 0.17647059 0.41960784
v -0.39543348 0.21975247 0.21736857 0.04313725 0.17647059 0.41960784
v -0.39914300 0.20716513 0.19343277 0.04313725 0.17647059 0.41960784
v -0.40279812 0.19140403 0.17144750 0.04313725 0.17647059 0.41960784
v -0.40633076 0.17276277 0.15182230 0.04313725 0.17647059 0.41960784
v -0.40967511 0.15158861 0.13492276 0.04313725 0.17647059 0.41960784
v -0.41276887 0.12827597 0.12106369 0.04313725 0.17647059 0.41960784
v -0.41555442 0.10325914 0.11050324 0.04313725 0.17647059 0.41960784
v -0.41797985 0.07700412 0.10343814 0.04313725 0.17647059 0.41960784
v -0.32150105 0.02591365 0.84882742 0.04313725 0.17647059 0.41960784
v -0.31360333 0.05159064 0.84398568 0.04313725 0.17647059 0.41960784
v -0.30645398 0.07655267 0.83556497 0.04313725 0.17647059 0.41960784
v -0.30018616 0.10033473 0.82372214 0.04313725 0.17647059 0.41960784
v -0.29491664 0.12249381 0.80867782 0.04313725 0.17647059 0.41960784
v -0.29074358 0.14261713 0.79071225 0.04313725 0.17647059 0.41960784
v -0.28774471 0.16032983 0.77016009 0.04313725 0.17647059 0.41960784
v -0.28597590 0.17530195 0.74740418 0.04313725 0.17647059 0.41960784
v -0.28547010 0.18725460 0.72286844 0.04313725 0.17647059 0.41960784
v -0.28623672 0.19596512 0.69700991 0.04313725 0.17647059 0.41960784
v -0.28826149 0.20127124 0.67031029 0.04313725 0.17647059 0.41960784
v -0.33395267 0.22665523 0.28955050 0.04313725 0.17647059 0.41960784
v -0.33835785 0.22492130 0.26266720 0.04313725 0.17647059 0.41960784
v -0.34384095 0.21968285 0.23644471 0.04313725 0.17647059 0.41960784
v -0.35029982 0.21103746 0.21137153 0.04313725 0.17647059 0.41960784
v -0.35761416 0.19914618 0.18791471 0.04313725 0.17647059 0.41960784
v -0.36564771 0.18423053 0.16651122 0.04313725 0.17647059 0.41960784
v -0.37425081 0.16656834 0.14755975 0.04313725 0.17647059 0.41960784
v -0.38326322 0.14648865 0.13141334 0.04313725 0.17647059 0.41960784
v -0.39251704 0.12436548 0.11837277 0.04313725 0.17647059 0.41960784
v -0.40183990 0.10061096 0.10868095 0.04313725 0.17647059 0.41960784
v -0.41105813 0.07566758 0.10251843 0.04313725 0.17647059 0.41960784
v -0.31517360 0.02281952 0.84786185 0.04313725 0.17647059 0.41960784
v -0.30106631 0.04546002 0.84207253 0.04313725 0.17647059 0.41960784
v -0.28794092 0.06749976 0.83273987 0.04313725 0.17647059 0.41960784
v -0.27604193 0.08852817 0.82003773 0.04313725 0.17647059 0.41960784
v -0.26559100 0.10815354 0.80420273 0.04313725 0.17647059 0.41960784
v -0.25678281 0.12601027 0.78552983 0.04313725 0.17647059 0.41960784
v -0.24978144 0.14176574 0.76436689 0.04313725 0.17647059 0.41960784
v -0.24471730 0.15512645 0.74110812 0.04313725 0.17647059 0.41960784
v -0.24168475 0.16584352 0.71618679 0.04313725 0.17647059 0.41960784
v -0.24074026 0.17371730 0.69006715 0.04313725 0.17647059 0.41960784
v -0.24190143 0.17860112 0.66323575 0.04313725 0.17647059 0.41960784
v -0.28759260 0.20398511 0.28247595 0.04313725 0.17647059 0.41960784
v -0.29286138 0.20267348 0.25572443 0.04313725 0.17647059 0.41960784
v -0.30005559 0.19827177 0.22976307 0.04313725 0.17647059 0.41960784
v -0.30904122 0.19086197 0.20507547 0.04313725 0.17647059 0.41960784
v -0.31965088 0.18058210 0.18212151 0.04313725 0.17647059 0.41960784
v -0.33168693 0.16762368 0.16132880 0.04313725 0.17647059 0.41960784
v -0.34492517 0.15222808 0.14308465 0.04313725 0.17647059 0.41960784
v -0.35911899 0.13468209 0.12772893 0.04313725 0.17647059 0.41960784
v -0.37400398 0.11531257 0.11554767 0.04313725 0.17647059 0.41960784
v -0.38930288 0.09448034 0.10676780 0.04313725 0.17647059 0.41960784
v -0.40473068 0.07257345 0.10155286 0.04313725 0.17647059 0.41960784
v -0.30987164 0.01817867 0.84691623 0.04313725 0.17647059 0.41960784
v -0.29056116 0.03626476 0.84019889 0.04313725 0.17647059 0.41960784
v -0.27242827 0.05392139 0.82997313 0.04313725 0.17647059 0.41960784
v -0.25581075 0.07081962 0.81642942 0.04313725 0.17647059 0.41960784
v -0.24101816 0.08664469 0.79982006 0.04313725 0.17647059 0.41960784
v -0.22832605 0.10110180 0.78045446 0.04313725 0.17647059 0.41960784
v -0.21797085 0.11392163 0.75869334 0.04313725 0.17647059 0.41960784
v -0.21014547 0.12486540 0.73494210 0.04313725 0.17647059 0.41960784
v -0.20499567 0.13372922 0.70964315 0.04313725 0.17647059 0.41960784
v -0.20261739 0.14034799 0.68326778 0.04313725 0.17647059 0.41960784
v -0.20305492 0.14459840 0.65630732 0.04313725 0.17647059 0.41960784
v -0.24874610 0.16998239 0.27554753 0.04313725 0.17647059 0.41960784
v -0.25473851 0.16930417 0.24892507 0.04313725 0.17647059 0.41960784
v -0.26336652 0.16615747 0.22321942 0.04313725 0.17647059 0.41960784
v -0.27446939 0.16060091 0.19890944 0.04313725 0.17647059 0.41960784
v -0.28784030 0.15273799 0.17644797 0.04313725 0.17647059 0.41960784
v -0.30323017 0.14271520 0.15625342 0.04313725 0.17647059 0.41960784
v -0.32035232 0.13071923 0.13870199 0.04313725 0.17647059 0.41960784
v -0.33888780 0.11697354 0.12412062 0.04313725 0.17647059 0.41960784
v -0.35849133 0.10173420 0.11278093 0.04313725 0.17647059 0.41960784
v -0.37879773 0.08528508 0.10489416 0.04313725 0.17647059 0.41960784
v -0.39942872 0.06793260 0.10060723 0.04313725 0.17647059 0.41960784
v -0.30595649 0.01230735 0.84605499 0.04313725 0.17647059 0.41960784
v -0.28280379 0.02463150 0.83849246 0.04313725 0.17647059 0.41960784
v -0.26097318 0.03674288 0.82745328 0.04313725 0.17647059 0.41960784
v -0.24087133 0.04841588 0.81314311 0.04313725 0.17647059 0.41960784
v -0.22287270 0.05943305 0.79582850 0.04313725 0.17647059 0.41960784
v -0.20731258 0.06958916 0.77583200 0.04313725 0.17647059 0.41960784
v -0.19448080 0.07869503 0.75352610 0.04313725 0.17647059 0.41960784
v -0.18461642 0.08658102 0.72932632 0.04313725 0.17647059 0.41960784
v -0.17790317 0.09310024 0.70368345 0.04313725 0.17647059 0.41960784
v -0.17446612 0.09813124 0.67707518 0.04313725 0.17647059 0.41960784
v -0.17436930 0.10158031 0.64999717 0.04313725 0.17647059 0.41960784
v -0.22006048 0.12696430 0.26923738 0.04313725 0.17647059 0.41960784
v -0.22658725 0.12708742 0.24273247 0.04313725 0.17647059 0.41960784
v -0.23627402 0.12552849 0.21725972 0.04313725 0.17647059 0.41960784
v -0.24894033 0.12231653 0.19329366 0.04313725 0.17647059 0.41960784
v -0.26435025 0.11751139 0.17128072 0.04313725 0.17647059 0.41960784
v -0.28221670 0.11120257 0.15163097 0.04313725 0.17647059 0.41960784
v -0.30220687 0.10350759 0.13471043 0.04313725 0.17647059 0.41960784
v -0.32394839 0.09456980 0.12083430 0.04313725 0.17647059 0.41960784
v -0.34703624 0.08455570 0.11026108 0.04313725 0.17647059 0.41960784
v -0.37104035 0.07365182 0.10318773 0.04313725 0.17647059 0.41960784
v -0.39551357 0.06206128 0.09974599 0.04313725 0.17647059 0.41960784
v -0.30369496 0.00560569 0.84533683 0.04313725 0.17647059 0.41960784
v -0.27832285 0.01135303 0.83706951 0.04313725 0.17647059 0.41960784
v -0.25435630 0.01713494 0.82535206 0.04313725 0.17647059 0.41960784
v -0.23224178 0.02284373 0.81040275 0.04313725 0.17647059 0.41960784
v -0.21239123 0.02837306 0.79250006 0.04313725 0.17647059 0.41960784
v -0.19517443 0.03361991 0.77197747 0.04313725 0.17647059 0.41960784
v -0.18091209 0.03848656 0.74921729 0.04313725 0.17647059 0.41960784
v -0.16986990 0.04288234 0.72464349 0.04313725 0.17647059 0.41960784
v -0.16225356 0.04672537 0.69871384 0.04313725 0.17647059 0.41960784
v -0.15820493 0.04994406 0.67191136 0.04313725 0.17647059 0.41960784
v -0.15779944 0.05247846 0.64473533 0.04313725 0.17647059 0.41960784
v -0.20349061 0.07786245 0.26397554 0.04313725 0.17647059 0.41960784
v -0.21032606 0.07890024 0.23756864 0.04313725 0.17647059 0.41960784
v -0.22062440 0.07915362 0.21229011 0.04313725 0.17647059 0.41960784
v -0.23419382 0.07861785 0.18861084 0.04313725 0.17647059 0.41960784
v -0.25078154 0.07730292 0.16697191 0.04313725 0.17647059 0.41960784
v -0.27007855 0.07523331 0.14777644 0.04313725 0.17647059 0.41960784
v -0.29172540 0.07244760 0.13138198 0.04313725 0.17647059 0.41960784
v -0.31531884 0.06899765 0.11809395 0.04313725 0.17647059 0.41960784
v -0.34041937 0.06494776 0.10815986 0.04313725 0.17647059 0.41960784
v -0.36655941 0.06037334 0.10176478 0.04313725 0.17647059 0.41960784
v -0.39325203 0.05535962 0.09902783 0.04313725 0.17647059 0.41960784
v -0.30324116 -0.00146960 0.84481068 0.04313725 0.17647059 0.41960784
v -0.27742370 -0.00266576 0.83602703 0.04313725 0.17647059 0.41960784
v -0.25302857 -0.00356619 0.82381266 0.04313725 0.17647059 0.41960784
v -0.23051018 -0.00415413 0.80839510 0.04313725 0.17647059 0.41960784
v -0.21028803 -0.00441861 0.79006156 0.04313725 0.17647059 0.41960784
v -0.19273880 -0.00435472 0.76915355 0.04313725 0.17647059 0.41960784
v -0.17818941 -0.00396364 0.74606055 0.04313725 0.17647059 0.41960784
v -0.16691089 -0.00325265 0.72121274 0.04313725 0.17647059 0.41960784
v -0.15911332 -0.00223501 0.69507299 0.04313725 0.17647059 0.41960784
v -0.15494198 -0.00092967 0.66812822 0.04313725 0.17647059 0.41960784
v -0.15447455 0.00063906 0.64088038 0.04313725 0.17647059 0.41960784
v -0.20016572 0.02602304 0.26012059 0.04313725 0.17647059 0.41960784
v -0.20706310 0.02802651 0.23378551 0.04313725 0.17647059 0.41960784
v -0.21748417 0.03019324 0.20864926 0.04313725 0.17647059 0.41960784
v -0.23123480 0.03248286 0.18518009 0.04313725 0.17647059 0.41960784
v -0.24805886 0.03485272 0.16381518 0.04313725 0.17647059 0.41960784
v -0.26764292 0.03725869 0.14495252 0.04313725 0.17647059 0.41960784
v -0.28962220 0.03965593 0.12894349 0.04313725 0.17647059 0.41960784
v -0.31358724 0.04199979 0.11608630 0.04313725 0.17647059 0.41960784
v -0.33909163 0.04424662 0.10662046 0.04313725 0.17647059 0.41960784
v -0.36566027 0.04635456 0.10072230 0.04313725 0.17647059 0.41960784
v -0.39279824 0.04828433 0.09850169 0.04313725 0.17647059 0.41960784
v -0.30462602 -0.00843636 0.84451242 0.04313725 0.17647059 0.41960784
v -0.28016764 -0.01646949 0.83543605 0.04313725 0.17647059 0.41960784
v -0.25708046 -0.02394977 0.82293998 0.04313725 0.17647059 0.41960784
v -0.23579455 -0.03073784 0.80725698 0.04313725 0.17647059 0.41960784
v -0.21670643 -0.03670725 0.78867919 0.04313725 0.17647059 0.41960784
v -0.20017168 -0.04174681 0.76755269 0.04313725 0.17647059 0.41960784
v -0.18649830 -0.04576264 0.74427102 0.04313725 0.17647059 0.41960784
v -0.17594101 -0.04867993 0.71926787 0.04313725 0.17647059 0.41960784
v -0.16869647 -0.05044434 0.69300901 0.04313725 0.17647059 0.41960784
v -0.16489963 -0.05102300 0.66598359 0.04313725 0.17647059 0.41960784
v -0.16462121 -0.05040513 0.63869504 0.04313725 0.17647059 0.41960784
v -0.21031239 -0.02502114 0.25793525 0.04313725 0.17647059 0.41960784
v -0.21702075 -0.02206681 0.23164087 0.04313725 0.17647059 0.41960784
v -0.22706732 -0.01801609 0.20658528 0.04313725 0.17647059 0.41960784
v -0.24026493 -0.01294442 0.18323522 0.04313725 0.17647059 0.41960784
v -0.25636775 -0.00694628 0.16202565 0.04313725 0.17647059 0.41960784
v -0.27507580 -0.00013341 0.14335166 0.04313725 0.17647059 0.41960784
v -0.29604060 0.00736729 0.12756112 0.04313725 0.17647059 0.41960784
v -0.31887160 0.01541608 0.11494818 0.04313725 0.17647059 0.41960784
v -0.34314352 0.02386304 0.10574778 0.04313725 0.17647059 0.41960784
v -0.36840421 0.03255082 0.10013132 0.04313725 0.17647059 0.41960784
v -0.39418310 0.04131758 0.09820342 0.04313725 0.17647059 0.41960784
v -0.30775518 -0.01481981 0.84446235 0.04313725 0.17647059 0.41960784
v -0.28636765 -0.02911748 0.83533686 0.04313725 0.17647059 0.41960784
v -0.26623584 -0.04262668 0.82279350 0.04313725 0.17647059 0.41960784
v -0.24773475 -0.05509576 0.80706594 0.04313725 0.17647059 0.41960784
v -0.23120903 -0.06629245 0.78844716 0.04313725 0.17647059 0.41960784
v -0.21696652 -0.07600816 0.76728398 0.04313725 0.17647059 0.41960784
v -0.20527253 -0.08406192 0.74397064 0.04313725 0.17647059 0.41960784
v -0.19634489 -0.09030370 0.71894142 0.04313725 0.17647059 0.41960784
v -0.19034992 -0.09461722 0.69266257 0.04313725 0.17647059 0.41960784
v -0.18739929 -0.09692214 0.66562360 0.04313725 0.17647059 0.41960784
v -0.18754796 -0.09717551 0.63832822 0.04313725 0.17647059 0.41960784
v -0.23323913 -0.07179153 0.25756843 0.04313725 0.17647059 0.41960784
v -0.23952042 -0.06796596 0.23128089 0.04313725 0.17647059 0.41960784
v -0.24872077 -0.06218897 0.20623884 0.04313725 0.17647059 0.41960784
v -0.26066881 -0.05456819 0.18290877 0.04313725 0.17647059 0.41960784
v -0.27514197 -0.04524556 0.16172527 0.04313725 0.17647059 0.41960784
v -0.29187064 -0.03439476 0.14308295 0.04313725 0.17647059 0.41960784
v -0.31054320 -0.02221791 0.12732909 0.04313725 0.17647059 0.41960784
v -0.33081181 -0.00894184 0.11475714 0.04313725 0.17647059 0.41960784
v -0.35229890 0.00518613 0.10560130 0.04313725 0.17647059 0.41960784
v -0.37460422 0.01990284 0.10003213 0.04313725 0.17647059 0.41960784
v -0.39731226 0.03493413 0.09815336 0.04313725 0.17647059 0.41960784
v -0.31241537 -0.02018492 0.84466390 0.04313725 0.17647059 0.41960784
v -0.29560123 -0.03974777 0.83573620 0.04313725 0.17647059 0.41960784
v -0.27987079 -0.05832413 0.82338320 0.04313725 0.17647059 0.41960784
v -0.26551709 -0.07556795 0.80783501 0.04313725 0.17647059 0.41960784
v -0.25280750 -0.09115802 0.78938127 0.04313725 0.17647059 0.41960784
v -0.24197878 -0.10480392 0.76836574 0.04313725 0.17647059 0.41960784
v -0.23323266 -0.11625145 0.74517989 0.04313725 0.17647059 0.41960784
v -0.22673204 -0.12528737 0.72025563 0.04313725 0.17647059 0.41960784
v -0.22259804 -0.13174336 0.69405726 0.04313725 0.17647059 0.41960784
v -0.22090764 -0.13549915 0.66707281 0.04313725 0.17647059 0.41960784
v -0.22169236 -0.13648478 0.63980493 0.04313725 0.17647059 0.41960784
v -0.26738353 -0.11110079 0.25904514 0.04313725 0.17647059 0.41960784
v -0.27302877 -0.10654297 0.23273009 0.04313725 0.17647059 0.41960784
v -0.28096888 -0.09931511 0.20763354 0.04313725 0.17647059 0.41960784
v -0.29105596 -0.08955186 0.18422298 0.04313725 0.17647059 0.41960784
v -0.30310210 -0.07743509 0.16293451 0.04313725 0.17647059 0.41960784
v -0.31688291 -0.06319051 0.14416470 0.04313725 0.17647059 0.41960784
v -0.33214167 -0.04708348 0.12826320 0.04313725 0.17647059 0.41960784
v -0.34859414 -0.02941403 0.11552621 0.04313725 0.17647059 0.41960784
v -0.36593386 -0.01051132 0.10619100 0.04313725 0.17647059 0.41960784
v -0.38383780 0.00927254 0.10043147 0.04313725 0.17647059 0.41960784
v -0.40197245 0.02956901 0.09835491 0.04313725 0.17647059 0.41960784
v -0.31828902 -0.02416609 0.84510333 0.04313725 0.17647059 0.41960784
v -0.30723911 -0.04763594 0.83660687 0.04313725 0.17647059 0.41960784
v -0.29705612 -0.06997236 0.82466889 0.04313725 0.17647059 0.41960784
v -0.28792972 -0.09075926 0.80951177 0.04313725 0.17647059 0.41960784
v -0.28002994 -0.10960942 0.79141787 0.04313725 0.17647059 0.41960784
v -0.27350393 -0.12617169 0.77072424 0.04313725 0.17647059 0.41960784
v -0.26847325 -0.14013756 0.74781635 0.04313725 0.17647059 0.41960784
v -0.26503162 -0.15124686 0.72312095 0.04313725 0.17647059 0.41960784
v -0.26324315 -0.15929266 0.69709806 0.04313725 0.17647059 0.41960784
v -0.26314115 -0.16412506 0.67023243 0.04313725 0.17647059 0.41960784
v -0.26472753 -0.16565406 0.64302453 0.04313725 0.17647059 0.41960784
v -0.31041871 -0.14027007 0.26226474 0.04313725 0.17647059 0.41960784
v -0.31526228 -0.13516888 0.23588972 0.04313725 0.17647059 0.41960784
v -0.32161400 -0.12686441 0.21067433 0.04313725 0.17647059 0.41960784
v -0.32935554 -0.11551135 0.18708830 0.04313725 0.17647059 0.41960784
v -0.33834270 -0.10132120 0.16557098 0.04313725 0.17647059 0.41960784
v -0.34840805 -0.08455829 0.14652320 0.04313725 0.17647059 0.41960784
v -0.35936411 -0.06553488 0.13029980 0.04313725 0.17647059 0.41960784
v -0.37100678 -0.04460534 0.11720297 0.04313725 0.17647059 0.41960784
v -0.38311918 -0.02215955 0.10747669 0.04313725 0.17647059 0.41960784
v -0.39547568 0.00138437 0.10130214 0.04313725 0.17647059 0.41960784
v -0.40784610 0.02558784 0.09879434 0.04313725 0.17647059 0.41960784
v -0.32497584 -0.02649199 0.84575069 0.04313725 0.17647059 0.41960784
v -0.32048820 -0.05224442 0.83788953 0.04313725 0.17647059 0.41960784
v -0.31662066 -0.07677756 0.82656295 0.04313725 0.17647059 0.41960784
v -0.31344527 -0.09963442 0.81198196 0.04313725 0.17647059 0.41960784
v -0.31102119 -0.12038921 0.79441817 0.04313725 0.17647059 0.41960784
v -0.30939357 -0.13865531 0.77419875 0.04313725 0.17647059 0.41960784
v -0.30859273 -0.15409245 0.75170036 0.04313725 0.17647059 0.41960784
v -0.30863358 -0.16641308 0.72734210 0.04313725 0.17647059 0.41960784
v -0.30951537 -0.17538768 0.70157772 0.04313725 0.17647059 0.41960784
v -0.31122168 -0.18084907 0.67488716 0.04313725 0.17647059 0.41960784
v -0.31372070 -0.18269552 0.64776762 0.04313725 0.17647059 0.41960784
v -0.35941188 -0.15731154 0.26700782 0.04313725 0.17647059 0.41960784
v -0.36334280 -0.15189289 0.24054444 0.04313725 0.17647059 0.41960784
v -0.36788622 -0.14295943 0.21515399 0.04313725 0.17647059 0.41960784
v -0.37295750 -0.13067757 0.19130945 0.04313725 0.17647059 0.41960784
v -0.37846217 -0.11527609 0.16945499 0.04313725 0.17647059 0.41960784
v -0.38429769 -0.09704190 0.14999772 0.04313725 0.17647059 0.41960784
v -0.39035536 -0.07631467 0.13330009 0.04313725 0.17647059 0.41960784
v -0.39652233 -0.05348050 0.11967316 0.04313725 0.17647059 0.41960784
v -0.40268372 -0.02896475 0.10937075 0.04313725 0.17647059 0.41960784
v -0.40872476 -0.00322410 0.10258479 0.04313725 0.17647059 0.41960784
v -0.41453292 0.02326194 0.09944169 0.04313725 0.17647059 0.41960784
v -0.33202015 -0.02700412 0.84656186 0.04313725 0.17647059 0.41960784
v -0.33444558 -0.05325914 0.83949676 0.04313725 0.17647059 0.41960784
v -0.33723113 -0.07827597 0.82893631 0.04313725 0.17647059 0.41960784
v -0.34032489 -0.10158861 0.81507724 0.04313725 0.17647059 0.41960784
v -0.34366924 -0.12276277 0.79817770 0.04313725 0.17647059 0.41960784
v -0.34720188 -0.14140403 0.77855250 0.04313725 0.17647059 0.41960784
v -0.35085700 -0.15716513 0.75656723 0.04313725 0.17647059 0.41960784
v -0.35456652 -0.16975247 0.73263143 0.04313725 0.17647059 0.41960784
v -0.35826133 -0.17893158 0.70719098 0.04313725 0.17647059 0.41960784
v -0.36187260 -0.18453147 0.68071978 0.04313725 0.17647059 0.41960784
v -0.36533307 -0.18644782 0.65371095 0.04313725 0.17647059 0.41960784
v -0.41102425 -0.16106383 0.27295116 0.04313725 0.17647059 0.41960784
v -0.41399373 -0.15557529 0.24637706 0.04313725 0.17647059 0.41960784
v -0.41663217 -0.14650333 0.22076725 0.04313725 0.17647059 0.41960784
v -0.41889044 -0.13401696 0.19659878 0.04313725 0.17647059 0.41960784
v -0.42072645 -0.11834877 0.17432186 0.04313725 0.17647059 0.41960784
v -0.42210600 -0.09979062 0.15435147 0.04313725 0.17647059 0.41960784
v -0.42300341 -0.07868823 0.13705962 0.04313725 0.17647059 0.41960784
v -0.42340195 -0.05543469 0.12276843 0.04313725 0.17647059 0.41960784
v -0.42329419 -0.03046316 0.11174411 0.04313725 0.17647059 0.41960784
v -0.42268215 -0.00423882 0.10419203 0.04313725 0.17647059 0.41960784
v -0.42157723 0.02274981 0.10025287 0.04313725 0.17647059 0.41960784
v -0.33894187 -0.02566758 0.84748157 0.04313725 0.17647059 0.41960784
v -0.34816010 -0.05061096 0.84131905 0.04313725 0.17647059 0.41960784
v -0.35748296 -0.07436548 0.83162723 0.04313725 0.17647059 0.41960784
v -0.36673678 -0.09648865 0.81858666 0.04313725 0.17647059 0.41960784
v -0.37574919 -0.11656834 0.80244025 0.04313725 0.17647059 0.41960784
v -0.38435229 -0.13423053 0.78348878 0.04313725 0.17647059 0.41960784
v -0.39238584 -0.14914618 0.76208529 0.04313725 0.17647059 0.41960784
v -0.39970018 -0.16103746 0.73862847 0.04313725 0.17647059 0.41960784
v -0.40615905 -0.16968285 0.71355529 0.04313725 0.17647059 0.41960784
v -0.41164215 -0.17492130 0.68733280 0.04313725 0.17647059 0.41960784
v -0.41604733 -0.17665523 0.66044950 0.04313725 0.17647059 0.41960784
v -0.46173851 -0.15127124 0.27968971 0.04313725 0.17647059 0.41960784
v -0.46376328 -0.14596512 0.25299009 0.04313725 0.17647059 0.41960784
v -0.46452990 -0.13725460 0.22713156 0.04313725 0.17647059 0.41960784
v -0.46402410 -0.12530195 0.20259582 0.04313725 0.17647059 0.41960784
v -0.46225529 -0.11032983 0.17983991 0.04313725 0.17647059 0.41960784
v -0.45925642 -0.09261713 0.15928775 0.04313725 0.17647059 0.41960784
v -0.45508336 -0.07249381 0.14132218 0.04313725 0.17647059 0.41960784
v -0.44981384 -0.05033473 0.12627786 0.04313725 0.17647059 0.41960784
v -0.44354602 -0.02655267 0.11443503 0.04313725 0.17647059 0.41960784
v -0.43639667 -0.00159064 0.10601432 0.04313725 0.17647059 0.41960784
v -0.42849895 0.02408635 0.10117258 0.04313725 0.17647059 0.41960784
v -0.34526932 -0.02257345 0.84844714 0.04313725 0.17647059 0.41960784
v -0.36069712 -0.04448034 0.84323220 0.04313725 0.17647059 0.41960784
v -0.37599602 -0.06531257 0.83445233 0.04313725 0.17647059 0.41960784
v -0.39088101 -0.08468209 0.82227107 0.04313725 0.17647059 0.41960784
v -0.40507483 -0.10222808 0.80691535 0.04313725 0.17647059 0.41960784
v -0.41831307 -0.11762368 0.78867120 0.04313725 0.17647059 0.41960784
v -0.43034912 -0.13058210 0.76787849 0.04313725 0.17647059 0.41960784
v -0.44095878 -0.14086197 0.74492453 0.04313725 0.17647059 0.41960784
v -0.44994441 -0.14827177 0.72023693 0.04313725 0.17647059 0.41960784
v -0.45713862 -0.15267348 0.69427557 0.04313725 0.17647059 0.41960784
v -0.46240740 -0.15398511 0.66752405 0.04313725 0.17647059 0.41960784
v -0.50809857 -0.12860112 0.28676425 0.04313725 0.17647059 0.41960784
v -0.50925974 -0.12371730 0.25993285 0.04313725 0.17647059 0.41960784
v -0.50831525 -0.11584352 0.23381321 0.04313725 0.17647059 0.41960784
v -0.50528270 -0.10512645 0.20889188 0.04313725 0.17647059 0.41960784
v -0.50021856 -0.09176574 0.18563311 0.04313725 0.17647059 0.41960784
v -0.49321719 -0.07601027 0.16447017 0.04313725 0.17647059 0.41960784
v -0.48440900 -0.05815354 0.14579727 0.04313725 0.17647059 0.41960784
v -0.47395807 -0.03852817 0.12996227 0.04313725 0.17647059 0.41960784
v -0.46205908 -0.01749976 0.11726013 0.04313725 0.17647059 0.41960784
v -0.44893369 0.00453998 0.10792747 0.04313725 0.17647059 0.41960784
v -0.43482640 0.02718048 0.10213815 0.04313725 0.17647059 0.41960784
v -0.35057128 -0.01793260 0.84939277 0.04313725 0.17647059 0.41960784
v -0.37120227 -0.03528508 0.84510584 0.04313725 0.17647059 0.41960784
v -0.39150867 -0.05173420 0.83721907 0.04313725 0.17647059 0.41960784
v -0.41111220 -0.06697354 0.82587938 0.04313725 0.17647059 0.41960784
v -0.42964768 -0.08071923 0.81129801 0.04313725 0.17647059 0.41960784
v -0.44676983 -0.09271520 0.79374658 0.04313725 0.17647059 0.41960784
v -0.46215970 -0.10273799 0.77355203 0.04313725 0.17647059 0.41960784
v -0.47553061 -0.11060091 0.75109056 0.04313725 0.17647059 0.41960784
v -0.48663348 -0.11615747 0.72678058 0.04313725 0.17647059 0.41960784
v -0.49526149 -0.11930417 0.70107493 0.04313725 0.17647059 0.41960784
v -0.50125390 -0.11998239 0.67445247 0.04313725 0.17647059 0.41960784
v -0.54694508 -0.09459840 0.29369268 0.04313725 0.17647059 0.41960784
v -0.54738261 -0.09034799 0.26673222 0.04313725 0.17647059 0.41960784
v -0.54500433 -0.08372922 0.24035685 0.04313725 0.17647059 0.41960784
v -0.53985453 -0.07486540 0.21505790 0.04313725 0.17647059 0.41960784
v -0.53202915 -0.06392163 0.19130666 0.04313725 0.17647059 0.41960784
v -0.52167395 -0.05110180 0.16954554 0.04313725 0.17647059 0.41960784
v -0.50898184 -0.03664469 0.15017994 0.04313725 0.17647059 0.41960784
v -0.49418925 -0.02081962 0.13357058 0.04313725 0.17647059 0.41960784
v -0.47757173 -0.00392139 0.12002687 0.04313725 0.17647059 0.41960784
v -0.45943884 0.01373524 0.10980111 0.04313725 0.17647059 0.41960784
v -0.44012836 0.03182133 0.10308377 0.04313725 0.17647059 0.41960784
v -0.35448643 -0.01206128 0.85025401 0.04313725 0.17647059 0.41960784
v -0.37895965 -0.02365182 0.84681227 0.04313725 0.17647059 0.41960784
v -0.40296376 -0.03455570 0.83973892 0.04313725 0.17647059 0.41960784
v -0.42605161 -0.04456980 0.82916570 0.04313725 0.17647059 0.41960784
v -0.44779313 -0.05350759 0.81528957 0.04313725 0.17647059 0.41960784
v -0.46778330 -0.06120257 0.79836903 0.04313725 0.17647059 0.41960784
v -0.48564975 -0.06751139 0.77871928 0.04313725 0.17647059 0.41960784
v -0.50105967 -0.07231653 0.75670634 0.04313725 0.17647059 0.41960784
v -0.51372598 -0.07552849 0.73274028 0.04313725 0.17647059 0.41960784
v -0.52341275 -0.07708742 0.70726753 0.04313725 0.17647059 0.41960784
v -0.52993952 -0.07696430 0.68076262 0.04313725 0.17647059 0.41960784
v -0.57563070 -0.05158031 0.30000283 0.04313725 0.17647059 0.41960784
v -0.57553388 -0.04813124 0.27292482 0.04313725 0.17647059 0.41960784
v -0.57209683 -0.04310024 0.24631655 0.04313725 0.17647059 0.41960784
v -0.56538358 -0.03658102 0.22067368 0.04313725 0.17647059 0.41960784
v -0.55551920 -0.02869503 0.19647390 0.04313725 0.17647059 0.41960784
v -0.54268742 -0.01958916 0.17416800 0.04313725 0.17647059 0.41960784
v -0.52712730 -0.00943305 0.15417150 0.04313725 0.17647059 0.41960784
v -0.50912867 0.00158412 0.13685689 0.04313725 0.17647059 0.41960784
v -0.48902682 0.01325712 0.12254672 0.04313725 0.17647059 0.41960784
v -0.46719621 0.02536850 0.11150754 0.04313725 0.17647059 0.41960784
v -0.44404351 0.03769265 0.10394501 0.04313725 0.17647059 0.41960784
v -0.35674797 -0.00535962 0.85097217 0.04313725 0.17647059 0.41960784
v -0.38344059 -0.01037334 0.84823522 0.04313725 0.17647059 0.41960784
v -0.40958063 -0.01494776 0.84184014 0.04313725 0.17647059 0.41960784
v -0.43468116 -0.01899765 0.83190605 0.04313725 0.17647059 0.41960784
v -0.45827460 -0.02244760 0.81861802 0.04313725 0.17647059 0.41960784
v -0.47992145 -0.02523331 0.80222356 0.04313725 0.17647059 0.41960784
v -0.49921846 -0.02730292 0.78302809 0.04313725 0.17647059 0.41960784
v -0.51580618 -0.02861785 0.76138916 0.04313725 0.17647059 0.41960784
v -0.52937560 -0.02915362 0.73770989 0.04313725 0.17647059 0.41960784
v -0.53967394 -0.02890024 0.71243136 0.04313725 0.17647059 0.41960784
v -0.54650939 -0.02786245 0.68602446 0.04313725 0.17647059 0.41960784
v -0.59220056 -0.00247846 0.30526467 0.04313725 0.17647059 0.41960784
v -0.59179507 0.00005594 0.27808864 0.04313725 0.17647059 0.41960784
v -0.58774644 0.00327463 0.25128616 0.04313725 0.17647059 0.41960784
v -0.58013010 0.00711766 0.22535651 0.04313725 0.17647059 0.41960784
v -0.56908791 0.01151344 0.20078271 0.04313725 0.17647059 0.41960784
v -0.55482557 0.01638009 0.17802253 0.04313725 0.17647059 0.41960784
v -0.53760877 0.02162694 0.15749994 0.04313725 0.17647059 0.41960784
v -0.51775822 0.02715627 0.13959725 0.04313725 0.17647059 0.41960784
v -0.49564370 0.03286506 0.12464794 0.04313725 0.17647059 0.41960784
v -0.47167715 0.03864697 0.11293049 0.04313725 0.17647059 0.41960784
v -0.44630504 0.04439431 0.10466317 0.04313725 0.17647059 0.41960784
v 0.35000000 0.00000000 0.85000000 0.04313725 0.17647059 0.41960784
v 0.32446004 -0.00050318 0.84037807 0.04313725 0.17647059 0.41960784
v 0.30046599 -0.00089507 0.82736823 0.04313725 0.17647059 0.41960784
v 0.27846481 -0.00116837 0.81121280 0.04313725 0.17647059 0.41960784
v 0.25886634 -0.00131799 0.79221274 0.04313725 0.17647059 0.41960784
v 0.24203567 -0.00134113 0.77072199 0.04313725 0.17647059 0.41960784
v 0.22828633 -0.00123737 0.74714088 0.04313725 0.17647059 0.41960784
v 0.21787442 -0.00100865 0.72190867 0.04313725 0.17647059 0.41960784
v 0.21099392 -0.00065921 0.69549540 0.04313725 0.17647059 0.41960784
v 0.20777298 -0.00019558 0.66839310 0.04313725 0.17647059 0.41960784
v 0.20827161 0.00037362 0.64110662 0.04313725 0.17647059 0.41960784
v 0.21248053 0.00103777 0.61414427 0.04313725 0.17647059 0.41960784
v 0.31542518 0.01084202 0.27099543 0.04313725 0.17647059 0.41960784
v 0.32675179 0.01165744 0.24617271 0.04313725 0.17647059 0.41960784
v 0.34135322 0.01252635 0.22312564 0.04313725 0.17647059 0.41960784
v 0.35895747 0.01343255 0.20228354 0.04313725 0.17647059 0.41960784
v 0.37923663 0.01435918 0.18403466 0.04313725 0.17647059 0.41960784
v 0.40181291 0.01528897 0.16871894 0.04313725 0.17647059 0.41960784
v 0.42626577 0.01620459 0.15662168 0.04313725 0.17647059 0.41960784
v 0.45213969 0.01708900 0.14796824 0.04313725 0.17647059 0.41960784
v 0.47895270 0.01792571 0.14291981 0.04313725 0.17647059 0.41960784
v 0.50620532 0.01869915 0.14157043 0.04313725 0.17647059 0.41960784
v 0.53338989 0.01939490 0.14394524 0.04313725 0.17647059 0.41960784
v 0.56000000 0.02000000 0.15000000 0.04313725 0.17647059 0.41960784
v 0.32515570 0.00656011 0.84078858 0.04313725 0.17647059 0.41960784
v 0.30184436 0.01309993 0.82818159 0.04313725 0.17647059 0.41960784
v 0.28050021 0.01949764 0.81241388 0.04313725 0.17647059 0.41960784
v 0.26152086 0.02563407 0.79377916 0.04313725 0.17647059 0.41960784
v 0.24525985 0.03139490 0.77262456 0.04313725 0.17647059 0.41960784
v 0.23202011 0.03667283 0.74934416 0.04313725 0.17647059 0.41960784
v 0.22204826 0.04136953 0.72437163 0.04313725 0.17647059 0.41960784
v 0.21553005 0.04539751 0.69817215 0.04313725 0.17647059 0.41960784
v 0.21258692 0.04868174 0.67123377 0.04313725 0.17647059 0.41960784
v 0.21327368 0.05116104 0.64405831 0.04313725 0.17647059 0.41960784
v 0.21757754 0.05278923 0.61715199 0.04313725 0.17647059 0.41960784
v 0.32052219 0.06259348 0.27400315 0.04313725 0.17647059 0.41960784
v 0.33175385 0.06244487 0.24912440 0.04313725 0.17647059 0.41960784
v 0.34616715 0.06140367 0.22596632 0.04313725 0.17647059 0.41960784
v 0.36349361 0.05948928 0.20496029 0.04313725 0.17647059 0.41960784
v 0.38341046 0.05673736 0.18649761 0.04313725 0.17647059 0.41960784
v 0.40554669 0.05319917 0.17092222 0.04313725 0.17647059 0.41960784
v 0.42948995 0.04894063 0.15852425 0.04313725 0.17647059 0.41960784
v 0.45479421 0.04404106 0.14953465 0.04313725 0.17647059 0.41960784
v 0.48098811 0.03859173 0.14412088 0.04313725 0.17647059 0.41960784
v 0.50758370 0.03269415 0.14238380 0.04313725 0.17647059 0.41960784
v 0.53408555 0.02645819 0.14435575 0.04313725 0.17647059 0.41960784
v 0.32758093 0.01317981 0.84170529 0.04313725 0.17647059 0.41960784
v 0.30664963 0.02621602 0.82999792 0.04313725 0.17647059 0.41960784
v 0.28759602 0.03886579 0.81509600 0.04313725 0.17647059 0.41960784
v 0.27077502 0.05089349 0.79727711 0.04313725 0.17647059 0.41960784
v 0.25649999 0.06207506 0.77687318 0.04313725 0.17647059 0.41960784
v 0.24503683 0.07220220 0.75426430 0.04313725 0.17647059 0.41960784
v 0.23659909 0.08108628 0.72987164 0.04313725 0.17647059 0.41960784
v 0.23134394 0.08856178 0.70414958 0.04313725 0.17647059 0.41960784
v 0.22936927 0.09448947 0.67757727 0.04313725 0.17647059 0.41960784
v 0.23071188 0.09875892 0.65064971 0.04313725 0.17647059 0.41960784
v 0.23534675 0.10129060 0.62386850 0.04313725 0.17647059 0.41960784
v 0.33829140 0.11109485 0.28071967 0.04313725 0.17647059 0.41960784
v 0.34919205 0.11004275 0.25571580 0.04313725 0.17647059 0.41960784
v 0.36294951 0.10721140 0.23230982 0.04313725 0.17647059 0.41960784
v 0.37930749 0.10265355 0.21093772 0.04313725 0.17647059 0.41960784
v 0.39796129 0.09645410 0.19199763 0.04313725 0.17647059 0.41960784
v 0.41856341 0.08872854 0.17584236 0.04313725 0.17647059 0.41960784
v 0.44073008 0.07962078 0.16277287 0.04313725 0.17647059 0.41960784
v 0.46404838 0.06930048 0.15303260 0.04313725 0.17647059 0.41960784
v 0.48808392 0.05795988 0.14680300 0.04313725 0.17647059 0.41960784
v 0.51238897 0.04581024 0.14420012 0.04313725 0.17647059 0.41960784
v 0.53651078 0.03307789 0.14527245 0.04313725 0.17647059 0.41960784
v 0.33157044 0.01890480 0.84306571 0.04313725 0.17647059 0.41960784
v 0.31455434 0.03755936 0.83269343 0.04313725 0.17647059 0.41960784
v 0.29926868 0.05561617 0.81907638 0.04313725 0.17647059 0.41960784
v 0.28599819 0.07273888 0.80246821 0.04313725 0.17647059 0.41960784
v 0.27499008 0.08860852 0.78317831 0.04313725 0.17647059 0.41960784
v 0.26644942 0.10292948 0.76156600 0.04313725 0.17647059 0.41960784
v 0.26053529 0.11543497 0.73803389 0.04313725 0.17647059 0.41960784
v 0.25735787 0.12589204 0.71302034 0.04313725 0.17647059 0.41960784
v 0.25697635 0.13410590 0.68699129 0.04313725 0.17647059 0.41960784
v 0.25939783 0.13992354 0.66043163 0.04313725 0.17647059 0.41960784
v 0.26457721 0.14323659 0.63383610 0.04313725 0.17647059 0.41960784
v 0.36752186 0.15304084 0.29068726 0.04313725 0.17647059 0.41960784
v 0.37787800 0.15120737 0.26549772 0.04313725 0.17647059 0.41960784
v 0.39055659 0.14682783 0.24172384 0.04313725 0.17647059 0.41960784
v 0.40532143 0.13998381 0.21980848 0.04313725 0.17647059 0.41960784
v 0.42189750 0.13080279 0.20015988 0.04313725 0.17647059 0.41960784
v 0.43997600 0.11945582 0.18314406 0.04313725 0.17647059 0.41960784
v 0.45922018 0.10615425 0.16907799 0.04313725 0.17647059 0.41960784
v 0.47927154 0.09114587 0.15822370 0.04313725 0.17647059 0.41960784
v 0.49975658 0.07471026 0.15078338 0.04313725 0.17647059 0.41960784
v 0.52029368 0.05715358 0.14689563 0.04313725 0.17647059 0.41960784
v 0.54050029 0.03880288 0.14663287 0.04313725 0.17647059 0.41960784
v 0.33685237 0.02334493 0.84477715 0.04313725 0.17647059 0.41960784
v 0.32501980 0.04635691 0.83608443 0.04313725 0.17647059 0.41960784
v 0.31472271 0.06860727 0.82408376 0.04313725 0.17647059 0.41960784
v 0.30615292 0.08968152 0.80899870 0.04313725 0.17647059 0.41960784
v 0.29947007 0.10918709 0.79111026 0.04313725 0.17647059 0.41960784
v 0.29479864 0.12676064 0.77075166 0.04313725 0.17647059 0.41960784
v 0.29222566 0.14207479 0.74830214 0.04313725 0.17647059 0.41960784
v 0.29179906 0.15484428 0.72417990 0.04313725 0.17647059 0.41960784
v 0.29352678 0.16483123 0.69883429 0.04313725 0.17647059 0.41960784
v 0.29737663 0.17184960 0.67273744 0.04313725 0.17647059 0.41960784
v 0.30327691 0.17576866 0.64637550 0.04313725 0.17647059 0.41960784
v 0.40622156 0.18557291 0.30322666 0.04313725 0.17647059 0.41960784
v 0.41585680 0.18313343 0.27780353 0.04313725 0.17647059 0.41960784
v 0.42710701 0.17755315 0.25356683 0.04313725 0.17647059 0.41960784
v 0.43976262 0.16893604 0.23096804 0.04313725 0.17647059 0.41960784
v 0.45358787 0.15744262 0.21042813 0.04313725 0.17647059 0.41960784
v 0.46832523 0.14328698 0.19232972 0.04313725 0.17647059 0.41960784
v 0.48370016 0.12673282 0.17700995 0.04313725 0.17647059 0.41960784
v 0.49942627 0.10808851 0.16475420 0.04313725 0.17647059 0.41960784
v 0.51521061 0.08770135 0.15579077 0.04313725 0.17647059 0.41960784
v 0.53075914 0.06595113 0.15028663 0.04313725 0.17647059 0.41960784
v 0.54578222 0.04324301 0.14834431 0.04313725 0.17647059 0.41960784
v 0.34306674 0.02619762 0.84672297 0.04313725 0.17647059 0.41960784
v 0.33733279 0.05200915 0.83993982 0.04313725 0.17647059 0.41960784
v 0.33290495 0.07695376 0.82977690 0.04313725 0.17647059 0.41960784
v 0.32986570 0.10056679 0.81642355 0.04313725 0.17647059 0.41960784
v 0.32827167 0.12240837 0.80012849 0.04313725 0.17647059 0.41960784
v 0.32815255 0.14207163 0.78119529 0.04313725 0.17647059 0.41960784
v 0.32951055 0.15919029 0.75997662 0.04313725 0.17647059 0.41960784
v 0.33232038 0.17344545 0.73686776 0.04313725 0.17647059 0.41960784
v 0.33652970 0.18457157 0.71229917 0.04313725 0.17647059 0.41960784
v 0.34206009 0.19236139 0.68672853 0.04313725 0.17647059 0.41960784
v 0.34880854 0.19666980 0.66063216 0.04313725 0.17647059 0.41960784
v 0.45175319 0.20647405 0.31748332 0.04313725 0.17647059 0.41960784
v 0.46054026 0.20364521 0.29179462 0.04313725 0.17647059 0.41960784
v 0.47010994 0.19729350 0.26703172 0.04313725 0.17647059 0.41960784
v 0.48028394 0.18753722 0.24365590 0.04313725 0.17647059 0.41960784
v 0.49087276 0.17455812 0.22210261 0.04313725 0.17647059 0.41960784
v 0.50167913 0.15859798 0.20277335 0.04313725 0.17647059 0.41960784
v 0.51250177 0.13995409 0.18602818 0.04313725 0.17647059 0.41960784
v 0.52313906 0.11897378 0.17217904 0.04313725 0.17647059 0.41960784
v 0.53339285 0.09604785 0.16148391 0.04313725 0.17647059 0.41960784
v 0.54307213 0.07160337 0.15414202 0.04313725 0.17647059 0.41960784
v 0.55199659 0.04609570 0.15029013 0.04313725 0.17647059 0.41960784
v 0.34979007 0.02726846 0.84877056 0.04313725 0.17647059 0.41960784
v 0.35065421 0.05413087 0.84399686 0.04313725 0.17647059 0.41960784
v 0.35257630 0.08008685 0.83576783 0.04313725 0.17647059 0.41960784
v 0.35552055 0.10465288 0.82423675 0.04313725 0.17647059 0.41960784
v 0.35943212 0.12737135 0.80961843 0.04313725 0.17647059 0.41960784
v 0.36423813 0.14781905 0.79218517 0.04313725 0.17647059 0.41960784
v 0.36984906 0.16561507 0.77226174 0.04313725 0.17647059 0.41960784
v 0.37616038 0.18042792 0.75021926 0.04313725 0.17647059 0.41960784
v 0.38305454 0.19198166 0.72646834 0.04313725 0.17647059 0.41960784
v 0.39040311 0.20006106 0.70145142 0.04313725 0.17647059 0.41960784
v 0.39806918 0.20451562 0.67563452 0.04313725 0.17647059 0.41960784
v 0.50101384 0.21431988 0.33248568 0.04313725 0.17647059 0.41960784
v 0.50888328 0.21134489 0.30651752 0.04313725 0.17647059 0.41960784
v 0.51663478 0.20470359 0.28120089 0.04313725 0.17647059 0.41960784
v 0.52412394 0.19451969 0.25700740 0.04313725 0.17647059 0.41960784
v 0.53121126 0.18098290 0.23438773 0.04313725 0.17647059 0.41960784
v 0.53776471 0.16434539 0.21376323 0.04313725 0.17647059 0.41960784
v 0.54366221 0.14491707 0.19551811 0.04313725 0.17647059 0.41960784
v 0.54879390 0.12305987 0.17999224 0.04313725 0.17647059 0.41960784
v 0.55306420 0.09918094 0.16747483 0.04313725 0.17647059 0.41960784
v 0.55639355 0.07372510 0.15819906 0.04313725 0.17647059 0.41960784
v 0.55871992 0.04716654 0.15233772 0.04313725 0.17647059 0.41960784
v 0.35656417 0.02648447 0.85078039 0.04313725 0.17647059 0.41960784
v 0.36407622 0.05257749 0.84797908 0.04313725 0.17647059 0.41960784
v 0.37239620 0.07779302 0.84164826 0.04313725 0.17647059 0.41960784
v 0.38136913 0.10166133 0.83190585 0.04313725 0.17647059 0.41960784
v 0.39082786 0.12373781 0.81893333 0.04313725 0.17647059 0.41960784
v 0.40059620 0.14361119 0.80297237 0.04313725 0.17647059 0.41960784
v 0.41049217 0.16091130 0.78432028 0.04313725 0.17647059 0.41960784
v 0.42033144 0.17531585 0.76332452 0.04313725 0.17647059 0.41960784
v 0.42993071 0.18655651 0.74037619 0.04313725 0.17647059 0.41960784
v 0.43911118 0.19442390 0.71590278 0.04313725 0.17647059 0.41960784
v 0.44770182 0.19877146 0.69036019 0.04313725 0.17647059 0.41960784
v 0.55064647 0.20857571 0.34721135 0.04313725 0.17647059 0.41960784
v 0.55759135 0.20570773 0.32096888 0.04313725 0.17647059 0.41960784
v 0.56351095 0.19927844 0.29510874 0.04313725 0.17647059 0.41960784
v 0.56829500 0.18940761 0.27011266 0.04313725 0.17647059 0.41960784
v 0.57185438 0.17627913 0.24644627 0.04313725 0.17647059 0.41960784
v 0.57412278 0.16013754 0.22455043 0.04313725 0.17647059 0.41960784
v 0.57505796 0.14128353 0.20483302 0.04313725 0.17647059 0.41960784
v 0.57464248 0.12006832 0.18766134 0.04313725 0.17647059 0.41960784
v 0.57288410 0.09688711 0.17335526 0.04313725 0.17647059 0.41960784
v 0.56981556 0.07217172 0.16218129 0.04313725 0.17647059 0.41960784
v 0.56549403 0.04638255 0.15434755 0.04313725 0.17647059 0.41960784
v 0.36292740 0.02389907 0.85261549 0.04313725 0.17647059 0.41960784
v 0.37668414 0.04745487 0.85161510 0.04313725 0.17647059 0.41960784
v 0.39101395 0.07022860 0.84701746 0.04313725 0.17647059 0.41960784
v 0.40564990 0.09179601 0.83890821 0.04313725 0.17647059 0.41960784
v 0.42031935 0.11175536 0.82743842 0.04313725 0.17647059 0.41960784
v 0.43474903 0.12973484 0.81282175 0.04313725 0.17647059 0.41960784
v 0.44867014 0.14539952 0.79533048 0.04313725 0.17647059 0.41960784
v 0.46182336 0.15845761 0.77529043 0.04313725 0.17647059 0.41960784
v 0.47396368 0.16866584 0.75307492 0.04313725 0.17647059 0.41960784
v 0.48486493 0.17583407 0.72909777 0.04313725 0.17647059 0.41960784
v 0.49432406 0.17982876 0.70380565 0.04313725 0.17647059 0.41960784
v 0.59726871 0.18963302 0.36065681 0.04313725 0.17647059 0.41960784
v 0.60334510 0.18711790 0.33416387 0.04313725 0.17647059 0.41960784
v 0.60754391 0.18138777 0.30780746 0.04313725 0.17647059 0.41960784
v 0.60978692 0.17254937 0.28207857 0.04313725 0.17647059 0.41960784
v 0.61003234 0.16076735 0.25745646 0.04313725 0.17647059 0.41960784
v 0.60827561 0.14626118 0.23439981 0.04313725 0.17647059 0.41960784
v 0.60454944 0.12930109 0.21333811 0.04313725 0.17647059 0.41960784
v 0.59892326 0.11020300 0.19466371 0.04313725 0.17647059 0.41960784
v 0.59150185 0.08932268 0.17872446 0.04313725 0.17647059 0.41960784
v 0.58242348 0.06704910 0.16581730 0.04313725 0.17647059 0.41960784
v 0.57185725 0.04379716 0.15618265 0.04313725 0.17647059 0.41960784
v 0.36844611 0.01968847 0.85415080 0.04313725 0.17647059 0.41960784
v 0.38761876 0.03911211 0.85465712 0.04313725 0.17647059 0.41960784
v 0.40716079 0.05790908 0.85150952 0.04313725 0.17647059 0.41960784
v 0.42670817 0.07572923 0.84476664 0.04313725 0.17647059 0.41960784
v 0.44589677 0.09224061 0.83455409 0.04313725 0.17647059 0.41960784
v 0.46436915 0.10713563 0.82106210 0.04313725 0.17647059 0.41960784
v 0.48178119 0.12013685 0.80454200 0.04313725 0.17647059 0.41960784
v 0.49780855 0.13100206 0.78530154 0.04313725 0.17647059 0.41960784
v 0.51215266 0.13952887 0.76369913 0.04313725 0.17647059 0.41960784
v 0.52454633 0.14555843 0.74013717 0.04313725 0.17647059 0.41960784
v 0.53475867 0.14897844 0.71505459 0.04313725 0.17647059 0.41960784
v 0.63770332 0.15878270 0.37190575 0.04313725 0.17647059 0.41960784
v 0.64302650 0.15684226 0.34520327 0.04313725 0.17647059 0.41960784
v 0.64573290 0.15225079 0.31843167 0.04313725 0.17647059 0.41960784
v 0.64577211 0.14509382 0.29208968 0.04313725 0.17647059 0.41960784
v 0.64314340 0.13550468 0.26666799 0.04313725 0.17647059 0.41960784
v 0.63789573 0.12366197 0.24264016 0.04313725 0.17647059 0.41960784
v 0.63012687 0.10978633 0.22045378 0.04313725 0.17647059 0.41960784
v 0.61998152 0.09413621 0.20052214 0.04313725 0.17647059 0.41960784
v 0.60764869 0.07700316 0.18321653 0.04313725 0.17647059 0.41960784
v 0.59335810 0.05870633 0.16885932 0.04313725 0.17647059 0.41960784
v 0.57737597 0.03958656 0.15771797 0.04313725 0.17647059 0.41960784
v 0.37274422 0.01413961 0.85528169 0.04313725 0.17647059 0.41960784
v 0.39613490 0.02811774 0.85689784 0.04313725 0.17647059 0.41960784
v 0.41973633 0.04167402 0.85481833 0.04313725 0.17647059 0.41960784
v 0.44310885 0.05455590 0.84908189 0.04313725 0.17647059 0.41960784
v 0.46581708 0.06652343 0.83979540 0.04313725 0.17647059 0.41960784
v 0.48743800 0.07735367 0.82713184 0.04313725 0.17647059 0.41960784
v 0.50756887 0.08684488 0.81132711 0.04313725 0.17647059 0.41960784
v 0.52583467 0.09482025 0.79267561 0.04313725 0.17647059 0.41960784
v 0.54189515 0.10113122 0.77152480 0.04313725 0.17647059 0.41960784
v 0.55545114 0.10566023 0.74826867 0.04313725 0.17647059 0.41960784
v 0.56625011 0.10832290 0.72334044 0.04313725 0.17647059 0.41960784
v 0.66919476 0.11812715 0.38019160 0.04313725 0.17647059 0.41960784
v 0.67393131 0.11694405 0.35333476 0.04313725 0.17647059 0.41960784
v 0.67547539 0.11385315 0.32625735 0.04313725 0.17647059 0.41960784
v 0.67379823 0.10891202 0.29946375 0.04313725 0.17647059 0.41960784
v 0.66893107 0.10221271 0.27345309 0.04313725 0.17647059 0.41960784
v 0.66096459 0.09388001 0.24870990 0.04313725 0.17647059 0.41960784
v 0.65004717 0.08406915 0.22569509 0.04313725 0.17647059 0.41960784
v 0.63638220 0.07296289 0.20483739 0.04313725 0.17647059 0.41960784
v 0.62022423 0.06076810 0.18652533 0.04313725 0.17647059 0.41960784
v 0.60187424 0.04771197 0.17110004 0.04313725 0.17647059 0.41960784
v 0.58167407 0.03403769 0.15884886 0.04313725 0.17647059 0.41960784
v 0.37552881 0.00763063 0.85593110 0.04313725 0.17647059 0.41960784
v 0.40165221 0.01522103 0.85818455 0.04313725 0.17647059 0.41960784
v 0.42788357 0.02262981 0.85671838 0.04313725 0.17647059 0.41960784
v 0.45373427 0.02971896 0.85155989 0.04313725 0.17647059 0.41960784
v 0.47872273 0.03635642 0.84280518 0.04313725 0.17647059 0.41960784
v 0.50238349 0.04241855 0.83061734 0.04313725 0.17647059 0.41960784
v 0.52427578 0.04779242 0.81522339 0.04313725 0.17647059 0.41960784
v 0.54399179 0.05237792 0.79691011 0.04313725 0.17647059 0.41960784
v 0.56116425 0.05608965 0.77601862 0.04313725 0.17647059 0.41960784
v 0.57547326 0.05885845 0.75293811 0.04313725 0.17647059 0.41960784
v 0.58665229 0.06063274 0.72809851 0.04313725 0.17647059 0.41960784
v 0.68959694 0.07043700 0.38494967 0.04313725 0.17647059 0.41960784
v 0.69395343 0.07014227 0.35800420 0.04313725 0.17647059 0.41960784
v 0.69474448 0.06881158 0.33075117 0.04313725 0.17647059 0.41960784
v 0.69195534 0.06646969 0.30369825 0.04313725 0.17647059 0.41960784
v 0.68563798 0.06316025 0.27734938 0.04313725 0.17647059 0.41960784
v 0.67591007 0.05894489 0.25219540 0.04313725 0.17647059 0.41960784
v 0.66295283 0.05390214 0.22870487 0.04313725 0.17647059 0.41960784
v 0.64700762 0.04812595 0.20731539 0.04313725 0.17647059 0.41960784
v 0.62837147 0.04172389 0.18842538 0.04313725 0.17647059 0.41960784
v 0.60739155 0.03481525 0.17238675 0.04313725 0.17647059 0.41960784
v 0.58445866 0.02752871 0.15949826 0.04313725 0.17647059 0.41960784
v 0.37661011 0.00060510 0.85605476 0.04313725 0.17647059 0.41960784
v 0.40379468 0.00130085 0.85842957 0.04313725 0.17647059 0.41960784
v 0.43104730 0.00207429 0.85708019 0.04313725 0.17647059 0.41960784
v 0.45786031 0.00291100 0.85203176 0.04313725 0.17647059 0.41960784
v 0.48373423 0.00379541 0.84337832 0.04313725 0.17647059 0.41960784
v 0.50818709 0.00471103 0.83128106 0.04313725 0.17647059 0.41960784
v 0.53076337 0.00564082 0.81596534 0.04313725 0.17647059 0.41960784
v 0.55104253 0.00656745 0.79771646 0.04313725 0.17647059 0.41960784
v 0.56864678 0.00747365 0.77687436 0.04313725 0.17647059 0.41960784
v 0.58324821 0.00834256 0.75382729 0.04313725 0.17647059 0.41960784
v 0.59457482 0.00915798 0.72900457 0.04313725 0.17647059 0.41960784
v 0.69751947 0.01896223 0.38585573 0.04313725 0.17647059 0.41960784
v 0.70172839 0.01962638 0.35889338 0.04313725 0.17647059 0.41960784
v 0.70222702 0.02019558 0.33160690 0.04313725 0.17647059 0.41960784
v 0.69900608 0.02065921 0.30450460 0.04313725 0.17647059 0.41960784
v 0.69212558 0.02100865 0.27809133 0.04313725 0.17647059 0.41960784
v 0.68171367 0.02123737 0.25285912 0.04313725 0.17647059 0.41960784
v 0.66796433 0.02134113 0.22927801 0.04313725 0.17647059 0.41960784
v 0.65113366 0.02131799 0.20778726 0.04313725 0.17647059 0.41960784
v 0.63153519 0.02116837 0.18878720 0.04313725 0.17647059 0.41960784
v 0.60953401 0.02089507 0.17263177 0.04313725 0.17647059 0.41960784
v 0.58553996 0.02050318 0.15962193 0.04313725 0.17647059 0.41960784
v 0.37591445 -0.00645819 0.85564425 0.04313725 0.17647059 0.41960784
v 0.40241630 -0.01269415 0.85761620 0.04313725 0.17647059 0.41960784
v 0.42901189 -0.01859173 0.85587912 0.04313725 0.17647059 0.41960784
v 0.45520579 -0.02404106 0.85046535 0.04313725 0.17647059 0.41960784
v 0.48051005 -0.02894063 0.84147575 0.04313725 0.17647059 0.41960784
v 0.50445331 -0.03319917 0.82907778 0.04313725 0.17647059 0.41960784
v 0.52658954 -0.03673736 0.81350239 0.04313725 0.17647059 0.41960784
v 0.54650639 -0.03948928 0.79503971 0.04313725 0.17647059 0.41960784
v 0.56383285 -0.04140367 0.77403368 0.04313725 0.17647059 0.41960784
v 0.57824615 -0.04244487 0.75087560 0.04313725 0.17647059 0.41960784
v 0.58947781 -0.04259348 0.72599685 0.04313725 0.17647059 0.41960784
v 0.69242246 -0.03278923 0.38284801 0.04313725 0.17647059 0.41960784
v 0.69672632 -0.03116104 0.35594169 0.04313725 0.17647059 0.41960784
v 0.69741308 -0.02868174 0.32876623 0.04313725 0.17647059 0.41960784
v 0.69446995 -0.02539751 0.30182785 0.04313725 0.17647059 0.41960784
v 0.68795174 -0.02136953 0.27562837 0.04313725 0.17647059 0.41960784
v 0.67797989 -0.01667283 0.25065584 0.04313725 0.17647059 0.41960784
v 0.66474015 -0.01139490 0.22737544 0.04313725 0.17647059 0.41960784
v 0.64847914 -0.00563407 0.20622084 0.04313725 0.17647059 0.41960784
v 0.62949979 0.00050236 0.18758612 0.04313725 0.17647059 0.41960784
v 0.60815564 0.00690007 0.17181841 0.04313725 0.17647059 0.41960784
v 0.58484430 0.01343989 0.15921142 0.04313725 0.17647059 0.41960784
v 0.37348922 -0.01307789 0.85472755 0.04313725 0.17647059 0.41960784
v 0.39761103 -0.02581024 0.85579988 0.04313725 0.17647059 0.41960784
v 0.42191608 -0.03795988 0.85319700 0.04313725 0.17647059 0.41960784
v 0.44595162 -0.04930048 0.84696740 0.04313725 0.17647059 0.41960784
v 0.46926992 -0.05962078 0.83722713 0.04313725 0.17647059 0.41960784
v 0.49143659 -0.06872854 0.82415764 0.04313725 0.17647059 0.41960784
v 0.51203871 -0.07645410 0.80800237 0.04313725 0.17647059 0.41960784
v 0.53069251 -0.08265355 0.78906228 0.04313725 0.17647059 0.41960784
v 0.54705049 -0.08721140 0.76769018 0.04313725 0.17647059 0.41960784
v 0.56080795 -0.09004275 0.74428420 0.04313725 0.17647059 0.41960784
v 0.57170860 -0.09109485 0.71928033 0.04313725 0.17647059 0.41960784
v 0.67465325 -0.08129060 0.37613150 0.04313725 0.17647059 0.41960784
v 0.67928812 -0.07875892 0.34935029 0.04313725 0.17647059 0.41960784
v 0.68063073 -0.07448947 0.32242273 0.04313725 0.17647059 0.41960784
v 0.67865606 -0.06856178 0.29585042 0.04313725 0.17647059 0.41960784
v 0.67340091 -0.06108628 0.27012836 0.04313725 0.17647059 0.41960784
v 0.66496317 -0.05220220 0.24573570 0.04313725 0.17647059 0.41960784
v 0.65350001 -0.04207506 0.22312682 0.04313725 0.17647059 0.41960784
v 0.63922498 -0.03089349 0.20272289 0.04313725 0.17647059 0.41960784
v 0.62240398 -0.01886579 0.18490400 0.04313725 0.17647059 0.41960784
v 0.60335037 -0.00621602 0.17000208 0.04313725 0.17647059 0.41960784
v 0.58241907 0.00682019 0.15829471 0.04313725 0.17647059 0.41960784
v 0.36949971 -0.01880288 0.85336713 0.04313725 0.17647059 0.41960784
v 0.38970632 -0.03715358 0.85310437 0.04313725 0.17647059 0.41960784
v 0.41024342 -0.05471026 0.84921662 0.04313725 0.17647059 0.41960784
v 0.43072846 -0.07114587 0.84177630 0.04313725 0.17647059 0.41960784
v 0.45077982 -0.08615425 0.83092201 0.04313725 0.17647059 0.41960784
v 0.47002400 -0.09945582 0.81685594 0.04313725 0.17647059 0.41960784
v 0.48810250 -0.11080279 0.79984012 0.04313725 0.17647059 0.41960784
v 0.50467857 -0.11998381 0.78019152 0.04313725 0.17647059 0.41960784
v 0.51944341 -0.12682783 0.75827616 0.04313725 0.17647059 0.41960784
v 0.53212200 -0.13120737 0.73450228 0.04313725 0.17647059 0.41960784
v 0.54247814 -0.13304084 0.70931274 0.04313725 0.17647059 0.41960784
v 0.64542279 -0.12323659 0.36616390 0.04313725 0.17647059 0.41960784
v 0.65060217 -0.11992354 0.33956837 0.04313725 0.17647059 0.41960784
v 0.65302365 -0.11410590 0.31300871 0.04313725 0.17647059 0.41960784
v 0.65264213 -0.10589204 0.28697966 0.04313725 0.17647059 0.41960784
v 0.64946471 -0.09543497 0.26196611 0.04313725 0.17647059 0.41960784
v 0.64355058 -0.08292948 0.23843400 0.04313725 0.17647059 0.41960784
v 0.63500992 -0.06860852 0.21682169 0.04313725 0.17647059 0.41960784
v 0.62400181 -0.05273888 0.19753179 0.04313725 0.17647059 0.41960784
v 0.61073132 -0.03561617 0.18092362 0.04313725 0.17647059 0.41960784
v 0.59544566 -0.01755936 0.16730657 0.04313725 0.17647059 0.41960784
v 0.57842956 0.00109520 0.15693429 0.04313725 0.17647059 0.41960784
v 0.36421778 -0.02324301 0.85165569 0.04313725 0.17647059 0.41960784
v 0.37924086 -0.04595113 0.84971337 0.04313725 0.17647059 0.41960784
v 0.39478939 -0.06770135 0.84420923 0.04313725 0.17647059 0.41960784
v 0.41057373 -0.08808851 0.83524580 0.04313725 0.17647059 0.41960784
v 0.42629984 -0.10673282 0.82299005 0.04313725 0.17647059 0.41960784
v 0.44167477 -0.12328698 0.80767028 0.04313725 0.17647059 0.41960784
v 0.45641213 -0.13744262 0.78957187 0.04313725 0.17647059 0.41960784
v 0.47023738 -0.14893604 0.76903196 0.04313725 0.17647059 0.41960784
v 0.48289299 -0.15755315 0.74643317 0.04313725 0.17647059 0.41960784
v 0.49414320 -0.16313343 0.72219647 0.04313725 0.17647059 0.41960784
v 0.50377844 -0.16557291 0.69677334 0.04313725 0.17647059 0.41960784
v 0.60672309 -0.15576866 0.35362450 0.04313725 0.17647059 0.41960784
v 0.61262337 -0.15184960 0.32726256 0.04313725 0.17647059 0.41960784
v 0.61647322 -0.14483123 0.30116571 0.04313725 0.17647059 0.41960784
v 0.61820094 -0.13484428 0.27582010 0.04313725 0.17647059 0.41960784
v 0.61777434 -0.12207479 0.25169786 0.04313725 0.17647059 0.41960784
v 0.61520136 -0.10676064 0.22924834 0.04313725 0.17647059 0.41960784
v 0.61052993 -0.08918709 0.20888974 0.04313725 0.17647059 0.41960784
v 0.60384708 -0.06968152 0.19100130 0.04313725 0.17647059 0.41960784
v 0.59527729 -0.04860727 0.17591624 0.04313725 0.17647059 0.41960784
v 0.58498020 -0.02635691 0.16391557 0.04313725 0.17647059 0.41960784
v 0.57314763 -0.00334493 0.15522285 0.04313725 0.17647059 0.41960784
v 0.35800341 -0.02609570 0.84970987 0.04313725 0.17647059 0.41960784
v 0.36692787 -0.05160337 0.84585798 0.04313725 0.17647059 0.41960784
v 0.37660715 -0.07604785 0.83851609 0.04313725 0.17647059 0.41960784
v 0.38686094 -0.09897378 0.82782096 0.04313725 0.17647059 0.41960784
v 0.39749823 -0.11995409 0.81397182 0.04313725 0.17647059 0.41960784
v 0.40832087 -0.13859798 0.79722665 0.04313725 0.17647059 0.41960784
v 0.41912724 -0.15455812 0.77789739 0.04313725 0.17647059 0.41960784
v 0.42971606 -0.16753722 0.75634410 0.04313725 0.17647059 0.41960784
v 0.43989006 -0.17729350 0.73296828 0.04313725 0.17647059 0.41960784
v 0.44945974 -0.18364521 0.70820538 0.04313725 0.17647059 0.41960784
v 0.45824681 -0.18647405 0.68251668 0.04313725 0.17647059 0.41960784
v 0.56119146 -0.17666980 0.33936784 0.04313725 0.17647059 0.41960784
v 0.56793991 -0.17236139 0.31327147 0.04313725 0.17647059 0.41960784
v 0.57347030 -0.16457157 0.28770083 0.04313725 0.17647059 0.41960784
v 0.57767962 -0.15344545 0.26313224 0.04313725 0.17647059 0.41960784
v 0.58048945 -0.13919029 0.24002338 0.04313725 0.17647059 0.41960784
v 0.58184745 -0.12207163 0.21880471 0.04313725 0.17647059 0.41960784
v 0.58172833 -0.10240837 0.19987151 0.04313725 0.17647059 0.41960784
v 0.58013430 -0.08056679 0.18357645 0.04313725 0.17647059 0.41960784
v 0.57709505 -0.05695376 0.17022310 0.04313725 0.17647059 0.41960784
v 0.57266721 -0.03200915 0.16006018 0.04313725 0.17647059 0.41960784
v 0.56693326 -0.00619762 0.15327703 0.04313725 0.17647059 0.41960784
v 0.35128008 -0.02716654 0.84766228 0.04313725 0.17647059 0.41960784
v 0.35360645 -0.05372510 0.84180094 0.04313725 0.17647059 0.41960784
v 0.35693580 -0.07918094 0.83252517 0.04313725 0.17647059 0.41960784
v 0.36120610 -0.10305987 0.82000776 0.04313725 0.17647059 0.41960784
v 0.36633779 -0.12491707 0.80448189 0.04313725 0.17647059 0.41960784
v 0.37223529 -0.14434539 0.78623677 0.04313725 0.17647059 0.41960784
v 0.37878874 -0.16098290 0.76561227 0.04313725 0.17647059 0.41960784
v 0.38587606 -0.17451969 0.74299260 0.04313725 0.17647059 0.41960784
v 0.39336522 -0.18470359 0.71879911 0.04313725 0.17647059 0.41960784
v 0.40111672 -0.19134489 0.69348248 0.04313725 0.17647059 0.41960784
v 0.40898616 -0.19431988 0.66751432 0.04313725 0.17647059 0.41960784
v 0.51193082 -0.18451562 0.32436548 0.04313725 0.17647059 0.41960784
v 0.51959689 -0.18006106 0.29854858 0.04313725 0.17647059 0.41960784
v 0.52694546 -0.17198166 0.27353166 0.04313725 0.17647059 0.41960784
v 0.53383962 -0.16042792 0.24978074 0.04313725 0.17647059 0.41960784
v 0.54015094 -0.14561507 0.22773826 0.04313725 0.17647059 0.41960784
v 0.54576187 -0.12781905 0.20781483 0.04313725 0.17647059 0.41960784
v 0.55056788 -0.10737135 0.19038157 0.04313725 0.17647059 0.41960784
v 0.55447945 -0.08465288 0.17576325 0.04313725 0.17647059 0.41960784
v 0.55742370 -0.06008685 0.16423217 0.04313725 0.17647059 0.41960784
v 0.55934579 -0.03413087 0.15600314 0.04313725 0.17647059 0.41960784
v 0.56020993 -0.00726846 0.15122944 0.04313725 0.17647059 0.41960784
v 0.34450597 -0.02638255 0.84565245 0.04313725 0.17647059 0.41960784
v 0.34018444 -0.05217172 0.83781871 0.04313725 0.17647059 0.41960784
v 0.33711590 -0.07688711 0.82664474 0.04313725 0.17647059 0.41960784
v 0.33535752 -0.10006832 0.81233866 0.04313725 0.17647059 0.41960784
v 0.33494204 -0.12128353 0.79516698 0.04313725 0.17647059 0.41960784
v 0.33587722 -0.14013754 0.77544957 0.04313725 0.17647059 0.41960784
v 0.33814562 -0.15627913 0.75355373 0.04313725 0.17647059 0.41960784
v 0.34170500 -0.16940761 0.72988734 0.04313725 0.17647059 0.41960784
v 0.34648905 -0.17927844 0.70489126 0.04313725 0.17647059 0.41960784
v 0.35240865 -0.18570773 0.67903112 0.04313725 0.17647059 0.41960784
v 0.35935353 -0.18857571 0.65278865 0.04313725 0.17647059 0.41960784
v 0.46229818 -0.17877146 0.30963981 0.04313725 0.17647059 0.41960784
v 0.47088882 -0.17442390 0.28409722 0.04313725 0.17647059 0.41960784
v 0.48006929 -0.16655651 0.25962381 0.04313725 0.17647059 0.41960784
v 0.48966856 -0.15531585 0.23667548 0.04313725 0.17647059 0.41960784
v 0.49950783 -0.14091130 0.21567972 0.04313725 0.17647059 0.41960784
v 0.50940380 -0.12361119 0.19702763 0.04313725 0.17647059 0.41960784
v 0.51917214 -0.10373781 0.18106667 0.04313725 0.17647059 0.41960784
v 0.52863087 -0.08166133 0.16809415 0.04313725 0.17647059 0.41960784
v 0.53760380 -0.05779302 0.15835174 0.04313725 0.17647059 0.41960784
v 0.54592378 -0.03257749 0.15202092 0.04313725 0.17647059 0.41960784
v 0.55343583 -0.00648447 0.14921961 0.04313725 0.17647059 0.41960784
v 0.33814275 -0.02379716 0.84381735 0.04313725 0.17647059 0.41960784
v 0.32757652 -0.04704910 0.83418270 0.04313725 0.17647059 0.41960784
v 0.31849815 -0.06932268 0.82127554 0.04313725 0.17647059 0.41960784
v 0.31107674 -0.09020300 0.80533629 0.04313725 0.17647059 0.41960784
v 0.30545056 -0.10930109 0.78666189 0.04313725 0.17647059 0.41960784
v 0.30172439 -0.12626118 0.76560019 0.04313725 0.17647059 0.41960784
v 0.29996766 -0.14076735 0.74254354 0.04313725 0.17647059 0.41960784
v 0.30021308 -0.15254937 0.71792143 0.04313725 0.17647059 0.41960784
v 0.30245609 -0.16138777 0.69219254 0.04313725 0.17647059 0.41960784
v 0.30665490 -0.16711790 0.66583613 0.04313725 0.17647059 0.41960784
v 0.31273129 -0.16963302 0.63934319 0.04313725 0.17647059 0.41960784
v 0.41567594 -0.15982876 0.29619435 0.04313725 0.17647059 0.41960784
v 0.42513507 -0.15583407 0.27090223 0.04313725 0.17647059 0.41960784
v 0.43603632 -0.14866584 0.24692508 0.04313725 0.17647059 0.41960784
v 0.44817664 -0.13845761 0.22470957 0.04313725 0.17647059 0.41960784
v 0.46132986 -0.12539952 0.20466952 0.04313725 0.17647059 0.41960784
v 0.47525097 -0.10973484 0.18717825 0.04313725 0.17647059 0.41960784
v 0.48968065 -0.09175536 0.17256158 0.04313725 0.17647059 0.41960784
v 0.50435010 -0.07179601 0.16109179 0.04313725 0.17647059 0.41960784
v 0.51898605 -0.05022860 0.15298254 0.04313725 0.17647059 0.41960784
v 0.53331586 -0.02745487 0.14838490 0.04313725 0.17647059 0.41960784
v 0.54707260 -0.00389907 0.14738451 0.04313725 0.17647059 0.41960784
v 0.33262403 -0.01958656 0.84228203 0.04313725 0.17647059 0.41960784
v 0.31664190 -0.03870633 0.83114068 0.04313725 0.17647059 0.41960784
v 0.30235131 -0.05700316 0.81678347 0.04313725 0.17647059 0.41960784
v 0.29001848 -0.07413621 0.79947786 0.04313725 0.17647059 0.41960784
v 0.27987313 -0.08978633 0.77954622 0.04313725 0.17647059 0.41960784
v 0.27210427 -0.10366197 0.75735984 0.04313725 0.17647059 0.41960784
v 0.26685660 -0.11550468 0.73333201 0.04313725 0.17647059 0.41960784
v 0.26422789 -0.12509382 0.70791032 0.04313725 0.17647059 0.41960784
v 0.26426710 -0.13225079 0.68156833 0.04313725 0.17647059 0.41960784
v 0.26697350 -0.13684226 0.65479673 0.04313725 0.17647059 0.41960784
v 0.27229668 -0.13878270 0.62809425 0.04313725 0.17647059 0.41960784
v 0.37524133 -0.12897844 0.28494541 0.04313725 0.17647059 0.41960784
v 0.38545367 -0.12555843 0.25986283 0.04313725 0.17647059 0.41960784
v 0.39784734 -0.11952887 0.23630087 0.04313725 0.17647059 0.41960784
v 0.41219145 -0.11100206 0.21469846 0.04313725 0.17647059 0.41960784
v 0.42821881 -0.10013685 0.19545800 0.04313725 0.17647059 0.41960784
v 0.44563085 -0.08713563 0.17893790 0.04313725 0.17647059 0.41960784
v 0.46410323 -0.07224061 0.16544591 0.04313725 0.17647059 0.41960784
v 0.48329183 -0.05572923 0.15523336 0.04313725 0.17647059 0.41960784
v 0.50283921 -0.03790908 0.14849048 0.04313725 0.17647059 0.41960784
v 0.52238124 -0.01911211 0.14534288 0.04313725 0.17647059 0.41960784
v 0.54155389 0.00031153 0.14584920 0.04313725 0.17647059 0.41960784
v 0.32832593 -0.01403769 0.84115114 0.04313725 0.17647059 0.41960784
v 0.30812576 -0.02771197 0.82889996 0.04313725 0.17647059 0.41960784
v 0.28977577 -0.04076810 0.81347467 0.04313725 0.17647059 0.41960784
v 0.27361780 -0.05296289 0.79516261 0.04313725 0.17647059 0.41960784
v 0.25995283 -0.06406915 0.77430491 0.04313725 0.17647059 0.41960784
v 0.24903541 -0.07388001 0.75129010 0.04313725 0.17647059 0.41960784
v 0.24106893 -0.08221271 0.72654691 0.04313725 0.17647059 0.41960784
v 0.23620177 -0.08891202 0.70053625 0.04313725 0.17647059 0.41960784
v 0.23452461 -0.09385315 0.67374265 0.04313725 0.17647059 0.41960784
v 0.23606869 -0.09694405 0.64666524 0.04313725 0.17647059 0.41960784
v 0.24080524 -0.09812715 0.61980840 0.04313725 0.17647059 0.41960784
v 0.34374989 -0.08832290 0.27665956 0.04313725 0.17647059 0.41960784
v 0.35454886 -0.08566023 0.25173133 0.04313725 0.17647059 0.41960784
v 0.36810485 -0.08113122 0.22847520 0.04313725 0.17647059 0.41960784
v 0.38416533 -0.07482025 0.20732439 0.04313725 0.17647059 0.41960784
v 0.40243113 -0.06684488 0.18867289 0.04313725 0.17647059 0.41960784
v 0.42256200 -0.05735367 0.17286816 0.04313725 0.17647059 0.41960784
v 0.44418292 -0.04652343 0.16020460 0.04313725 0.17647059 0.41960784
v 0.46689115 -0.03455590 0.15091811 0.04313725 0.17647059 0.41960784
v 0.49026367 -0.02167402 0.14518167 0.04313725 0.17647059 0.41960784
v 0.51386510 -0.00811774 0.14310216 0.04313725 0.17647059 0.41960784
v 0.53725578 0.00586039 0.14471831 0.04313725 0.17647059 0.41960784
v 0.32554134 -0.00752871 0.84050174 0.04313725 0.17647059 0.41960784
v 0.30260845 -0.01481525 0.82761325 0.04313725 0.17647059 0.41960784
v 0.28162853 -0.02172389 0.81157462 0.04313725 0.17647059 0.41960784
v 0.26299238 -0.02812595 0.79268461 0.04313725 0.17647059 0.41960784
v 0.24704717 -0.03390214 0.77129513 0.04313725 0.17647059 0.41960784
v 0.23408993 -0.03894489 0.74780460 0.04313725 0.17647059 0.41960784
v 0.22436202 -0.04316025 0.72265062 0.04313725 0.17647059 0.41960784
v 0.21804466 -0.04646969 0.69630175 0.04313725 0.17647059 0.41960784
v 0.21525552 -0.04881158 0.66924883 0.04313725 0.17647059 0.41960784
v 0.21604657 -0.05014227 0.64199580 0.04313725 0.17647059 0.41960784
v 0.22040306 -0.05043700 0.61505033 0.04313725 0.17647059 0.41960784
v 0.32334771 -0.04063274 0.27190149 0.04313725 0.17647059 0.41960784
v 0.33452674 -0.03885845 0.24706189 0.04313725 0.17647059 0.41960784
v 0.34883575 -0.03608965 0.22398138 0.04313725 0.17647059 0.41960784
v 0.36600821 -0.03237792 0.20308989 0.04313725 0.17647059 0.41960784
v 0.38572422 -0.02779242 0.18477661 0.04313725 0.17647059 0.41960784
v 0.40761651 -0.02241855 0.16938266 0.04313725 0.17647059 0.41960784
v 0.43127727 -0.01635642 0.15719482 0.04313725 0.17647059 0.41960784
v 0.45626573 -0.00971896 0.14844011 0.04313725 0.17647059 0.41960784
v 0.48211643 -0.00262981 0.14328162 0.04313725 0.17647059 0.41960784
v 0.50834779 0.00477897 0.14181545 0.04313725 0.17647059 0.41960784
v 0.53447119 0.01236937 0.14406890 0.04313725 0.17647059 0.41960784
v -0.41888429 0.04944215 0.23394632 0.98039216 0.98823529 1.00000000
v -0.45433982 0.05083984 0.23440735 0.98039216 0.98823529 1.00000000
v -0.48952079 0.05240446 0.23003574 0.98039216 0.98823529 1.00000000
v -0.52377187 0.05410685 0.22091292 0.98039216 0.98823529 1.00000000
v -0.55645501 0.05591532 0.20720885 0.98039216 0.98823529 1.00000000
v -0.58696140 0.05779616 0.18917879 0.98039216 0.98823529 1.00000000
v -0.61472275 0.05971435 0.16715861 0.98039216 0.98823529 1.00000000
v -0.63922192 0.06163415 0.14155852 0.98039216 0.98823529 1.00000000
v -0.66000255 0.06351979 0.11285538 0.98039216 0.98823529 1.00000000
v -0.67667752 0.06533616 0.08158389 0.98039216 0.98823529 1.00000000
v -0.68893622 0.06704941 0.04832657 0.98039216 0.98823529 1.00000000
v -0.69655028 0.06862764 0.01370295 0.98039216 0.98823529 1.00000000
v -0.70017470 0.07043985 -0.03160225 0.98039216 0.98823529 1.00000000
v -0.69816315 0.07166288 -0.06701013 0.98039216 0.98823529 1.00000000
v -0.69134994 0.07267237 -0.10182135 0.98039216 0.98823529 1.00000000
v -0.67986197 0.07344950 -0.13538745 0.98039216 0.98823529 1.00000000
v -0.66391325 0.07397981 -0.16708314 0.98039216 0.98823529 1.00000000
v -0.64380088 0.07425341 -0.19631801 0.98039216 0.98823529 1.00000000
v -0.61989950 0.07426521 -0.22254746 0.98039216 0.98823529 1.00000000
v -0.59265435 0.07401499 -0.24528288 0.98039216 0.98823529 1.00000000
v -0.56257296 0.07350740 -0.26410076 0.98039216 0.98823529 1.00000000
v -0.53021570 0.07275191 -0.27865056 0.98039216 0.98823529 1.00000000
v -0.49618530 0.07176258 -0.28866124 0.98039216 0.98823529 1.00000000
v -0.46111571 0.07055785 -0.29394632 0.98039216 0.98823529 1.00000000
v -0.45277321 0.05994509 0.23464623 0.98039216 0.98823529 1.00000000
v -0.48641676 0.07044534 0.23050905 0.98039216 0.98823529 1.00000000
v -0.51918823 0.08074730 0.22161185 0.98039216 0.98823529 1.00000000
v -0.55047716 0.09065907 0.20812037 0.98039216 0.98823529 1.00000000
v -0.57970068 0.09999601 0.19028592 0.98039216 0.98823529 1.00000000
v -0.60631442 0.10858419 0.16844074 0.98039216 0.98823529 1.00000000
v -0.62982262 0.11626362 0.14299175 0.98039216 0.98823529 1.00000000
v -0.64978736 0.12289126 0.11441302 0.98039216 0.98823529 1.00000000
v -0.66583674 0.12834365 0.08323693 0.98039216 0.98823529 1.00000000
v -0.67767178 0.13251921 0.05004421 0.98039216 0.98823529 1.00000000
v -0.68507203 0.13534016 0.01545319 0.98039216 0.98823529 1.00000000
v -0.68869644 0.13715237 -0.02985201 0.98039216 0.98823529 1.00000000
v -0.68689872 0.13713267 -0.06529249 0.98039216 0.98823529 1.00000000
v -0.68050916 0.13567985 -0.10016831 0.98039216 0.98823529 1.00000000
v -0.66964679 0.13282097 -0.13382980 0.98039216 0.98823529 1.00000000
v -0.65451395 0.12860929 -0.16564991 0.98039216 0.98823529 1.00000000
v -0.63539255 0.12312325 -0.19503588 0.98039216 0.98823529 1.00000000
v -0.61263878 0.11646506 -0.22144032 0.98039216 0.98823529 1.00000000
v -0.58667650 0.10875874 -0.24437136 0.98039216 0.98823529 1.00000000
v -0.55798933 0.10014785 -0.26340184 0.98039216 0.98823529 1.00000000
v -0.52711166 0.09079279 -0.27817725 0.98039216 0.98823529 1.00000000
v -0.49461870 0.08086783 -0.28842236 0.98039216 0.98823529 1.00000000
v -0.44891028 0.06834115 0.23467304 0.98039216 0.98823529 1.00000000
v -0.47876286 0.08708106 0.23056217 0.98039216 0.98823529 1.00000000
v -0.50788594 0.10531280 0.22169028 0.98039216 0.98823529 1.00000000
v -0.53573701 0.12269673 0.20822266 0.98039216 0.98823529 1.00000000
v -0.56179726 0.13890902 0.19041017 0.98039216 0.98823529 1.00000000
v -0.58558124 0.15364768 0.16858462 0.98039216 0.98823529 1.00000000
v -0.60664589 0.16663816 0.14315259 0.98039216 0.98823529 1.00000000
v -0.62459882 0.17763845 0.11458783 0.98039216 0.98823529 1.00000000
v -0.63910560 0.18644365 0.08342243 0.98039216 0.98823529 1.00000000
v -0.64989601 0.19288973 0.05023697 0.98039216 0.98823529 1.00000000
v -0.65676902 0.19685662 0.01564960 0.98039216 0.98823529 1.00000000
v -0.66039344 0.19866883 -0.02965559 0.98039216 0.98823529 1.00000000
v -0.65912294 0.19750320 -0.06509973 0.98039216 0.98823529 1.00000000
v -0.65377802 0.19377986 -0.09998280 0.98039216 0.98823529 1.00000000
v -0.64445825 0.18756816 -0.13365500 0.98039216 0.98823529 1.00000000
v -0.63133722 0.17898382 -0.16548907 0.98039216 0.98823529 1.00000000
v -0.61465937 0.16818675 -0.19489200 0.98039216 0.98823529 1.00000000
v -0.59473536 0.15537807 -0.22131608 0.98039216 0.98823529 1.00000000
v -0.57193635 0.14079639 -0.24426907 0.98039216 0.98823529 1.00000000
v -0.54668703 0.12471334 -0.26332340 0.98039216 0.98823529 1.00000000
v -0.51945776 0.10742851 -0.27812413 0.98039216 0.98823529 1.00000000
v -0.49075576 0.08926389 -0.28839555 0.98039216 0.98823529 1.00000000
v -0.44301428 0.07545585 0.23448594 0.98039216 0.98823529 1.00000000
v -0.46708069 0.10117794 0.23019147 0.98039216 0.98823529 1.00000000
v -0.49063521 0.12612924 0.22114288 0.98039216 0.98823529 1.00000000
v -0.51323908 0.14984497 0.20750876 0.98039216 0.98823529 1.00000000
v -0.53447122 0.17188335 0.18954306 0.98039216 0.98823529 1.00000000
v -0.55393611 0.19183384 0.16758046 0.98039216 0.98823529 1.00000000
v -0.57127117 0.20932481 0.14203008 0.98039216 0.98823529 1.00000000
v -0.58615348 0.22403042 0.11336788 0.98039216 0.98823529 1.00000000
v -0.59830580 0.23567675 0.08212777 0.98039216 0.98823529 1.00000000
v -0.60750177 0.24404685 0.04889171 0.98039216 0.98823529 1.00000000
v -0.61357007 0.24898479 0.01427882 0.98039216 0.98823529 1.00000000
v -0.61719448 0.25079699 -0.03102638 0.98039216 0.98823529 1.00000000
v -0.61672870 0.24866032 -0.06644499 0.98039216 0.98823529 1.00000000
v -0.61297822 0.24301296 -0.10127746 0.98039216 0.98823529 1.00000000
v -0.60601291 0.23396014 -0.13487495 0.98039216 0.98823529 1.00000000
v -0.59596251 0.22167047 -0.16661158 0.98039216 0.98823529 1.00000000
v -0.58301424 0.20637291 -0.19589616 0.98039216 0.98823529 1.00000000
v -0.56740932 0.18835240 -0.22218319 0.98039216 0.98823529 1.00000000
v -0.54943842 0.16794464 -0.24498297 0.98039216 0.98823529 1.00000000
v -0.52943631 0.14552979 -0.26387080 0.98039216 0.98823529 1.00000000
v -0.50777559 0.12152539 -0.27849483 0.98039216 0.98823529 1.00000000
v -0.48485976 0.09637860 -0.28858264 0.98039216 0.98823529 1.00000000
v -0.43548701 0.08080434 0.23409770 0.98039216 0.98823529 1.00000000
v -0.45216636 0.11177528 0.22942221 0.98039216 0.98823529 1.00000000
v -0.46861166 0.14177803 0.22000695 0.98039216 0.98823529 1.00000000
v -0.48451656 0.17025370 0.20602730 0.98039216 0.98823529 1.00000000
v -0.49958478 0.19667184 0.18774368 0.98039216 0.98823529 1.00000000
v -0.51353562 0.22054033 0.16549668 0.98039216 0.98823529 1.00000000
v -0.52610921 0.24141455 0.13970072 0.98039216 0.98823529 1.00000000
v -0.53707133 0.25890565 0.11083632 0.98039216 0.98823529 1.00000000
v -0.54621777 0.27268780 0.07944117 0.98039216 0.98823529 1.00000000
v -0.55337816 0.28250427 0.04610012 0.98039216 0.98823529 1.00000000
v -0.55841910 0.28817220 0.01143423 0.98039216 0.98823529 1.00000000
v -0.56204351 0.28998441 -0.03387096 0.98039216 0.98823529 1.00000000
v -0.56260509 0.28711774 -0.06923658 0.98039216 0.98823529 1.00000000
v -0.56089019 0.28002401 -0.10396406 0.98039216 0.98823529 1.00000000
v -0.55693076 0.26883536 -0.13740651 0.98039216 0.98823529 1.00000000
v -0.55080054 0.25376022 -0.16894094 0.98039216 0.98823529 1.00000000
v -0.54261375 0.23507940 -0.19797994 0.98039216 0.98823529 1.00000000
v -0.53252288 0.21314089 -0.22398256 0.98039216 0.98823529 1.00000000
v -0.52071590 0.18835337 -0.24646442 0.98039216 0.98823529 1.00000000
v -0.50741276 0.16117858 -0.26500673 0.98039216 0.98823529 1.00000000
v -0.49286127 0.13212273 -0.27926408 0.98039216 0.98823529 1.00000000
v -0.47733249 0.10172708 -0.28897088 0.98039216 0.98823529 1.00000000
v -0.42684144 0.08402212 0.23353477 0.98039216 0.98823529 1.00000000
v -0.43503628 0.11815090 0.22830683 0.98039216 0.98823529 1.00000000
v -0.44331616 0.15119272 0.21835990 0.98039216 0.98823529 1.00000000
v -0.45152685 0.18253209 0.20387926 0.98039216 0.98823529 1.00000000
v -0.45951539 0.21158520 0.18513467 0.98039216 0.98823529 1.00000000
v -0.46713298 0.23781086 0.16247529 0.98039216 0.98823529 1.00000000
v -0.47423771 0.26072053 0.13632323 0.98039216 0.98823529 1.00000000
v -0.48069723 0.27988744 0.10716566 0.98039216 0.98823529 1.00000000
v -0.48639122 0.29495455 0.07554572 0.98039216 0.98823529 1.00000000
v -0.49121361 0.30564120 0.04205243 0.98039216 0.98823529 1.00000000
v -0.49507456 0.31174830 0.00730972 0.98039216 0.98823529 1.00000000
v -0.49869898 0.31356051 -0.03799548 0.98039216 0.98823529 1.00000000
v -0.50044055 0.31025467 -0.07328427 0.98039216 0.98823529 1.00000000
v -0.50106364 0.30229076 -0.10785952 0.98039216 0.98823529 1.00000000
v -0.50055666 0.28981715 -0.14107717 0.98039216 0.98823529 1.00000000
v -0.49892904 0.27306619 -0.17231843 0.98039216 0.98823529 1.00000000
v -0.49621111 0.25234992 -0.20100133 0.98039216 0.98823529 1.00000000
v -0.49245349 0.22805425 -0.22659158 0.98039216 0.98823529 1.00000000
v -0.48772619 0.20063176 -0.24861247 0.98039216 0.98823529 1.00000000
v -0.48211726 0.17059327 -0.26665379 0.98039216 0.98823529 1.00000000
v -0.47573118 0.13849835 -0.28037947 0.98039216 0.98823529 1.00000000
v -0.46868692 0.10494486 -0.28953382 0.98039216 0.98823529 1.00000000
v -0.41766675 0.08488991 0.23283550 0.98039216 0.98823529 1.00000000
v -0.41685782 0.11987031 0.22692133 0.98039216 0.98823529 1.00000000
v -0.41647256 0.15373172 0.21631397 0.98039216 0.98823529 1.00000000
v -0.41651814 0.18584339 0.20121102 0.98039216 0.98823529 1.00000000
v -0.41699373 0.21560711 0.18189381 0.98039216 0.98823529 1.00000000
v -0.41789046 0.24246846 0.15872219 0.98039216 0.98823529 1.00000000
v -0.41919163 0.26592706 0.13212781 0.98039216 0.98823529 1.00000000
v -0.42087300 0.28554591 0.10260606 0.98039216 0.98823529 1.00000000
v -0.42290324 0.30095956 0.07070688 0.98039216 0.98823529 1.00000000
v -0.42524454 0.31188088 0.03702450 0.98039216 0.98823529 1.00000000
v -0.42785329 0.31810643 0.00218634 0.98039216 0.98823529 1.00000000
v -0.43147771 0.31991863 -0.04311886 0.98039216 0.98823529 1.00000000
v -0.43447148 0.31649435 -0.07831220 0.98039216 0.98823529 1.00000000
v -0.43757566 0.30829577 -0.11269836 0.98039216 0.98823529 1.00000000
v -0.44073242 0.29547563 -0.14563677 0.98039216 0.98823529 1.00000000
v -0.44388296 0.27827273 -0.17651385 0.98039216 0.98823529 1.00000000
v -0.44696859 0.25700753 -0.20475443 0.98039216 0.98823529 1.00000000
v -0.44993183 0.23207616 -0.22983244 0.98039216 0.98823529 1.00000000
v -0.45271748 0.20394306 -0.25128071 0.98039216 0.98823529 1.00000000
v -0.45527365 0.17313227 -0.26869972 0.98039216 0.98823529 1.00000000
v -0.45755272 0.14021776 -0.28176497 0.98039216 0.98823529 1.00000000
v -0.45951224 0.10581265 -0.29023308 0.98039216 0.98823529 1.00000000
v -0.40858819 0.08334856 0.23204757 0.98039216 0.98823529 1.00000000
v -0.39886981 0.11681633 0.22536013 0.98039216 0.98823529 1.00000000
v -0.38991019 0.14922201 0.21400859 0.98039216 0.98823529 1.00000000
v -0.38187622 0.17996193 0.19820441 0.98039216 0.98823529 1.00000000
v -0.37491757 0.20846349 0.17824197 0.98039216 0.98823529 1.00000000
v -0.36916386 0.23419574 0.15449316 0.98039216 0.98823529 1.00000000
v -0.36472227 0.25667934 0.12740035 0.98039216 0.98823529 1.00000000
v -0.36167554 0.27549546 0.09746825 0.98039216 0.98823529 1.00000000
v -0.36008042 0.29029360 0.06525442 0.98039216 0.98823529 1.00000000
v -0.35996664 0.30079810 0.03135895 0.98039216 0.98823529 1.00000000
v -0.36133630 0.30681327 -0.00358675 0.98039216 0.98823529 1.00000000
v -0.36496072 0.30862548 -0.04889194 0.98039216 0.98823529 1.00000000
v -0.36919357 0.30541157 -0.08397775 0.98039216 0.98823529 1.00000000
v -0.37475284 0.29762981 -0.11815082 0.98039216 0.98823529 1.00000000
v -0.38153496 0.28542517 -0.15077458 0.98039216 0.98823529 1.00000000
v -0.38941360 0.26902500 -0.18124131 0.98039216 0.98823529 1.00000000
v -0.39824199 0.24873480 -0.20898347 0.98039216 0.98823529 1.00000000
v -0.40785567 0.22493254 -0.23348427 0.98039216 0.98823529 1.00000000
v -0.41807556 0.19806160 -0.25428732 0.98039216 0.98823529 1.00000000
v -0.42871129 0.16862255 -0.27100509 0.98039216 0.98823529 1.00000000
v -0.43956472 0.13716378 -0.28332617 0.98039216 0.98823529 1.00000000
v -0.45043368 0.10427131 -0.29102102 0.98039216 0.98823529 1.00000000
v -0.40022445 0.07950313 0.23122465 0.98039216 0.98823529 1.00000000
v -0.38229812 0.10919709 0.22372963 0.98039216 0.98823529 1.00000000
v -0.36543925 0.13797090 0.21160087 0.98039216 0.98823529 1.00000000
v -0.34996188 0.16528854 0.19506432 0.98039216 0.98823529 1.00000000
v -0.33615433 0.19064115 0.17442802 0.98039216 0.98823529 1.00000000
v -0.32427381 0.21355645 0.15007638 0.98039216 0.98823529 1.00000000
v -0.31454162 0.23360757 0.12246303 0.98039216 0.98823529 1.00000000
v -0.30713907 0.25042100 0.09210235 0.98039216 0.98823529 1.00000000
v -0.30220404 0.26368354 0.05955991 0.98039216 0.98823529 1.00000000
v -0.29982847 0.27314813 0.02544190 0.98039216 0.98823529 1.00000000
v -0.30005661 0.27863846 -0.00961611 0.98039216 0.98823529 1.00000000
v -0.30368102 0.28045066 -0.05492131 0.98039216 0.98823529 1.00000000
v -0.30905541 0.27776159 -0.08989480 0.98039216 0.98823529 1.00000000
v -0.31687646 0.27101975 -0.12384533 0.98039216 0.98823529 1.00000000
v -0.32699850 0.26035072 -0.15614048 0.98039216 0.98823529 1.00000000
v -0.33923296 0.24595324 -0.18617863 0.98039216 0.98823529 1.00000000
v -0.35335194 0.22809552 -0.21340024 0.98039216 0.98823529 1.00000000
v -0.36909243 0.20711020 -0.23729823 0.98039216 0.98823529 1.00000000
v -0.38616122 0.18338821 -0.25742741 0.98039216 0.98823529 1.00000000
v -0.40424034 0.15737145 -0.27341281 0.98039216 0.98823529 1.00000000
v -0.42299302 0.12954455 -0.28495667 0.98039216 0.98823529 1.00000000
v -0.44206993 0.10042587 -0.29184394 0.98039216 0.98823529 1.00000000
v -0.39314549 0.07361566 0.23042283 0.98039216 0.98823529 1.00000000
v -0.36827207 0.09753183 0.22214093 0.98039216 0.98823529 1.00000000
v -0.34472738 0.12074515 0.20925489 0.98039216 0.98823529 1.00000000
v -0.32295002 0.14282318 0.19200476 0.98039216 0.98823529 1.00000000
v -0.30334566 0.16335467 0.17071187 0.98039216 0.98823529 1.00000000
v -0.28627949 0.18195714 0.14577286 0.98039216 0.98823529 1.00000000
v -0.27206942 0.19828407 0.11765231 0.98039216 0.98823529 1.00000000
v -0.26098016 0.21203132 0.08687405 0.98039216 0.98823529 1.00000000
v -0.25321828 0.22294280 0.05401141 0.98039216 0.98823529 1.00000000
v -0.24892836 0.23081526 0.01967658 0.98039216 0.98823529 1.00000000
v -0.24819033 0.23550204 -0.01549087 0.98039216 0.98823529 1.00000000
v -0.25181475 0.23731425 -0.06079607 0.98039216 0.98823529 1.00000000
v -0.25815530 0.23542873 -0.09566012 0.98039216 0.98823529 1.00000000
v -0.26789070 0.23027901 -0.12939382 0.98039216 0.98823529 1.00000000
v -0.28083959 0.22196103 -0.16136878 0.98039216 0.98823529 1.00000000
v -0.29676076 0.21062974 -0.19098935 0.98039216 0.98823529 1.00000000
v -0.31535762 0.19649621 -0.21770376 0.98039216 0.98823529 1.00000000
v -0.33628376 0.17982372 -0.24101438 0.98039216 0.98823529 1.00000000
v -0.35914936 0.16092285 -0.26048697 0.98039216 0.98823529 1.00000000
v -0.38352848 0.14014569 -0.27575879 0.98039216 0.98823529 1.00000000
v -0.40896697 0.11787929 -0.28654536 0.98039216 0.98823529 1.00000000
v -0.43499097 0.09453841 -0.29264575 0.98039216 0.98823529 1.00000000
v -0.38783373 0.06608739 0.22969676 0.98039216 0.98823529 1.00000000
v -0.35774751 0.08261552 0.22070232 0.98039216 0.98823529 1.00000000
v -0.32918607 0.09871866 0.20713053 0.98039216 0.98823529 1.00000000
v -0.30268147 0.11409683 0.18923422 0.98039216 0.98823529 1.00000000
v -0.27872742 0.12846356 0.16734676 0.98039216 0.98823529 1.00000000
v -0.25777016 0.14155125 0.14187588 0.98039216 0.98823529 1.00000000
v -0.24020008 0.15311607 0.11329605 0.98039216 0.98823529 1.00000000
v -0.22634446 0.16294261 0.08213965 0.98039216 0.98823529 1.00000000
v -0.21646143 0.17084781 0.04898707 0.98039216 0.98823529 1.00000000
v -0.21073507 0.17668441 0.01445588 0.98039216 0.98823529 1.00000000
v -0.20927206 0.18034370 -0.02081067 0.98039216 0.98823529 1.00000000
v -0.21289648 0.18215591 -0.06611586 0.98039216 0.98823529 1.00000000
v -0.21996201 0.18129788 -0.10088082 0.98039216 0.98823529 1.00000000
v -0.23113385 0.17818402 -0.13441817 0.98039216 0.98823529 1.00000000
v -0.24620389 0.17287232 -0.16610318 0.98039216 0.98823529 1.00000000
v -0.26489141 0.16546174 -0.19534561 0.98039216 0.98823529 1.00000000
v -0.28684829 0.15609031 -0.22160074 0.98039216 0.98823529 1.00000000
v -0.31166552 0.14493261 -0.24437948 0.98039216 0.98823529 1.00000000
v -0.33888080 0.13219650 -0.26325751 0.98039216 0.98823529 1.00000000
v -0.36798717 0.11811920 -0.27788316 0.98039216 0.98823529 1.00000000
v -0.39844241 0.10296297 -0.28798398 0.98039216 0.98823529 1.00000000
v -0.42967922 0.08701013 -0.29337182 0.98039216 0.98823529 1.00000000
v -0.38465117 0.05743134 0.22909591 0.98039216 0.98823529 1.00000000
v -0.35144168 0.06546467 0.21951181 0.98039216 0.98823529 1.00000000
v -0.31987443 0.07339249 0.20537255 0.98039216 0.98823529 1.00000000
v -0.29053748 0.08106713 0.18694151 0.98039216 0.98823529 1.00000000
v -0.26397731 0.08834561 0.16456204 0.98039216 0.98823529 1.00000000
v -0.24068868 0.09509236 0.13865101 0.98039216 0.98823529 1.00000000
v -0.22110543 0.10118170 0.10969110 0.98039216 0.98823529 1.00000000
v -0.20559234 0.10650018 0.07822178 0.98039216 0.98823529 1.00000000
v -0.19443841 0.11094874 0.04482926 0.98039216 0.98823529 1.00000000
v -0.18785140 0.11444452 0.01013559 0.98039216 0.98823529 1.00000000
v -0.18595403 0.11692238 -0.02521296 0.98039216 0.98823529 1.00000000
v -0.18957844 0.11873459 -0.07051816 0.98039216 0.98823529 1.00000000
v -0.19707834 0.11905799 -0.10520111 0.98039216 0.98823529 1.00000000
v -0.20911083 0.11828495 -0.13857598 0.98039216 0.98823529 1.00000000
v -0.22545177 0.11642989 -0.17002105 0.98039216 0.98823529 1.00000000
v -0.24579676 0.11352736 -0.19895056 0.98039216 0.98823529 1.00000000
v -0.26976681 0.10963143 -0.22482562 0.98039216 0.98823529 1.00000000
v -0.29691540 0.10481466 -0.24716421 0.98039216 0.98823529 1.00000000
v -0.32673682 0.09916680 -0.26555021 0.98039216 0.98823529 1.00000000
v -0.35867553 0.09279304 -0.27964113 0.98039216 0.98823529 1.00000000
v -0.39213658 0.08581212 -0.28917448 0.98039216 0.98823529 1.00000000
v -0.42649666 0.07835408 -0.29397267 0.98039216 0.98823529 1.00000000
v -0.38381470 0.04823742 0.22866124 0.98039216 0.98823529 1.00000000
v -0.34978430 0.04724809 0.21865056 0.98039216 0.98823529 1.00000000
v -0.31742704 0.04649260 0.20410076 0.98039216 0.98823529 1.00000000
v -0.28734565 0.04598501 0.18528288 0.98039216 0.98823529 1.00000000
v -0.26010050 0.04573479 0.16254746 0.98039216 0.98823529 1.00000000
v -0.23619912 0.04574659 0.13631801 0.98039216 0.98823529 1.00000000
v -0.21608675 0.04602019 0.10708314 0.98039216 0.98823529 1.00000000
v -0.20013803 0.04655050 0.07538745 0.98039216 0.98823529 1.00000000
v -0.18865006 0.04732763 0.04182135 0.98039216 0.98823529 1.00000000
v -0.18183685 0.04833712 0.00701013 0.98039216 0.98823529 1.00000000
v -0.17982530 0.04956015 -0.02839775 0.98039216 0.98823529 1.00000000
v -0.18344972 0.05137236 -0.07370295 0.98039216 0.98823529 1.00000000
v -0.19106378 0.05295059 -0.10832657 0.98039216 0.98823529 1.00000000
v -0.20332248 0.05466384 -0.14158389 0.98039216 0.98823529 1.00000000
v -0.21999745 0.05648021 -0.17285538 0.98039216 0.98823529 1.00000000
v -0.24077808 0.05836585 -0.20155852 0.98039216 0.98823529 1.00000000
v -0.26527725 0.06028565 -0.22715861 0.98039216 0.98823529 1.00000000
v -0.29303860 0.06220384 -0.24917879 0.98039216 0.98823529 1.00000000
v -0.32354499 0.06408468 -0.26720885 0.98039216 0.98823529 1.00000000
v -0.35622813 0.06589315 -0.28091292 0.98039216 0.98823529 1.00000000
v -0.39047921 0.06759554 -0.29003574 0.98039216 0.98823529 1.00000000
v -0.42566018 0.06916016 -0.29440735 0.98039216 0.98823529 1.00000000
v -0.38538130 0.03913217 0.22842236 0.98039216 0.98823529 1.00000000
v -0.35288834 0.02920721 0.21817725 0.98039216 0.98823529 1.00000000
v -0.32201067 0.01985215 0.20340184 0.98039216 0.98823529 1.00000000
v -0.29332350 0.01124126 0.18437136 0.98039216 0.98823529 1.00000000
v -0.26736122 0.00353494 0.16144032 0.98039216 0.98823529 1.00000000
v -0.24460745 -0.00312325 0.13503588 0.98039216 0.98823529 1.00000000
v -0.22548605 -0.00860929 0.10564991 0.98039216 0.98823529 1.00000000
v -0.21035321 -0.01282097 0.07382980 0.98039216 0.98823529 1.00000000
v -0.19949084 -0.01567985 0.04016831 0.98039216 0.98823529 1.00000000
v -0.19310128 -0.01713267 0.00529249 0.98039216 0.98823529 1.00000000
v -0.19130356 -0.01715237 -0.03014799 0.98039216 0.98823529 1.00000000
v -0.19492797 -0.01534016 -0.07545319 0.98039216 0.98823529 1.00000000
v -0.20232822 -0.01251921 -0.11004421 0.98039216 0.98823529 1.00000000
v -0.21416326 -0.00834365 -0.14323693 0.98039216 0.98823529 1.00000000
v -0.23021264 -0.00289126 -0.17441302 0.98039216 0.98823529 1.00000000
v -0.25017738 0.00373638 -0.20299175 0.98039216 0.98823529 1.00000000
v -0.27368558 0.01141581 -0.22844074 0.98039216 0.98823529 1.00000000
v -0.30029932 0.02000399 -0.25028592 0.98039216 0.98823529 1.00000000
v -0.32952284 0.02934093 -0.26812037 0.98039216 0.98823529 1.00000000
v -0.36081177 0.03925270 -0.28161185 0.98039216 0.98823529 1.00000000
v -0.39358324 0.04955466 -0.29050905 0.98039216 0.98823529 1.00000000
v -0.42722679 0.06005491 -0.29464623 0.98039216 0.98823529 1.00000000
v -0.38924424 0.03073611 0.22839555 0.98039216 0.98823529 1.00000000
v -0.36054224 0.01257149 0.21812413 0.98039216 0.98823529 1.00000000
v -0.33331297 -0.00471334 0.20332340 0.98039216 0.98823529 1.00000000
v -0.30806365 -0.02079639 0.18426907 0.98039216 0.98823529 1.00000000
v -0.28526464 -0.03537807 0.16131608 0.98039216 0.98823529 1.00000000
v -0.26534063 -0.04818675 0.13489200 0.98039216 0.98823529 1.00000000
v -0.24866278 -0.05898382 0.10548907 0.98039216 0.98823529 1.00000000
v -0.23554175 -0.06756816 0.07365500 0.98039216 0.98823529 1.00000000
v -0.22622198 -0.07377986 0.03998280 0.98039216 0.98823529 1.00000000
v -0.22087706 -0.07750320 0.00509973 0.98039216 0.98823529 1.00000000
v -0.21960656 -0.07866883 -0.03034441 0.98039216 0.98823529 1.00000000
v -0.22323098 -0.07685662 -0.07564960 0.98039216 0.98823529 1.00000000
v -0.23010399 -0.07288973 -0.11023697 0.98039216 0.98823529 1.00000000
v -0.24089440 -0.06644365 -0.14342243 0.98039216 0.98823529 1.00000000
v -0.25540118 -0.05763845 -0.17458783 0.98039216 0.98823529 1.00000000
v -0.27335411 -0.04663816 -0.20315259 0.98039216 0.98823529 1.00000000
v -0.29441876 -0.03364768 -0.22858462 0.98039216 0.98823529 1.00000000
v -0.31820274 -0.01890902 -0.25041017 0.98039216 0.98823529 1.00000000
v -0.34426299 -0.00269673 -0.26822266 0.98039216 0.98823529 1.00000000
v -0.37211406 0.01468720 -0.28169028 0.98039216 0.98823529 1.00000000
v -0.40123714 0.03291894 -0.29056217 0.98039216 0.98823529 1.00000000
v -0.43108972 0.05165885 -0.29467304 0.98039216 0.98823529 1.00000000
v -0.39514024 0.02362140 0.22858264 0.98039216 0.98823529 1.00000000
v -0.37222441 -0.00152539 0.21849483 0.98039216 0.98823529 1.00000000
v -0.35056369 -0.02552979 0.20387080 0.98039216 0.98823529 1.00000000
v -0.33056158 -0.04794464 0.18498297 0.98039216 0.98823529 1.00000000
v -0.31259068 -0.06835240 0.16218319 0.98039216 0.98823529 1.00000000
v -0.29698576 -0.08637291 0.13589616 0.98039216 0.98823529 1.00000000
v -0.28403749 -0.10167047 0.10661158 0.98039216 0.98823529 1.00000000
v -0.27398709 -0.11396014 0.07487495 0.98039216 0.98823529 1.00000000
v -0.26702178 -0.12301296 0.04127746 0.98039216 0.98823529 1.00000000
v -0.26327130 -0.12866032 0.00644499 0.98039216 0.98823529 1.00000000
v -0.26280552 -0.13079699 -0.02897362 0.98039216 0.98823529 1.00000000
v -0.26642993 -0.12898479 -0.07427882 0.98039216 0.98823529 1.00000000
v -0.27249823 -0.12404685 -0.10889171 0.98039216 0.98823529 1.00000000
v -0.28169420 -0.11567675 -0.14212777 0.98039216 0.98823529 1.00000000
v -0.29384652 -0.10403042 -0.17336788 0.98039216 0.98823529 1.00000000
v -0.30872883 -0.08932481 -0.20203008 0.98039216 0.98823529 1.00000000
v -0.32606389 -0.07183384 -0.22758046 0.98039216 0.98823529 1.00000000
v -0.34552878 -0.05188335 -0.24954306 0.98039216 0.98823529 1.00000000
v -0.36676092 -0.02984497 -0.26750876 0.98039216 0.98823529 1.00000000
v -0.38936479 -0.00612924 -0.28114288 0.98039216 0.98823529 1.00000000
v -0.41291931 0.01882206 -0.29019147 0.98039216 0.98823529 1.00000000
v -0.43698572 0.04454415 -0.29448594 0.98039216 0.98823529 1.00000000
v -0.40266751 0.01827292 0.22897088 0.98039216 0.98823529 1.00000000
v -0.38713873 -0.01212273 0.21926408 0.98039216 0.98823529 1.00000000
v -0.37258724 -0.04117858 0.20500673 0.98039216 0.98823529 1.00000000
v -0.35928410 -0.06835337 0.18646442 0.98039216 0.98823529 1.00000000
v -0.34747712 -0.09314089 0.16398256 0.98039216 0.98823529 1.00000000
v -0.33738625 -0.11507940 0.13797994 0.98039216 0.98823529 1.00000000
v -0.32919946 -0.13376022 0.10894094 0.98039216 0.98823529 1.00000000
v -0.32306924 -0.14883536 0.07740651 0.98039216 0.98823529 1.00000000
v -0.31910981 -0.16002401 0.04396406 0.98039216 0.98823529 1.00000000
v -0.31739491 -0.16711774 0.00923658 0.98039216 0.98823529 1.00000000
v -0.31795649 -0.16998441 -0.02612904 0.98039216 0.98823529 1.00000000
v -0.32158090 -0.16817220 -0.07143423 0.98039216 0.98823529 1.00000000
v -0.32662184 -0.16250427 -0.10610012 0.98039216 0.98823529 1.00000000
v -0.33378223 -0.15268780 -0.13944117 0.98039216 0.98823529 1.00000000
v -0.34292867 -0.13890565 -0.17083632 0.98039216 0.98823529 1.00000000
v -0.35389079 -0.12141455 -0.19970072 0.98039216 0.98823529 1.00000000
v -0.36646438 -0.10054033 -0.22549668 0.98039216 0.98823529 1.00000000
v -0.38041522 -0.07667184 -0.24774368 0.98039216 0.98823529 1.00000000
v -0.39548344 -0.05025370 -0.26602730 0.98039216 0.98823529 1.00000000
v -0.41138834 -0.02177803 -0.28000695 0.98039216 0.98823529 1.00000000
v -0.42783364 0.00822472 -0.28942221 0.98039216 0.98823529 1.00000000
v -0.44451299 0.03919566 -0.29409770 0.98039216 0.98823529 1.00000000
v -0.41131308 0.01505514 0.22953382 0.98039216 0.98823529 1.00000000
v -0.40426882 -0.01849835 0.22037947 0.98039216 0.98823529 1.00000000
v -0.39788274 -0.05059327 0.20665379 0.98039216 0.98823529 1.00000000
v -0.39227381 -0.08063176 0.18861247 0.98039216 0.98823529 1.00000000
v -0.38754651 -0.10805425 0.16659158 0.98039216 0.98823529 1.00000000
v -0.38378889 -0.13234992 0.14100133 0.98039216 0.98823529 1.00000000
v -0.38107096 -0.15306619 0.11231843 0.98039216 0.98823529 1.00000000
v -0.37944334 -0.16981715 0.08107717 0.98039216 0.98823529 1.00000000
v -0.37893636 -0.18229076 0.04785952 0.98039216 0.98823529 1.00000000
v -0.37955945 -0.19025467 0.01328427 0.98039216 0.98823529 1.00000000
v -0.38130102 -0.19356051 -0.02200452 0.98039216 0.98823529 1.00000000
v -0.38492544 -0.19174830 -0.06730972 0.98039216 0.98823529 1.00000000
v -0.38878639 -0.18564120 -0.10205243 0.98039216 0.98823529 1.00000000
v -0.39360878 -0.17495455 -0.13554572 0.98039216 0.98823529 1.00000000
v -0.39930277 -0.15988744 -0.16716566 0.98039216 0.98823529 1.00000000
v -0.40576229 -0.14072053 -0.19632323 0.98039216 0.98823529 1.00000000
v -0.41286702 -0.11781086 -0.22247529 0.98039216 0.98823529 1.00000000
v -0.42048461 -0.09158520 -0.24513467 0.98039216 0.98823529 1.00000000
v -0.42847315 -0.06253209 -0.26387926 0.98039216 0.98823529 1.00000000
v -0.43668384 -0.03119272 -0.27835990 0.98039216 0.98823529 1.00000000
v -0.44496372 0.00184910 -0.28830683 0.98039216 0.98823529 1.00000000
v -0.45315856 0.03597788 -0.29353477 0.98039216 0.98823529 1.00000000
v -0.42048776 0.01418735 0.23023308 0.98039216 0.98823529 1.00000000
v -0.42244728 -0.02021776 0.22176497 0.98039216 0.98823529 1.00000000
v -0.42472635 -0.05313227 0.20869972 0.98039216 0.98823529 1.00000000
v -0.42728252 -0.08394306 0.19128071 0.98039216 0.98823529 1.00000000
v -0.43006817 -0.11207616 0.16983244 0.98039216 0.98823529 1.00000000
v -0.43303141 -0.13700753 0.14475443 0.98039216 0.98823529 1.00000000
v -0.43611704 -0.15827273 0.11651385 0.98039216 0.98823529 1.00000000
v -0.43926758 -0.17547563 0.08563677 0.98039216 0.98823529 1.00000000
v -0.44242434 -0.18829577 0.05269836 0.98039216 0.98823529 1.00000000
v -0.44552852 -0.19649435 0.01831220 0.98039216 0.98823529 1.00000000
v -0.44852229 -0.19991863 -0.01688114 0.98039216 0.98823529 1.00000000
v -0.45214671 -0.19810643 -0.06218634 0.98039216 0.98823529 1.00000000
v -0.45475546 -0.19188088 -0.09702450 0.98039216 0.98823529 1.00000000
v -0.45709676 -0.18095956 -0.13070688 0.98039216 0.98823529 1.00000000
v -0.45912700 -0.16554591 -0.16260606 0.98039216 0.98823529 1.00000000
v -0.46080837 -0.14592706 -0.19212781 0.98039216 0.98823529 1.00000000
v -0.46210954 -0.12246846 -0.21872219 0.98039216 0.98823529 1.00000000
v -0.46300627 -0.09560711 -0.24189381 0.98039216 0.98823529 1.00000000
v -0.46348186 -0.06584339 -0.26121102 0.98039216 0.98823529 1.00000000
v -0.46352744 -0.03373172 -0.27631397 0.98039216 0.98823529 1.00000000
v -0.46314218 0.00012969 -0.28692133 0.98039216 0.98823529 1.00000000
v -0.46233325 0.03511009 -0.29283550 0.98039216 0.98823529 1.00000000
v -0.42956632 0.01572869 0.23102102 0.98039216 0.98823529 1.00000000
v -0.44043528 -0.01716378 0.22332617 0.98039216 0.98823529 1.00000000
v -0.45128871 -0.04862255 0.21100509 0.98039216 0.98823529 1.00000000
v -0.46192444 -0.07806160 0.19428732 0.98039216 0.98823529 1.00000000
v -0.47214433 -0.10493254 0.17348427 0.98039216 0.98823529 1.00000000
v -0.48175801 -0.12873480 0.14898347 0.98039216 0.98823529 1.00000000
v -0.49058640 -0.14902500 0.12124131 0.98039216 0.98823529 1.00000000
v -0.49846504 -0.16542517 0.09077458 0.98039216 0.98823529 1.00000000
v -0.50524716 -0.17762981 0.05815082 0.98039216 0.98823529 1.00000000
v -0.51080643 -0.18541157 0.02397775 0.98039216 0.98823529 1.00000000
v -0.51503928 -0.18862548 -0.01110806 0.98039216 0.98823529 1.00000000
v -0.51866370 -0.18681327 -0.05641325 0.98039216 0.98823529 1.00000000
v -0.52003336 -0.18079810 -0.09135895 0.98039216 0.98823529 1.00000000
v -0.51991958 -0.17029360 -0.12525442 0.98039216 0.98823529 1.00000000
v -0.51832446 -0.15549546 -0.15746825 0.98039216 0.98823529 1.00000000
v -0.51527773 -0.13667934 -0.18740035 0.98039216 0.98823529 1.00000000
v -0.51083614 -0.11419574 -0.21449316 0.98039216 0.98823529 1.00000000
v -0.50508243 -0.08846349 -0.23824197 0.98039216 0.98823529 1.00000000
v -0.49812378 -0.05996193 -0.25820441 0.98039216 0.98823529 1.00000000
v -0.49008981 -0.02922201 -0.27400859 0.98039216 0.98823529 1.00000000
v -0.48113019 0.00318367 -0.28536013 0.98039216 0.98823529 1.00000000
v -0.47141181 0.03665144 -0.29204757 0.98039216 0.98823529 1.00000000
v -0.43793007 0.01957413 0.23184394 0.98039216 0.98823529 1.00000000
v -0.45700698 -0.00954455 0.22495667 0.98039216 0.98823529 1.00000000
v -0.47575966 -0.03737145 0.21341281 0.98039216 0.98823529 1.00000000
v -0.49383878 -0.06338821 0.19742741 0.98039216 0.98823529 1.00000000
v -0.51090757 -0.08711020 0.17729823 0.98039216 0.98823529 1.00000000
v -0.52664806 -0.10809552 0.15340024 0.98039216 0.98823529 1.00000000
v -0.54076704 -0.12595324 0.12617863 0.98039216 0.98823529 1.00000000
v -0.55300150 -0.14035072 0.09614048 0.98039216 0.98823529 1.00000000
v -0.56312354 -0.15101975 0.06384533 0.98039216 0.98823529 1.00000000
v -0.57094459 -0.15776159 0.02989480 0.98039216 0.98823529 1.00000000
v -0.57631898 -0.16045066 -0.00507869 0.98039216 0.98823529 1.00000000
v -0.57994339 -0.15863846 -0.05038389 0.98039216 0.98823529 1.00000000
v -0.58017153 -0.15314813 -0.08544190 0.98039216 0.98823529 1.00000000
v -0.57779596 -0.14368354 -0.11955991 0.98039216 0.98823529 1.00000000
v -0.57286093 -0.13042100 -0.15210235 0.98039216 0.98823529 1.00000000
v -0.56545838 -0.11360757 -0.18246303 0.98039216 0.98823529 1.00000000
v -0.55572619 -0.09355645 -0.21007638 0.98039216 0.98823529 1.00000000
v -0.54384567 -0.07064115 -0.23442802 0.98039216 0.98823529 1.00000000
v -0.53003812 -0.04528854 -0.25506432 0.98039216 0.98823529 1.00000000
v -0.51456075 -0.01797090 -0.27160087 0.98039216 0.98823529 1.00000000
v -0.49770188 0.01080291 -0.28372963 0.98039216 0.98823529 1.00000000
v -0.47977555 0.04049687 -0.29122465 0.98039216 0.98823529 1.00000000
v -0.44500903 0.02546159 0.23264575 0.98039216 0.98823529 1.00000000
v -0.47103303 0.00212071 0.22654536 0.98039216 0.98823529 1.00000000
v -0.49647152 -0.02014569 0.21575879 0.98039216 0.98823529 1.00000000
v -0.52085064 -0.04092285 0.20048697 0.98039216 0.98823529 1.00000000
v -0.54371624 -0.05982372 0.18101438 0.98039216 0.98823529 1.00000000
v -0.56464238 -0.07649621 0.15770376 0.98039216 0.98823529 1.00000000
v -0.58323924 -0.09062974 0.13098935 0.98039216 0.98823529 1.00000000
v -0.59916041 -0.10196103 0.10136878 0.98039216 0.98823529 1.00000000
v -0.61210930 -0.11027901 0.06939382 0.98039216 0.98823529 1.00000000
v -0.62184470 -0.11542873 0.03566012 0.98039216 0.98823529 1.00000000
v -0.62818525 -0.11731425 0.00079607 0.98039216 0.98823529 1.00000000
v -0.63180967 -0.11550204 -0.04450913 0.98039216 0.98823529 1.00000000
v -0.63107164 -0.11081526 -0.07967658 0.98039216 0.98823529 1.00000000
v -0.62678172 -0.10294280 -0.11401141 0.98039216 0.98823529 1.00000000
v -0.61901984 -0.09203132 -0.14687405 0.98039216 0.98823529 1.00000000
v -0.60793058 -0.07828407 -0.17765231 0.98039216 0.98823529 1.00000000
v -0.59372051 -0.06195714 -0.20577286 0.98039216 0.98823529 1.00000000
v -0.57665434 -0.04335467 -0.23071187 0.98039216 0.98823529 1.00000000
v -0.55704998 -0.02282318 -0.25200476 0.98039216 0.98823529 1.00000000
v -0.53527262 -0.00074515 -0.26925489 0.98039216 0.98823529 1.00000000
v -0.51172793 0.02246817 -0.28214093 0.98039216 0.98823529 1.00000000
v -0.48685451 0.04638434 -0.29042283 0.98039216 0.98823529 1.00000000
v -0.45032078 0.03298987 0.23337182 0.98039216 0.98823529 1.00000000
v -0.48155759 0.01703703 0.22798398 0.98039216 0.98823529 1.00000000
v -0.51201283 0.00188080 0.21788316 0.98039216 0.98823529 1.00000000
v -0.54111920 -0.01219650 0.20325751 0.98039216 0.98823529 1.00000000
v -0.56833448 -0.02493261 0.18437948 0.98039216 0.98823529 1.00000000
v -0.59315171 -0.03609031 0.16160074 0.98039216 0.98823529 1.00000000
v -0.61510859 -0.04546174 0.13534561 0.98039216 0.98823529 1.00000000
v -0.63379611 -0.05287232 0.10610318 0.98039216 0.98823529 1.00000000
v -0.64886615 -0.05818402 0.07441817 0.98039216 0.98823529 1.00000000
v -0.66003799 -0.06129788 0.04088082 0.98039216 0.98823529 1.00000000
v -0.66710352 -0.06215591 0.00611586 0.98039216 0.98823529 1.00000000
v -0.67072794 -0.06034370 -0.03918933 0.98039216 0.98823529 1.00000000
v -0.66926493 -0.05668441 -0.07445588 0.98039216 0.98823529 1.00000000
v -0.66353857 -0.05084781 -0.10898707 0.98039216 0.98823529 1.00000000
v -0.65365554 -0.04294261 -0.14213965 0.98039216 0.98823529 1.00000000
v -0.63979992 -0.03311607 -0.17329605 0.98039216 0.98823529 1.00000000
v -0.62222984 -0.02155125 -0.20187588 0.98039216 0.98823529 1.00000000
v -0.60127258 -0.00846356 -0.22734676 0.98039216 0.98823529 1.00000000
v -0.57731853 0.00590317 -0.24923422 0.98039216 0.98823529 1.00000000
v -0.55081393 0.02128134 -0.26713053 0.98039216 0.98823529 1.00000000
v -0.52225249 0.03738448 -0.28070232 0.98039216 0.98823529 1.00000000
v -0.49216627 0.05391261 -0.28969676 0.98039216 0.98823529 1.00000000
v -0.45350334 0.04164592 0.23397267 0.98039216 0.98823529 1.00000000
v -0.48786342 0.03418788 0.22917448 0.98039216 0.98823529 1.00000000
v -0.52132447 0.02720696 0.21964113 0.98039216 0.98823529 1.00000000
v -0.55326318 0.02083320 0.20555021 0.98039216 0.98823529 1.00000000
v -0.58308460 0.01518534 0.18716421 0.98039216 0.98823529 1.00000000
v -0.61023319 0.01036857 0.16482562 0.98039216 0.98823529 1.00000000
v -0.63420324 0.00647264 0.13895056 0.98039216 0.98823529 1.00000000
v -0.65454823 0.00357011 0.11002105 0.98039216 0.98823529 1.00000000
v -0.67088917 0.00171505 0.07857598 0.98039216 0.98823529 1.00000000
v -0.68292166 0.00094201 0.04520111 0.98039216 0.98823529 1.00000000
v -0.69042156 0.00126541 0.01051816 0.98039216 0.98823529 1.00000000
v -0.69404597 0.00307762 -0.03478704 0.98039216 0.98823529 1.00000000
v -0.69214860 0.00555548 -0.07013559 0.98039216 0.98823529 1.00000000
v -0.68556159 0.00905126 -0.10482926 0.98039216 0.98823529 1.00000000
v -0.67440766 0.01349982 -0.13822178 0.98039216 0.98823529 1.00000000
v -0.65889457 0.01881830 -0.16969110 0.98039216 0.98823529 1.00000000
v -0.63931132 0.02490764 -0.19865101 0.98039216 0.98823529 1.00000000
v -0.61602269 0.03165439 -0.22456204 0.98039216 0.98823529 1.00000000
v -0.58946252 0.03893287 -0.24694151 0.98039216 0.98823529 1.00000000
v -0.56012557 0.04660751 -0.26537255 0.98039216 0.98823529 1.00000000
v -0.52855832 0.05453533 -0.27951181 0.98039216 0.98823529 1.00000000
v -0.49534883 0.06256866 -0.28909591 0.98039216 0.98823529 1.00000000
v 0.55466239 0.01902952 0.24280617 0.98039216 0.98823529 1.00000000
v 0.52077152 0.01796837 0.23233988 0.98039216 0.98823529 1.00000000
v 0.48861474 0.01712749 0.21735673 0.98039216 0.98823529 1.00000000
v 0.45879108 0.01652255 0.19813583 0.98039216 0.98823529 1.00000000
v 0.43185608 0.01616481 0.17503522 0.98039216 0.98823529 1.00000000
v 0.40831151 0.01606093 0.14848522 0.98039216 0.98823529 1.00000000
v 0.38859594 0.01621286 0.11898042 0.98039216 0.98823529 1.00000000
v 0.37307664 0.01661776 0.08707043 0.98039216 0.98823529 1.00000000
v 0.36204271 0.01726809 0.05334967 0.98039216 0.98823529 1.00000000
v 0.35569969 0.01815174 0.01844630 0.98039216 0.98823529 1.00000000
v 0.35416574 0.01925224 -0.01698950 0.98039216 0.98823529 1.00000000
v 0.35746942 0.02054910 -0.05229763 0.98039216 0.98823529 1.00000000
v 0.36782610 0.02243213 -0.09654890 0.98039216 0.98823529 1.00000000
v 0.38053148 0.02404601 -0.12964314 0.98039216 0.98823529 1.00000000
v 0.39762577 0.02577466 -0.16069241 0.98039216 0.98823529 1.00000000
v 0.41879054 0.02758588 -0.18911832 0.98039216 0.98823529 1.00000000
v 0.44363152 0.02944592 -0.21439134 0.98039216 0.98823529 1.00000000
v 0.47168599 0.03132014 -0.23604069 0.98039216 0.98823529 1.00000000
v 0.50243132 0.03317363 -0.25366309 0.98039216 0.98823529 1.00000000
v 0.53529481 0.03497185 -0.26693026 0.98039216 0.98823529 1.00000000
v 0.56966426 0.03668131 -0.27559505 0.98039216 0.98823529 1.00000000
v 0.60489944 0.03827017 -0.27949606 0.98039216 0.98823529 1.00000000
v 0.64034398 0.03970882 -0.27856063 0.98039216 0.98823529 1.00000000
v 0.67533761 0.04097048 -0.27280617 0.98039216 0.98823529 1.00000000
v 0.52156578 0.02715821 0.23291683 0.98039216 0.98823529 1.00000000
v 0.49018847 0.03533598 0.21849988 0.98039216 0.98823529 1.00000000
v 0.46111495 0.04341050 0.19982388 0.98039216 0.98823529 1.00000000
v 0.43488681 0.05123134 0.17723673 0.98039216 0.98823529 1.00000000
v 0.41199264 0.05865283 0.15115919 0.98039216 0.98823529 1.00000000
v 0.39285890 0.06553672 0.12207702 0.98039216 0.98823529 1.00000000
v 0.37784202 0.07175477 0.09053199 0.98039216 0.98823529 1.00000000
v 0.36722174 0.07719115 0.05711170 0.98039216 0.98823529 1.00000000
v 0.36119589 0.08174459 0.02243872 0.98039216 0.98823529 1.00000000
v 0.35987673 0.08533027 -0.01284106 0.98039216 0.98823529 1.00000000
v 0.36328882 0.08788140 -0.04807044 0.98039216 0.98823529 1.00000000
v 0.37364550 0.08976444 -0.09232171 0.98039216 0.98823529 1.00000000
v 0.38624247 0.09012405 -0.12549469 0.98039216 0.98823529 1.00000000
v 0.40312197 0.08936751 -0.15669998 0.98039216 0.98823529 1.00000000
v 0.42396956 0.08750893 -0.18535629 0.98039216 0.98823529 1.00000000
v 0.44839690 0.08458293 -0.21092978 0.98039216 0.98823529 1.00000000
v 0.47594895 0.08064400 -0.23294409 0.98039216 0.98823529 1.00000000
v 0.50611245 0.07576553 -0.25098913 0.98039216 0.98823529 1.00000000
v 0.53832554 0.07003838 -0.26472874 0.98039216 0.98823529 1.00000000
v 0.57198813 0.06356926 -0.27390700 0.98039216 0.98823529 1.00000000
v 0.60647316 0.05647865 -0.27835292 0.98039216 0.98823529 1.00000000
v 0.64113824 0.04889866 -0.27798368 0.98039216 0.98823529 1.00000000
v 0.52465309 0.03580093 0.23400717 0.98039216 0.98823529 1.00000000
v 0.49630558 0.05246041 0.22066024 0.98039216 0.98823529 1.00000000
v 0.47014792 0.06869765 0.20301403 0.98039216 0.98823529 1.00000000
v 0.44666737 0.08421016 0.18139723 0.98039216 0.98823529 1.00000000
v 0.42630133 0.09870899 0.15621255 0.98039216 0.98823529 1.00000000
v 0.40942918 0.11192404 0.12792910 0.98039216 0.98823529 1.00000000
v 0.39636522 0.12360915 0.09707377 0.98039216 0.98823529 1.00000000
v 0.38735281 0.13354663 0.06422133 0.98039216 0.98823529 1.00000000
v 0.38255982 0.14155139 0.02998376 0.98039216 0.98823529 1.00000000
v 0.38207555 0.14747430 -0.00500116 0.98039216 0.98823529 1.00000000
v 0.38590902 0.15120503 -0.04008173 0.98039216 0.98823529 1.00000000
v 0.39626570 0.15308806 -0.08433299 0.98039216 0.98823529 1.00000000
v 0.40844130 0.15226807 -0.11765480 0.98039216 0.98823529 1.00000000
v 0.42448590 0.14917431 -0.14915494 0.98039216 0.98823529 1.00000000
v 0.44410063 0.14386442 -0.17824665 0.98039216 0.98823529 1.00000000
v 0.46692010 0.13643731 -0.20438800 0.98039216 0.98823529 1.00000000
v 0.49251923 0.12703132 -0.22709201 0.98039216 0.98823529 1.00000000
v 0.52042115 0.11582168 -0.24593577 0.98039216 0.98823529 1.00000000
v 0.55010610 0.10301720 -0.26056824 0.98039216 0.98823529 1.00000000
v 0.58102110 0.08885641 -0.27071685 0.98039216 0.98823529 1.00000000
v 0.61259028 0.07360308 -0.27619255 0.98039216 0.98823529 1.00000000
v 0.64422555 0.05754137 -0.27689334 0.98039216 0.98823529 1.00000000
v 0.52982307 0.04330753 0.23553659 0.98039216 0.98823529 1.00000000
v 0.50654922 0.06733378 0.22369060 0.98039216 0.98823529 1.00000000
v 0.48527441 0.09066072 0.20748887 0.98039216 0.98823529 1.00000000
v 0.46639492 0.11285381 0.18723320 0.98039216 0.98823529 1.00000000
v 0.45026247 0.13349964 0.16330093 0.98039216 0.98823529 1.00000000
v 0.43717755 0.15221360 0.13613785 0.98039216 0.98823529 1.00000000
v 0.42738393 0.16864711 0.10624998 0.98039216 0.98823529 1.00000000
v 0.42106402 0.18249402 0.07419406 0.98039216 0.98823529 1.00000000
v 0.41833557 0.19349640 0.04056724 0.98039216 0.98823529 1.00000000
v 0.41924941 0.20144930 0.00599591 0.98039216 0.98823529 1.00000000
v 0.42378849 0.20620456 -0.02887591 0.98039216 0.98823529 1.00000000
v 0.43414517 0.20808760 -0.07312718 0.98039216 0.98823529 1.00000000
v 0.44561515 0.20624307 -0.10665772 0.98039216 0.98823529 1.00000000
v 0.46026166 0.20111932 -0.13857147 0.98039216 0.98823529 1.00000000
v 0.47781185 0.19281181 -0.16827393 0.98039216 0.98823529 1.00000000
v 0.49793881 0.18147527 -0.19521179 0.98039216 0.98823529 1.00000000
v 0.52026760 0.16732089 -0.21888326 0.98039216 0.98823529 1.00000000
v 0.54438229 0.15061233 -0.23884739 0.98039216 0.98823529 1.00000000
v 0.56983365 0.13166085 -0.25473227 0.98039216 0.98823529 1.00000000
v 0.59614759 0.11081948 -0.26624201 0.98039216 0.98823529 1.00000000
v 0.62283392 0.08847645 -0.27316219 0.98039216 0.98823529 1.00000000
v 0.64939553 0.06504798 -0.27536392 0.98039216 0.98823529 1.00000000
v 0.53672337 0.04916646 0.23740087 0.98039216 0.98823529 1.00000000
v 0.52022130 0.07894250 0.22738444 0.98039216 0.98823529 1.00000000
v 0.50546357 0.10780298 0.21294345 0.98039216 0.98823529 1.00000000
v 0.49272508 0.13521028 0.19434692 0.98039216 0.98823529 1.00000000
v 0.48224314 0.16065386 0.17194126 0.98039216 0.98823529 1.00000000
v 0.47421300 0.18365975 0.14614386 0.98039216 0.98823529 1.00000000
v 0.46878425 0.20379939 0.11743526 0.98039216 0.98823529 1.00000000
v 0.46605802 0.22069762 0.08635025 0.98039216 0.98823529 1.00000000
v 0.46608509 0.23403966 0.05346790 0.98039216 0.98823529 1.00000000
v 0.46886495 0.24357697 0.01940073 0.98039216 0.98823529 1.00000000
v 0.47434582 0.24913189 -0.01521665 0.98039216 0.98823529 1.00000000
v 0.48470250 0.25101492 -0.05946792 0.98039216 0.98823529 1.00000000
v 0.49523069 0.24837074 -0.09325291 0.98039216 0.98823529 1.00000000
v 0.50801117 0.24166258 -0.12567081 0.98039216 0.98823529 1.00000000
v 0.52280585 0.23101540 -0.15611773 0.98039216 0.98823529 1.00000000
v 0.53933914 0.21662755 -0.18402651 0.98039216 0.98823529 1.00000000
v 0.55730305 0.19876703 -0.20887726 0.98039216 0.98823529 1.00000000
v 0.57636296 0.17776655 -0.23020705 0.98039216 0.98823529 1.00000000
v 0.59616381 0.15401732 -0.24761856 0.98039216 0.98823529 1.00000000
v 0.61633675 0.12796174 -0.26078743 0.98039216 0.98823529 1.00000000
v 0.63650600 0.10008517 -0.26946836 0.98039216 0.98823529 1.00000000
v 0.65629583 0.07090690 -0.27349964 0.98039216 0.98823529 1.00000000
v 0.54488377 0.05297844 0.23947296 0.98039216 0.98823529 1.00000000
v 0.53639008 0.08649545 0.23149002 0.98039216 0.98823529 1.00000000
v 0.52933954 0.11895620 0.21900605 0.98039216 0.98823529 1.00000000
v 0.52386349 0.14975601 0.20225360 0.98039216 0.98823529 1.00000000
v 0.52006392 0.17832113 0.18154473 0.98039216 0.98823529 1.00000000
v 0.51801163 0.20411946 0.15726523 0.98039216 0.98823529 1.00000000
v 0.51774485 0.22667042 0.12986736 0.98039216 0.98823529 1.00000000
v 0.51926853 0.24555392 0.09986149 0.98039216 0.98823529 1.00000000
v 0.52255430 0.26041820 0.06780659 0.98039216 0.98823529 1.00000000
v 0.52754096 0.27098638 0.03429977 0.98039216 0.98823529 1.00000000
v 0.53413560 0.27706158 -0.00003480 0.98039216 0.98823529 1.00000000
v 0.54449228 0.27894461 -0.04428607 0.98039216 0.98823529 1.00000000
v 0.55390670 0.27578015 -0.07835387 0.98039216 0.98823529 1.00000000
v 0.56448038 0.26804113 -0.11133212 0.98039216 0.98823529 1.00000000
v 0.57601636 0.25587171 -0.14260649 0.98039216 0.98823529 1.00000000
v 0.58829973 0.23949858 -0.17159441 0.98039216 0.98823529 1.00000000
v 0.60110168 0.21922674 -0.19775589 0.98039216 0.98823529 1.00000000
v 0.61418374 0.19543383 -0.22060358 0.98039216 0.98823529 1.00000000
v 0.62730221 0.16856305 -0.23971188 0.98039216 0.98823529 1.00000000
v 0.64021273 0.13911496 -0.25472483 0.98039216 0.98823529 1.00000000
v 0.65267478 0.10763812 -0.26536277 0.98039216 0.98823529 1.00000000
v 0.66445623 0.07471888 -0.27142755 0.98039216 0.98823529 1.00000000
v 0.55374814 0.05448368 0.24161166 0.98039216 0.98823529 1.00000000
v 0.55395370 0.08947790 0.23572757 0.98039216 0.98823529 1.00000000
v 0.55527522 0.12336030 0.22526351 0.98039216 0.98823529 1.00000000
v 0.55768810 0.15549972 0.21041441 0.98039216 0.98823529 1.00000000
v 0.56114739 0.18529747 0.19145688 0.98039216 0.98823529 1.00000000
v 0.56558863 0.21219845 0.16874406 0.98039216 0.98823529 1.00000000
v 0.57092912 0.23570157 0.14269904 0.98039216 0.98823529 1.00000000
v 0.57706935 0.25536901 0.11380701 0.98039216 0.98823529 1.00000000
v 0.58389495 0.27083439 0.08260615 0.98039216 0.98823529 1.00000000
v 0.59127877 0.28180962 0.04967769 0.98039216 0.98823529 1.00000000
v 0.59908327 0.28809026 0.01563502 0.98039216 0.98823529 1.00000000
v 0.60943995 0.28997329 -0.02861625 0.98039216 0.98823529 1.00000000
v 0.61764452 0.28660339 -0.06297594 0.98039216 0.98823529 1.00000000
v 0.62582103 0.27845731 -0.09653255 0.98039216 0.98823529 1.00000000
v 0.63381717 0.26568679 -0.12866098 0.98039216 0.98823529 1.00000000
v 0.64148400 0.24852974 -0.15876273 0.98039216 0.98823529 1.00000000
v 0.64867868 0.22730574 -0.18627706 0.98039216 0.98823529 1.00000000
v 0.65526720 0.20241016 -0.21069144 0.98039216 0.98823529 1.00000000
v 0.66112683 0.17430677 -0.23155106 0.98039216 0.98823529 1.00000000
v 0.66614841 0.14351906 -0.24846737 0.98039216 0.98823529 1.00000000
v 0.67023839 0.11062057 -0.26112523 0.98039216 0.98823529 1.00000000
v 0.67332060 0.07622413 -0.26928885 0.98039216 0.98823529 1.00000000
v 0.56271239 0.05357962 0.24367120 0.98039216 0.98823529 1.00000000
v 0.57171521 0.08768662 0.23980829 0.98039216 0.98823529 1.00000000
v 0.58150314 0.12071517 0.23128940 0.98039216 0.98823529 1.00000000
v 0.59189384 0.15205001 0.21827321 0.98039216 0.98823529 1.00000000
v 0.60269376 0.18110743 0.20100220 0.98039216 0.98823529 1.00000000
v 0.61370171 0.20734616 0.17979808 0.98039216 0.98823529 1.00000000
v 0.62471264 0.23027740 0.15505586 0.98039216 0.98823529 1.00000000
v 0.63552144 0.24947400 0.12723643 0.98039216 0.98823529 1.00000000
v 0.64592675 0.26457836 0.09685802 0.98039216 0.98823529 1.00000000
v 0.65573475 0.27530911 0.06448652 0.98039216 0.98823529 1.00000000
v 0.66476273 0.28146636 0.03072494 0.98039216 0.98823529 1.00000000
v 0.67511941 0.28334939 -0.01352632 0.98039216 0.98823529 1.00000000
v 0.68210050 0.28010288 -0.04816712 0.98039216 0.98823529 1.00000000
v 0.68785283 0.27220128 -0.08228069 0.98039216 0.98823529 1.00000000
v 0.69226927 0.25979179 -0.11523155 0.98039216 0.98823529 1.00000000
v 0.69526753 0.24310556 -0.14640591 0.98039216 0.98823529 1.00000000
v 0.69679176 0.22245344 -0.17522303 0.98039216 0.98823529 1.00000000
v 0.69681358 0.19822013 -0.20114612 0.98039216 0.98823529 1.00000000
v 0.69533257 0.17085705 -0.22369226 0.98039216 0.98823529 1.00000000
v 0.69237632 0.14087393 -0.24244148 0.98039216 0.98823529 1.00000000
v 0.68799991 0.10882929 -0.25704450 0.98039216 0.98823529 1.00000000
v 0.68228485 0.07532007 -0.26722931 0.98039216 0.98823529 1.00000000
v 0.57116562 0.05032786 0.24551125 0.98039216 0.98823529 1.00000000
v 0.58846421 0.08124367 0.24345410 0.98039216 0.98823529 1.00000000
v 0.60623590 0.11120105 0.23667306 0.98039216 0.98823529 1.00000000
v 0.62414964 0.13964195 0.22529444 0.98039216 0.98823529 1.00000000
v 0.64187173 0.16603658 0.20953020 0.98039216 0.98823529 1.00000000
v 0.65907204 0.18989324 0.18967399 0.98039216 0.98823529 1.00000000
v 0.67543017 0.21076754 0.16609571 0.98039216 0.98823529 1.00000000
v 0.69064140 0.22827063 0.13923458 0.98039216 0.98823529 1.00000000
v 0.70442236 0.24207646 0.10959095 0.98039216 0.98823529 1.00000000
v 0.71651634 0.25192784 0.07771705 0.98039216 0.98823529 1.00000000
v 0.72669806 0.25764128 0.04420661 0.98039216 0.98823529 1.00000000
v 0.73705474 0.25952431 -0.00004466 0.98039216 0.98823529 1.00000000
v 0.74288208 0.25672162 -0.03493659 0.98039216 0.98823529 1.00000000
v 0.74634844 0.24969938 -0.06954775 0.98039216 0.98823529 1.00000000
v 0.74738922 0.23858842 -0.10323341 0.98039216 0.98823529 1.00000000
v 0.74598506 0.22359570 -0.13536606 0.98039216 0.98823529 1.00000000
v 0.74216209 0.20500053 -0.16534712 0.98039216 0.98823529 1.00000000
v 0.73599155 0.18314927 -0.19261812 0.98039216 0.98823529 1.00000000
v 0.72758836 0.15844899 -0.21667104 0.98039216 0.98823529 1.00000000
v 0.71710908 0.13135981 -0.23705782 0.98039216 0.98823529 1.00000000
v 0.70474891 0.10238634 -0.25339869 0.98039216 0.98823529 1.00000000
v 0.69073808 0.07206831 -0.26538926 0.98039216 0.98823529 1.00000000
v 0.57853176 0.04495000 0.24700639 0.98039216 0.98823529 1.00000000
v 0.60305927 0.07058813 0.24641654 0.98039216 0.98823529 1.00000000
v 0.62778800 0.09546632 0.24104761 0.98039216 0.98823529 1.00000000
v 0.65225731 0.11912114 0.23099960 0.98039216 0.98823529 1.00000000
v 0.67601138 0.14111195 0.21645970 0.98039216 0.98823529 1.00000000
v 0.69860771 0.16102910 0.19769876 0.98039216 0.98823529 1.00000000
v 0.71962539 0.17850157 0.17506626 0.98039216 0.98823529 1.00000000
v 0.73867288 0.19320388 0.14898379 0.98039216 0.98823529 1.00000000
v 0.75539537 0.20486215 0.11993722 0.98039216 0.98823529 1.00000000
v 0.76948136 0.21325922 0.08846764 0.98039216 0.98823529 1.00000000
v 0.78066845 0.21823866 0.05516127 0.98039216 0.98823529 1.00000000
v 0.79102513 0.22012169 0.01091001 0.98039216 0.98823529 1.00000000
v 0.79584711 0.21805299 -0.02418599 0.98039216 0.98823529 1.00000000
v 0.79732145 0.21248508 -0.05920149 0.98039216 0.98823529 1.00000000
v 0.79542071 0.20352166 -0.09348420 0.98039216 0.98823529 1.00000000
v 0.79018027 0.19132973 -0.12639551 0.98039216 0.98823529 1.00000000
v 0.78169776 0.17613638 -0.15732235 0.98039216 0.98823529 1.00000000
v 0.77013120 0.15822465 -0.18568861 0.98039216 0.98823529 1.00000000
v 0.75569604 0.13792819 -0.21096587 0.98039216 0.98823529 1.00000000
v 0.73866119 0.11562508 -0.23268327 0.98039216 0.98823529 1.00000000
v 0.71934397 0.09173080 -0.25043625 0.98039216 0.98823529 1.00000000
v 0.69810422 0.06669045 -0.26389412 0.98039216 0.98823529 1.00000000
v 0.58430882 0.03781253 0.24805475 0.98039216 0.98823529 1.00000000
v 0.61450577 0.05644615 0.24849372 0.98039216 0.98823529 1.00000000
v 0.64469071 0.07458328 0.24411492 0.98039216 0.98823529 1.00000000
v 0.67430137 0.09188604 0.23499991 0.98039216 0.98823529 1.00000000
v 0.70278615 0.10803213 0.22131849 0.98039216 0.98823529 1.00000000
v 0.72961443 0.12272078 0.20332551 0.98039216 0.98823529 1.00000000
v 0.75428645 0.13567835 0.18135615 0.98039216 0.98823529 1.00000000
v 0.77634263 0.14666348 0.15581967 0.98039216 0.98823529 1.00000000
v 0.79537208 0.15547153 0.12719174 0.98039216 0.98823529 1.00000000
v 0.81102035 0.16193844 0.09600567 0.98039216 0.98823529 1.00000000
v 0.82299591 0.16594372 0.06284238 0.98039216 0.98823529 1.00000000
v 0.83335259 0.16782675 0.01859112 0.98039216 0.98823529 1.00000000
v 0.83738609 0.16673221 -0.01664797 0.98039216 0.98823529 1.00000000
v 0.83729816 0.16309446 -0.05194696 0.98039216 0.98823529 1.00000000
v 0.83309045 0.15698127 -0.08664832 0.98039216 0.98823529 1.00000000
v 0.82484133 0.14850651 -0.12010561 0.98039216 0.98823529 1.00000000
v 0.81270448 0.13782806 -0.15169560 0.98039216 0.98823529 1.00000000
v 0.79690597 0.12514483 -0.18082983 0.98039216 0.98823529 1.00000000
v 0.77774010 0.11069308 -0.20696556 0.98039216 0.98823529 1.00000000
v 0.75556390 0.09474204 -0.22961596 0.98039216 0.98823529 1.00000000
v 0.73079046 0.07758883 -0.24835907 0.98039216 0.98823529 1.00000000
v 0.70388128 0.05955298 -0.26284576 0.98039216 0.98823529 1.00000000
v 0.58810310 0.02940187 0.24858487 0.98039216 0.98823529 1.00000000
v 0.62202364 0.03978150 0.24954409 0.98039216 0.98823529 1.00000000
v 0.65579214 0.04997506 0.24566597 0.98039216 0.98823529 1.00000000
v 0.68877955 0.05979268 0.23702275 0.98039216 0.98823529 1.00000000
v 0.72037138 0.06905145 0.22377543 0.98039216 0.98823529 1.00000000
v 0.74997914 0.07757891 0.20617079 0.98039216 0.98823529 1.00000000
v 0.77705128 0.08521621 0.18453677 0.98039216 0.98823529 1.00000000
v 0.80108350 0.09182109 0.15927637 0.98039216 0.98823529 1.00000000
v 0.82162814 0.09727050 0.13086014 0.98039216 0.98823529 1.00000000
v 0.83830248 0.10146292 0.09981742 0.98039216 0.98823529 1.00000000
v 0.85079590 0.10432028 0.06672649 0.98039216 0.98823529 1.00000000
v 0.86115258 0.10620331 0.02247522 0.98039216 0.98823529 1.00000000
v 0.86466822 0.10625670 -0.01283621 0.98039216 0.98823529 1.00000000
v 0.86355422 0.10489342 -0.04827857 0.98039216 0.98823529 1.00000000
v 0.85783133 0.10213887 -0.08319162 0.98039216 0.98823529 1.00000000
v 0.84760616 0.09804438 -0.11692500 0.98039216 0.98823529 1.00000000
v 0.83306918 0.09268619 -0.14885033 0.98039216 0.98823529 1.00000000
v 0.81449120 0.08616414 -0.17837288 0.98039216 0.98823529 1.00000000
v 0.79221828 0.07859972 -0.20494273 0.98039216 0.98823529 1.00000000
v 0.76666532 0.07013383 -0.22806491 0.98039216 0.98823529 1.00000000
v 0.73830834 0.06092417 -0.24730870 0.98039216 0.98823529 1.00000000
v 0.70767556 0.05114232 -0.26231564 0.98039216 0.98823529 1.00000000
v 0.58965602 0.02029118 0.24856063 0.98039216 0.98823529 1.00000000
v 0.62510056 0.02172983 0.24949606 0.98039216 0.98823529 1.00000000
v 0.66033574 0.02331869 0.24559505 0.98039216 0.98823529 1.00000000
v 0.69470519 0.02502815 0.23693026 0.98039216 0.98823529 1.00000000
v 0.72756868 0.02682637 0.22366309 0.98039216 0.98823529 1.00000000
v 0.75831401 0.02867986 0.20604069 0.98039216 0.98823529 1.00000000
v 0.78636848 0.03055408 0.18439134 0.98039216 0.98823529 1.00000000
v 0.81120946 0.03241412 0.15911832 0.98039216 0.98823529 1.00000000
v 0.83237423 0.03422534 0.13069241 0.98039216 0.98823529 1.00000000
v 0.84946852 0.03595399 0.09964314 0.98039216 0.98823529 1.00000000
v 0.86217390 0.03756787 0.06654890 0.98039216 0.98823529 1.00000000
v 0.87253058 0.03945090 0.02229763 0.98039216 0.98823529 1.00000000
v 0.87583426 0.04074776 -0.01301050 0.98039216 0.98823529 1.00000000
v 0.87430031 0.04184826 -0.04844630 0.98039216 0.98823529 1.00000000
v 0.86795729 0.04273191 -0.08334967 0.98039216 0.98823529 1.00000000
v 0.85692336 0.04338224 -0.11707043 0.98039216 0.98823529 1.00000000
v 0.84140406 0.04378714 -0.14898042 0.98039216 0.98823529 1.00000000
v 0.82168849 0.04393907 -0.17848522 0.98039216 0.98823529 1.00000000
v 0.79814392 0.04383519 -0.20503522 0.98039216 0.98823529 1.00000000
v 0.77120892 0.04347745 -0.22813583 0.98039216 0.98823529 1.00000000
v 0.74138526 0.04287251 -0.24735673 0.98039216 0.98823529 1.00000000
v 0.70922848 0.04203163 -0.26233988 0.98039216 0.98823529 1.00000000
v 0.58886176 0.01110134 0.24798368 0.98039216 0.98823529 1.00000000
v 0.62352684 0.00352135 0.24835292 0.98039216 0.98823529 1.00000000
v 0.65801187 -0.00356926 0.24390700 0.98039216 0.98823529 1.00000000
v 0.69167446 -0.01003838 0.23472874 0.98039216 0.98823529 1.00000000
v 0.72388755 -0.01576553 0.22098913 0.98039216 0.98823529 1.00000000
v 0.75405105 -0.02064400 0.20294409 0.98039216 0.98823529 1.00000000
v 0.78160310 -0.02458293 0.18092978 0.98039216 0.98823529 1.00000000
v 0.80603044 -0.02750893 0.15535629 0.98039216 0.98823529 1.00000000
v 0.82687803 -0.02936751 0.12669998 0.98039216 0.98823529 1.00000000
v 0.84375753 -0.03012405 0.09549469 0.98039216 0.98823529 1.00000000
v 0.85635450 -0.02976444 0.06232171 0.98039216 0.98823529 1.00000000
v 0.86671118 -0.02788140 0.01807044 0.98039216 0.98823529 1.00000000
v 0.87012327 -0.02533027 -0.01715894 0.98039216 0.98823529 1.00000000
v 0.86880411 -0.02174459 -0.05243872 0.98039216 0.98823529 1.00000000
v 0.86277826 -0.01719115 -0.08711170 0.98039216 0.98823529 1.00000000
v 0.85215798 -0.01175477 -0.12053199 0.98039216 0.98823529 1.00000000
v 0.83714110 -0.00553672 -0.15207702 0.98039216 0.98823529 1.00000000
v 0.81800736 0.00134717 -0.18115919 0.98039216 0.98823529 1.00000000
v 0.79511319 0.00876866 -0.20723673 0.98039216 0.98823529 1.00000000
v 0.76888505 0.01658950 -0.22982388 0.98039216 0.98823529 1.00000000
v 0.73981153 0.02466402 -0.24849988 0.98039216 0.98823529 1.00000000
v 0.70843422 0.03284179 -0.26291683 0.98039216 0.98823529 1.00000000
v 0.58577445 0.00245863 0.24689334 0.98039216 0.98823529 1.00000000
v 0.61740972 -0.01360308 0.24619255 0.98039216 0.98823529 1.00000000
v 0.64897890 -0.02885641 0.24071685 0.98039216 0.98823529 1.00000000
v 0.67989390 -0.04301720 0.23056824 0.98039216 0.98823529 1.00000000
v 0.70957885 -0.05582168 0.21593577 0.98039216 0.98823529 1.00000000
v 0.73748077 -0.06703132 0.19709201 0.98039216 0.98823529 1.00000000
v 0.76307990 -0.07643731 0.17438800 0.98039216 0.98823529 1.00000000
v 0.78589937 -0.08386442 0.14824665 0.98039216 0.98823529 1.00000000
v 0.80551410 -0.08917431 0.11915494 0.98039216 0.98823529 1.00000000
v 0.82155870 -0.09226807 0.08765480 0.98039216 0.98823529 1.00000000
v 0.83373430 -0.09308806 0.05433299 0.98039216 0.98823529 1.00000000
v 0.84409098 -0.09120503 0.01008173 0.98039216 0.98823529 1.00000000
v 0.84792445 -0.08747430 -0.02499884 0.98039216 0.98823529 1.00000000
v 0.84744018 -0.08155139 -0.05998376 0.98039216 0.98823529 1.00000000
v 0.84264719 -0.07354663 -0.09422133 0.98039216 0.98823529 1.00000000
v 0.83363478 -0.06360915 -0.12707377 0.98039216 0.98823529 1.00000000
v 0.82057082 -0.05192404 -0.15792910 0.98039216 0.98823529 1.00000000
v 0.80369867 -0.03870899 -0.18621255 0.98039216 0.98823529 1.00000000
v 0.78333263 -0.02421016 -0.21139723 0.98039216 0.98823529 1.00000000
v 0.75985208 -0.00869765 -0.23301403 0.98039216 0.98823529 1.00000000
v 0.73369442 0.00753959 -0.25066024 0.98039216 0.98823529 1.00000000
v 0.70534691 0.02419907 -0.26400717 0.98039216 0.98823529 1.00000000
v 0.58060447 -0.00504798 0.24536392 0.98039216 0.98823529 1.00000000
v 0.60716608 -0.02847645 0.24316219 0.98039216 0.98823529 1.00000000
v 0.63385241 -0.05081948 0.23624201 0.98039216 0.98823529 1.00000000
v 0.66016635 -0.07166085 0.22473227 0.98039216 0.98823529 1.00000000
v 0.68561771 -0.09061233 0.20884739 0.98039216 0.98823529 1.00000000
v 0.70973240 -0.10732089 0.18888326 0.98039216 0.98823529 1.00000000
v 0.73206119 -0.12147527 0.16521179 0.98039216 0.98823529 1.00000000
v 0.75218815 -0.13281181 0.13827393 0.98039216 0.98823529 1.00000000
v 0.76973834 -0.14111932 0.10857147 0.98039216 0.98823529 1.00000000
v 0.78438485 -0.14624307 0.07665772 0.98039216 0.98823529 1.00000000
v 0.79585483 -0.14808760 0.04312718 0.98039216 0.98823529 1.00000000
v 0.80621151 -0.14620456 -0.00112409 0.98039216 0.98823529 1.00000000
v 0.81075059 -0.14144930 -0.03599591 0.98039216 0.98823529 1.00000000
v 0.81166443 -0.13349640 -0.07056724 0.98039216 0.98823529 1.00000000
v 0.80893598 -0.12249402 -0.10419406 0.98039216 0.98823529 1.00000000
v 0.80261607 -0.10864711 -0.13624998 0.98039216 0.98823529 1.00000000
v 0.79282245 -0.09221360 -0.16613785 0.98039216 0.98823529 1.00000000
v 0.77973753 -0.07349964 -0.19330093 0.98039216 0.98823529 1.00000000
v 0.76360508 -0.05285381 -0.21723320 0.98039216 0.98823529 1.00000000
v 0.74472559 -0.03066072 -0.23748887 0.98039216 0.98823529 1.00000000
v 0.72345078 -0.00733378 -0.25369060 0.98039216 0.98823529 1.00000000
v 0.70017693 0.01669247 -0.26553659 0.98039216 0.98823529 1.00000000
v 0.57370417 -0.01090690 0.24349964 0.98039216 0.98823529 1.00000000
v 0.59349400 -0.04008517 0.23946836 0.98039216 0.98823529 1.00000000
v 0.61366325 -0.06796174 0.23078743 0.98039216 0.98823529 1.00000000
v 0.63383619 -0.09401732 0.21761856 0.98039216 0.98823529 1.00000000
v 0.65363704 -0.11776655 0.20020705 0.98039216 0.98823529 1.00000000
v 0.67269695 -0.13876703 0.17887726 0.98039216 0.98823529 1.00000000
v 0.69066086 -0.15662755 0.15402651 0.98039216 0.98823529 1.00000000
v 0.70719415 -0.17101540 0.12611773 0.98039216 0.98823529 1.00000000
v 0.72198883 -0.18166258 0.09567081 0.98039216 0.98823529 1.00000000
v 0.73476931 -0.18837074 0.06325291 0.98039216 0.98823529 1.00000000
v 0.74529750 -0.19101492 0.02946792 0.98039216 0.98823529 1.00000000
v 0.75565418 -0.18913189 -0.01478335 0.98039216 0.98823529 1.00000000
v 0.76113505 -0.18357697 -0.04940073 0.98039216 0.98823529 1.00000000
v 0.76391491 -0.17403966 -0.08346790 0.98039216 0.98823529 1.00000000
v 0.76394198 -0.16069762 -0.11635025 0.98039216 0.98823529 1.00000000
v 0.76121575 -0.14379939 -0.14743526 0.98039216 0.98823529 1.00000000
v 0.75578700 -0.12365975 -0.17614386 0.98039216 0.98823529 1.00000000
v 0.74775686 -0.10065386 -0.20194126 0.98039216 0.98823529 1.00000000
v 0.73727492 -0.07521028 -0.22434692 0.98039216 0.98823529 1.00000000
v 0.72453643 -0.04780298 -0.24294345 0.98039216 0.98823529 1.00000000
v 0.70977870 -0.01894250 -0.25738444 0.98039216 0.98823529 1.00000000
v 0.69327663 0.01083354 -0.26740087 0.98039216 0.98823529 1.00000000
v 0.56554377 -0.01471888 0.24142755 0.98039216 0.98823529 1.00000000
v 0.57732522 -0.04763812 0.23536277 0.98039216 0.98823529 1.00000000
v 0.58978727 -0.07911496 0.22472483 0.98039216 0.98823529 1.00000000
v 0.60269779 -0.10856305 0.20971188 0.98039216 0.98823529 1.00000000
v 0.61581626 -0.13543383 0.19060358 0.98039216 0.98823529 1.00000000
v 0.62889832 -0.15922674 0.16775589 0.98039216 0.98823529 1.00000000
v 0.64170027 -0.17949858 0.14159441 0.98039216 0.98823529 1.00000000
v 0.65398364 -0.19587171 0.11260649 0.98039216 0.98823529 1.00000000
v 0.66551962 -0.20804113 0.08133212 0.98039216 0.98823529 1.00000000
v 0.67609330 -0.21578015 0.04835387 0.98039216 0.98823529 1.00000000
v 0.68550772 -0.21894461 0.01428607 0.98039216 0.98823529 1.00000000
v 0.69586440 -0.21706158 -0.02996520 0.98039216 0.98823529 1.00000000
v 0.70245904 -0.21098638 -0.06429977 0.98039216 0.98823529 1.00000000
v 0.70744570 -0.20041820 -0.09780659 0.98039216 0.98823529 1.00000000
v 0.71073147 -0.18555392 -0.12986149 0.98039216 0.98823529 1.00000000
v 0.71225515 -0.16667042 -0.15986736 0.98039216 0.98823529 1.00000000
v 0.71198837 -0.14411946 -0.18726523 0.98039216 0.98823529 1.00000000
v 0.70993608 -0.11832113 -0.21154473 0.98039216 0.98823529 1.00000000
v 0.70613651 -0.08975601 -0.23225360 0.98039216 0.98823529 1.00000000
v 0.70066046 -0.05895620 -0.24900605 0.98039216 0.98823529 1.00000000
v 0.69360992 -0.02649545 -0.26149002 0.98039216 0.98823529 1.00000000
v 0.68511623 0.00702156 -0.26947296 0.98039216 0.98823529 1.00000000
v 0.55667940 -0.01622413 0.23928885 0.98039216 0.98823529 1.00000000
v 0.55976161 -0.05062057 0.23112523 0.98039216 0.98823529 1.00000000
v 0.56385159 -0.08351906 0.21846737 0.98039216 0.98823529 1.00000000
v 0.56887317 -0.11430677 0.20155106 0.98039216 0.98823529 1.00000000
v 0.57473280 -0.14241016 0.18069144 0.98039216 0.98823529 1.00000000
v 0.58132132 -0.16730574 0.15627706 0.98039216 0.98823529 1.00000000
v 0.58851600 -0.18852974 0.12876273 0.98039216 0.98823529 1.00000000
v 0.59618283 -0.20568679 0.09866098 0.98039216 0.98823529 1.00000000
v 0.60417897 -0.21845731 0.06653255 0.98039216 0.98823529 1.00000000
v 0.61235548 -0.22660339 0.03297594 0.98039216 0.98823529 1.00000000
v 0.62056005 -0.22997329 -0.00138375 0.98039216 0.98823529 1.00000000
v 0.63091673 -0.22809026 -0.04563502 0.98039216 0.98823529 1.00000000
v 0.63872123 -0.22180962 -0.07967769 0.98039216 0.98823529 1.00000000
v 0.64610505 -0.21083439 -0.11260615 0.98039216 0.98823529 1.00000000
v 0.65293065 -0.19536901 -0.14380701 0.98039216 0.98823529 1.00000000
v 0.65907088 -0.17570157 -0.17269904 0.98039216 0.98823529 1.00000000
v 0.66441137 -0.15219845 -0.19874406 0.98039216 0.98823529 1.00000000
v 0.66885261 -0.12529747 -0.22145688 0.98039216 0.98823529 1.00000000
v 0.67231190 -0.09549972 -0.24041441 0.98039216 0.98823529 1.00000000
v 0.67472478 -0.06336030 -0.25526351 0.98039216 0.98823529 1.00000000
v 0.67604630 -0.02947790 -0.26572757 0.98039216 0.98823529 1.00000000
v 0.67625186 0.00551632 -0.27161166 0.98039216 0.98823529 1.00000000
v 0.54771515 -0.01532007 0.23722931 0.98039216 0.98823529 1.00000000
v 0.54200009 -0.04882929 0.22704450 0.98039216 0.98823529 1.00000000
v 0.53762368 -0.08087393 0.21244148 0.98039216 0.98823529 1.00000000
v 0.53466743 -0.11085705 0.19369226 0.98039216 0.98823529 1.00000000
v 0.53318642 -0.13822013 0.17114612 0.98039216 0.98823529 1.00000000
v 0.53320824 -0.16245344 0.14522303 0.98039216 0.98823529 1.00000000
v 0.53473247 -0.18310556 0.11640591 0.98039216 0.98823529 1.00000000
v 0.53773073 -0.19979179 0.08523155 0.98039216 0.98823529 1.00000000
v 0.54214717 -0.21220128 0.05228069 0.98039216 0.98823529 1.00000000
v 0.54789950 -0.22010288 0.01816712 0.98039216 0.98823529 1.00000000
v 0.55488059 -0.22334939 -0.01647368 0.98039216 0.98823529 1.00000000
v 0.56523727 -0.22146636 -0.06072494 0.98039216 0.98823529 1.00000000
v 0.57426525 -0.21530911 -0.09448652 0.98039216 0.98823529 1.00000000
v 0.58407325 -0.20457836 -0.12685802 0.98039216 0.98823529 1.00000000
v 0.59447856 -0.18947400 -0.15723643 0.98039216 0.98823529 1.00000000
v 0.60528736 -0.17027740 -0.18505586 0.98039216 0.98823529 1.00000000
v 0.61629829 -0.14734616 -0.20979808 0.98039216 0.98823529 1.00000000
v 0.62730624 -0.12110743 -0.23100220 0.98039216 0.98823529 1.00000000
v 0.63810616 -0.09205001 -0.24827321 0.98039216 0.98823529 1.00000000
v 0.64849686 -0.06071517 -0.26128940 0.98039216 0.98823529 1.00000000
v 0.65828479 -0.02768662 -0.26980829 0.98039216 0.98823529 1.00000000
v 0.66728761 0.00642038 -0.27367120 0.98039216 0.98823529 1.00000000
v 0.53926192 -0.01206831 0.23538926 0.98039216 0.98823529 1.00000000
v 0.52525109 -0.04238634 0.22339869 0.98039216 0.98823529 1.00000000
v 0.51289092 -0.07135981 0.20705782 0.98039216 0.98823529 1.00000000
v 0.50241164 -0.09844899 0.18667104 0.98039216 0.98823529 1.00000000
v 0.49400845 -0.12314927 0.16261812 0.98039216 0.98823529 1.00000000
v 0.48783791 -0.14500053 0.13534712 0.98039216 0.98823529 1.00000000
v 0.48401494 -0.16359570 0.10536606 0.98039216 0.98823529 1.00000000
v 0.48261078 -0.17858842 0.07323341 0.98039216 0.98823529 1.00000000
v 0.48365156 -0.18969938 0.03954775 0.98039216 0.98823529 1.00000000
v 0.48711792 -0.19672162 0.00493659 0.98039216 0.98823529 1.00000000
v 0.49294526 -0.19952431 -0.02995534 0.98039216 0.98823529 1.00000000
v 0.50330194 -0.19764128 -0.07420661 0.98039216 0.98823529 1.00000000
v 0.51348366 -0.19192784 -0.10771705 0.98039216 0.98823529 1.00000000
v 0.52557764 -0.18207646 -0.13959095 0.98039216 0.98823529 1.00000000
v 0.53935860 -0.16827063 -0.16923458 0.98039216 0.98823529 1.00000000
v 0.55456983 -0.15076754 -0.19609571 0.98039216 0.98823529 1.00000000
v 0.57092796 -0.12989324 -0.21967399 0.98039216 0.98823529 1.00000000
v 0.58812827 -0.10603658 -0.23953020 0.98039216 0.98823529 1.00000000
v 0.60585036 -0.07964195 -0.25529444 0.98039216 0.98823529 1.00000000
v 0.62376410 -0.05120105 -0.26667306 0.98039216 0.98823529 1.00000000
v 0.64153579 -0.02124367 -0.27345410 0.98039216 0.98823529 1.00000000
v 0.65883438 0.00967214 -0.27551125 0.98039216 0.98823529 1.00000000
v 0.53189578 -0.00669045 0.23389412 0.98039216 0.98823529 1.00000000
v 0.51065603 -0.03173080 0.22043625 0.98039216 0.98823529 1.00000000
v 0.49133881 -0.05562508 0.20268327 0.98039216 0.98823529 1.00000000
v 0.47430396 -0.07792819 0.18096587 0.98039216 0.98823529 1.00000000
v 0.45986880 -0.09822465 0.15568861 0.98039216 0.98823529 1.00000000
v 0.44830224 -0.11613638 0.12732235 0.98039216 0.98823529 1.00000000
v 0.43981973 -0.13132973 0.09639551 0.98039216 0.98823529 1.00000000
v 0.43457929 -0.14352166 0.06348420 0.98039216 0.98823529 1.00000000
v 0.43267855 -0.15248508 0.02920149 0.98039216 0.98823529 1.00000000
v 0.43415289 -0.15805299 -0.00581401 0.98039216 0.98823529 1.00000000
v 0.43897487 -0.16012169 -0.04091001 0.98039216 0.98823529 1.00000000
v 0.44933155 -0.15823866 -0.08516127 0.98039216 0.98823529 1.00000000
v 0.46051864 -0.15325922 -0.11846764 0.98039216 0.98823529 1.00000000
v 0.47460463 -0.14486215 -0.14993722 0.98039216 0.98823529 1.00000000
v 0.49132712 -0.13320388 -0.17898379 0.98039216 0.98823529 1.00000000
v 0.51037461 -0.11850157 -0.20506626 0.98039216 0.98823529 1.00000000
v 0.53139229 -0.10102910 -0.22769876 0.98039216 0.98823529 1.00000000
v 0.55398862 -0.08111195 -0.24645970 0.98039216 0.98823529 1.00000000
v 0.57774269 -0.05912114 -0.26099960 0.98039216 0.98823529 1.00000000
v 0.60221200 -0.03546632 -0.27104761 0.98039216 0.98823529 1.00000000
v 0.62694073 -0.01058813 -0.27641654 0.98039216 0.98823529 1.00000000
v 0.65146824 0.01505000 -0.27700639 0.98039216 0.98823529 1.00000000
v 0.52611872 0.00044702 0.23284576 0.98039216 0.98823529 1.00000000
v 0.49920954 -0.01758883 0.21835907 0.98039216 0.98823529 1.00000000
v 0.47443610 -0.03474204 0.19961596 0.98039216 0.98823529 1.00000000
v 0.45225990 -0.05069308 0.17696556 0.98039216 0.98823529 1.00000000
v 0.43309403 -0.06514483 0.15082983 0.98039216 0.98823529 1.00000000
v 0.41729552 -0.07782806 0.12169560 0.98039216 0.98823529 1.00000000
v 0.40515867 -0.08850651 0.09010561 0.98039216 0.98823529 1.00000000
v 0.39690955 -0.09698127 0.05664832 0.98039216 0.98823529 1.00000000
v 0.39270184 -0.10309446 0.02194696 0.98039216 0.98823529 1.00000000
v 0.39261391 -0.10673221 -0.01335203 0.98039216 0.98823529 1.00000000
v 0.39664741 -0.10782675 -0.04859112 0.98039216 0.98823529 1.00000000
v 0.40700409 -0.10594372 -0.09284238 0.98039216 0.98823529 1.00000000
v 0.41897965 -0.10193844 -0.12600567 0.98039216 0.98823529 1.00000000
v 0.43462792 -0.09547153 -0.15719174 0.98039216 0.98823529 1.00000000
v 0.45365737 -0.08666348 -0.18581967 0.98039216 0.98823529 1.00000000
v 0.47571355 -0.07567835 -0.21135615 0.98039216 0.98823529 1.00000000
v 0.50038557 -0.06272078 -0.23332551 0.98039216 0.98823529 1.00000000
v 0.52721385 -0.04803213 -0.25131849 0.98039216 0.98823529 1.00000000
v 0.55569863 -0.03188604 -0.26499991 0.98039216 0.98823529 1.00000000
v 0.58530929 -0.01458328 -0.27411492 0.98039216 0.98823529 1.00000000
v 0.61549423 0.00355385 -0.27849372 0.98039216 0.98823529 1.00000000
v 0.64569118 0.02218747 -0.27805475 0.98039216 0.98823529 1.00000000
v 0.52232444 0.00885768 0.23231564 0.98039216 0.98823529 1.00000000
v 0.49169166 -0.00092417 0.21730870 0.98039216 0.98823529 1.00000000
v 0.46333468 -0.01013383 0.19806491 0.98039216 0.98823529 1.00000000
v 0.43778172 -0.01859972 0.17494273 0.98039216 0.98823529 1.00000000
v 0.41550880 -0.02616414 0.14837288 0.98039216 0.98823529 1.00000000
v 0.39693082 -0.03268619 0.11885033 0.98039216 0.98823529 1.00000000
v 0.38239384 -0.03804438 0.08692500 0.98039216 0.98823529 1.00000000
v 0.37216867 -0.04213887 0.05319162 0.98039216 0.98823529 1.00000000
v 0.36644578 -0.04489342 0.01827857 0.98039216 0.98823529 1.00000000
v 0.36533178 -0.04625670 -0.01716379 0.98039216 0.98823529 1.00000000
v 0.36884742 -0.04620331 -0.05247522 0.98039216 0.98823529 1.00000000
v 0.37920410 -0.04432028 -0.09672649 0.98039216 0.98823529 1.00000000
v 0.39169752 -0.04146292 -0.12981742 0.98039216 0.98823529 1.00000000
v 0.40837186 -0.03727050 -0.16086014 0.98039216 0.98823529 1.00000000
v 0.42891650 -0.03182109 -0.18927637 0.98039216 0.98823529 1.00000000
v 0.45294872 -0.02521621 -0.21453677 0.98039216 0.98823529 1.00000000
v 0.48002086 -0.01757891 -0.23617079 0.98039216 0.98823529 1.00000000
v 0.50962862 -0.00905145 -0.25377543 0.98039216 0.98823529 1.00000000
v 0.54122045 0.00020732 -0.26702275 0.98039216 0.98823529 1.00000000
v 0.57420786 0.01002494 -0.27566597 0.98039216 0.98823529 1.00000000
v 0.60797636 0.02021850 -0.27954409 0.98039216 0.98823529 1.00000000
v 0.64189690 0.03059813 -0.27858487 0.98039216 0.98823529 1.00000000
v -0.59091816 0.40863667 -0.22000000 0.03921569 0.51764706 1.00000000
v -0.34908184 0.40863667 -0.22000000 0.03921569 0.51764706 1.00000000
v -0.59091816 0.05136333 -0.22000000 0.03921569 0.51764706 1.00000000
v -0.34908184 0.05136333 -0.22000000 0.03921569 0.51764706 1.00000000
v -0.47000000 0.11959647 -0.09240238 0.03921569 0.51764706 1.00000000
v -0.47000000 0.34040353 -0.09240238 0.03921569 0.51764706 1.00000000
v -0.47000000 0.11959647 -0.34759762 0.03921569 0.51764706 1.00000000
v -0.47000000 0.34040353 -0.34759762 0.03921569 0.51764706 1.00000000
v -0.27435031 0.23000000 -0.29885967 0.03921569 0.51764706 1.00000000
v -0.27435031 0.23000000 -0.14114033 0.03921569 0.51764706 1.00000000
v -0.66564969 0.23000000 -0.29885967 0.03921569 0.51764706 1.00000000
v -0.66564969 0.23000000 -0.14114033 0.03921569 0.51764706 1.00000000
v -0.47000000 0.44000000 -0.22000000 0.03921569 0.51764706 1.00000000
v -0.47000000 0.02000000 -0.22000000 0.03921569 0.51764706 1.00000000
v -0.54107391 0.06010643 -0.14500000 0.03921569 0.51764706 1.00000000
v -0.39892609 0.06010643 -0.14500000 0.03921569 0.51764706 1.00000000
v -0.54107391 0.39989357 -0.14500000 0.03921569 0.51764706 1.00000000
v -0.39892609 0.39989357 -0.14500000 0.03921569 0.51764706 1.00000000
v -0.47000000 0.23000000 -0.07000000 0.03921569 0.51764706 1.00000000
v -0.54107391 0.06010643 -0.29500000 0.03921569 0.51764706 1.00000000
v -0.39892609 0.06010643 -0.29500000 0.03921569 0.51764706 1.00000000
v -0.54107391 0.39989357 -0.29500000 0.03921569 0.51764706 1.00000000
v -0.39892609 0.39989357 -0.29500000 0.03921569 0.51764706 1.00000000
v -0.47000000 0.23000000 -0.37000000 0.03921569 0.51764706 1.00000000
v -0.28392609 0.33500000 -0.26635255 0.03921569 0.51764706 1.00000000
v -0.28392609 0.12500000 -0.26635255 0.03921569 0.51764706 1.00000000
v -0.35500000 0.16510643 -0.34135255 0.03921569 0.51764706 1.00000000
v -0.35500000 0.29489357 -0.34135255 0.03921569 0.51764706 1.00000000
v -0.28392609 0.33500000 -0.17364745 0.03921569 0.51764706 1.00000000
v -0.28392609 0.12500000 -0.17364745 0.03921569 0.51764706 1.00000000
v -0.35500000 0.16510643 -0.09864745 0.03921569 0.51764706 1.00000000
v -0.35500000 0.29489357 -0.09864745 0.03921569 0.51764706 1.00000000
v -0.24000000 0.23000000 -0.22000000 0.03921569 0.51764706 1.00000000
v -0.65607391 0.33500000 -0.26635255 0.03921569 0.51764706 1.00000000
v -0.65607391 0.12500000 -0.26635255 0.03921569 0.51764706 1.00000000
v -0.58500000 0.16510643 -0.34135255 0.03921569 0.51764706 1.00000000
v -0.58500000 0.29489357 -0.34135255 0.03921569 0.51764706 1.00000000
v -0.65607391 0.33500000 -0.17364745 0.03921569 0.51764706 1.00000000
v -0.65607391 0.12500000 -0.17364745 0.03921569 0.51764706 1.00000000
v -0.58500000 0.16510643 -0.09864745 0.03921569 0.51764706 1.00000000
v -0.58500000 0.29489357 -0.09864745 0.03921569 0.51764706 1.00000000
v -0.70000000 0.23000000 -0.22000000 0.03921569 0.51764706 1.00000000
v -0.53285130 0.43200706 -0.22000000 0.03921569 0.51764706 1.00000000
v -0.40714870 0.43200706 -0.22000000 0.03921569 0.51764706 1.00000000
v -0.53285130 0.02799294 -0.22000000 0.03921569 0.51764706 1.00000000
v -0.40714870 0.02799294 -0.22000000 0.03921569 0.51764706 1.00000000
v -0.56979437 0.04883962 -0.18101621 0.03921569 0.51764706 1.00000000
v -0.50694307 0.08430610 -0.11469303 0.03921569 0.51764706 1.00000000
v -0.50736577 0.03027813 -0.18057017 0.03921569 0.51764706 1.00000000
v -0.37020563 0.04883962 -0.18101621 0.03921569 0.51764706 1.00000000
v -0.43305693 0.08430610 -0.11469303 0.03921569 0.51764706 1.00000000
v -0.43263423 0.03027813 -0.18057017 0.03921569 0.51764706 1.00000000
v -0.47000000 0.05136333 -0.14114033 0.03921569 0.51764706 1.00000000
v -0.56979437 0.41116038 -0.18101621 0.03921569 0.51764706 1.00000000
v -0.50694307 0.37569390 -0.11469303 0.03921569 0.51764706 1.00000000
v -0.50736577 0.42972187 -0.18057017 0.03921569 0.51764706 1.00000000
v -0.37020563 0.41116038 -0.18101621 0.03921569 0.51764706 1.00000000
v -0.43305693 0.37569390 -0.11469303 0.03921569 0.51764706 1.00000000
v -0.43263423 0.42972187 -0.18057017 0.03921569 0.51764706 1.00000000
v -0.47000000 0.40863667 -0.14114033 0.03921569 0.51764706 1.00000000
v -0.47000000 0.17261403 -0.07570925 0.03921569 0.51764706 1.00000000
v -0.47000000 0.28738597 -0.07570925 0.03921569 0.51764706 1.00000000
v -0.56979437 0.04883962 -0.25898379 0.03921569 0.51764706 1.00000000
v -0.50694307 0.08430610 -0.32530697 0.03921569 0.51764706 1.00000000
v -0.50736577 0.03027813 -0.25942983 0.03921569 0.51764706 1.00000000
v -0.37020563 0.04883962 -0.25898379 0.03921569 0.51764706 1.00000000
v -0.43305693 0.08430610 -0.32530697 0.03921569 0.51764706 1.00000000
v -0.43263423 0.03027813 -0.25942983 0.03921569 0.51764706 1.00000000
v -0.47000000 0.05136333 -0.29885967 0.03921569 0.51764706 1.00000000
v -0.56979437 0.41116038 -0.25898379 0.03921569 0.51764706 1.00000000
v -0.50694307 0.37569390 -0.32530697 0.03921569 0.51764706 1.00000000
v -0.50736577 0.42972187 -0.25942983 0.03921569 0.51764706 1.00000000
v -0.37020563 0.41116038 -0.25898379 0.03921569 0.51764706 1.00000000
v -0.43305693 0.37569390 -0.32530697 0.03921569 0.51764706 1.00000000
v -0.43263423 0.42972187 -0.25942983 0.03921569 0.51764706 1.00000000
v -0.47000000 0.40863667 -0.29885967 0.03921569 0.51764706 1.00000000
v -0.47000000 0.17261403 -0.36429075 0.03921569 0.51764706 1.00000000
v -0.47000000 0.28738597 -0.36429075 0.03921569 0.51764706 1.00000000
v -0.31043049 0.37742975 -0.24409331 0.03921569 0.51764706 1.00000000
v -0.27158625 0.28457730 -0.28508328 0.03921569 0.51764706 1.00000000
v -0.33480939 0.37452010 -0.28379881 0.03921569 0.51764706 1.00000000
v -0.31043049 0.08257025 -0.24409331 0.03921569 0.51764706 1.00000000
v -0.27158625 0.17542270 -0.28508328 0.03921569 0.51764706 1.00000000
v -0.33480939 0.08547990 -0.28379881 0.03921569 0.51764706 1.00000000
v -0.41022486 0.13888340 -0.34940027 0.03921569 0.51764706 1.00000000
v -0.30852932 0.19626937 -0.32406707 0.03921569 0.51764706 1.00000000
v -0.37217516 0.10656510 -0.32322864 0.03921569 0.51764706 1.00000000
v -0.40954092 0.19588343 -0.36265848 0.03921569 0.51764706 1.00000000
v -0.31171608 0.14068167 -0.30816779 0.03921569 0.51764706 1.00000000
v -0.41022486 0.32111660 -0.34940027 0.03921569 0.51764706 1.00000000
v -0.30852932 0.26373063 -0.32406707 0.03921569 0.51764706 1.00000000
v -0.37217516 0.35343490 -0.32322864 0.03921569 0.51764706 1.00000000
v -0.40954092 0.26411657 -0.36265848 0.03921569 0.51764706 1.00000000
v -0.31171608 0.31931833 -0.30816779 0.03921569 0.51764706 1.00000000
v -0.34908184 0.23000000 -0.34759762 0.03921569 0.51764706 1.00000000
v -0.31043049 0.37742975 -0.19590669 0.03921569 0.51764706 1.00000000
v -0.27158625 0.28457730 -0.15491672 0.03921569 0.51764706 1.00000000
v -0.33480939 0.37452010 -0.15620119 0.03921569 0.51764706 1.00000000
v -0.27435031 0.34040353 -0.22000000 0.03921569 0.51764706 1.00000000
v -0.31043049 0.08257025 -0.19590669 0.03921569 0.51764706 1.00000000
v -0.27158625 0.17542270 -0.15491672 0.03921569 0.51764706 1.00000000
v -0.33480939 0.08547990 -0.15620119 0.03921569 0.51764706 1.00000000
v -0.27435031 0.11959647 -0.22000000 0.03921569 0.51764706 1.00000000
v -0.41022486 0.13888340 -0.09059973 0.03921569 0.51764706 1.00000000
v -0.30852932 0.19626937 -0.11593293 0.03921569 0.51764706 1.00000000
v -0.37217516 0.10656510 -0.11677136 0.03921569 0.51764706 1.00000000
v -0.40954092 0.19588343 -0.07734152 0.03921569 0.51764706 1.00000000
v -0.31171608 0.14068167 -0.13183221 0.03921569 0.51764706 1.00000000
v -0.41022486 0.32111660 -0.09059973 0.03921569 0.51764706 1.00000000
v -0.30852932 0.26373063 -0.11593293 0.03921569 0.51764706 1.00000000
v -0.37217516 0.35343490 -0.11677136 0.03921569 0.51764706 1.00000000
v -0.40954092 0.26411657 -0.07734152 0.03921569 0.51764706 1.00000000
v -0.31171608 0.31931833 -0.13183221 0.03921569 0.51764706 1.00000000
v -0.34908184 0.23000000 -0.09240238 0.03921569 0.51764706 1.00000000
v -0.24875418 0.23000000 -0.26098998 0.03921569 0.51764706 1.00000000
v -0.24875418 0.23000000 -0.17901002 0.03921569 0.51764706 1.00000000
v -0.25125700 0.28520177 -0.24436898 0.03921569 0.51764706 1.00000000
v -0.25125700 0.17479823 -0.24436898 0.03921569 0.51764706 1.00000000
v -0.25125700 0.28520177 -0.19563102 0.03921569 0.51764706 1.00000000
v -0.25125700 0.17479823 -0.19563102 0.03921569 0.51764706 1.00000000
v -0.62956951 0.37742975 -0.24409331 0.03921569 0.51764706 1.00000000
v -0.66841375 0.28457730 -0.28508328 0.03921569 0.51764706 1.00000000
v -0.60519061 0.37452010 -0.28379881 0.03921569 0.51764706 1.00000000
v -0.62956951 0.08257025 -0.24409331 0.03921569 0.51764706 1.00000000
v -0.66841375 0.17542270 -0.28508328 0.03921569 0.51764706 1.00000000
v -0.60519061 0.08547990 -0.28379881 0.03921569 0.51764706 1.00000000
v -0.52977514 0.13888340 -0.34940027 0.03921569 0.51764706 1.00000000
v -0.63147068 0.19626937 -0.32406707 0.03921569 0.51764706 1.00000000
v -0.56782484 0.10656510 -0.32322864 0.03921569 0.51764706 1.00000000
v -0.53045908 0.19588343 -0.36265848 0.03921569 0.51764706 1.00000000
v -0.62828392 0.14068167 -0.30816779 0.03921569 0.51764706 1.00000000
v -0.52977514 0.32111660 -0.34940027 0.03921569 0.51764706 1.00000000
v -0.63147068 0.26373063 -0.32406707 0.03921569 0.51764706 1.00000000
v -0.56782484 0.35343490 -0.32322864 0.03921569 0.51764706 1.00000000
v -0.53045908 0.26411657 -0.36265848 0.03921569 0.51764706 1.00000000
v -0.62828392 0.31931833 -0.30816779 0.03921569 0.51764706 1.00000000
v -0.59091816 0.23000000 -0.34759762 0.03921569 0.51764706 1.00000000
v -0.62956951 0.37742975 -0.19590669 0.03921569 0.51764706 1.00000000
v -0.66841375 0.28457730 -0.15491672 0.03921569 0.51764706 1.00000000
v -0.60519061 0.37452010 -0.15620119 0.03921569 0.51764706 1.00000000
v -0.66564969 0.34040353 -0.22000000 0.03921569 0.51764706 1.00000000
v -0.62956951 0.08257025 -0.19590669 0.03921569 0.51764706 1.00000000
v -0.66841375 0.17542270 -0.15491672 0.03921569 0.51764706 1.00000000
v -0.60519061 0.08547990 -0.15620119 0.03921569 0.51764706 1.00000000
v -0.66564969 0.11959647 -0.22000000 0.03921569 0.51764706 1.00000000
v -0.52977514 0.13888340 -0.09059973 0.03921569 0.51764706 1.00000000
v -0.63147068 0.19626937 -0.11593293 0.03921569 0.51764706 1.00000000
v -0.56782484 0.10656510 -0.11677136 0.03921569 0.51764706 1.00000000
v -0.53045908 0.19588343 -0.07734152 0.03921569 0.51764706 1.00000000
v -0.62828392 0.14068167 -0.13183221 0.03921569 0.51764706 1.00000000
v -0.52977514 0.32111660 -0.09059973 0.03921569 0.51764706 1.00000000
v -0.63147068 0.26373063 -0.11593293 0.03921569 0.51764706 1.00000000
v -0.56782484 0.35343490 -0.11677136 0.03921569 0.51764706 1.00000000
v -0.53045908 0.26411657 -0.07734152 0.03921569 0.51764706 1.00000000
v -0.62828392 0.31931833 -0.13183221 0.03921569 0.51764706 1.00000000
v -0.59091816 0.23000000 -0.09240238 0.03921569 0.51764706 1.00000000
v -0.69124582 0.23000000 -0.26098998 0.03921569 0.51764706 1.00000000
v -0.69124582 0.23000000 -0.17901002 0.03921569 0.51764706 1.00000000
v -0.68874300 0.28520177 -0.24436898 0.03921569 0.51764706 1.00000000
v -0.68874300 0.17479823 -0.24436898 0.03921569 0.51764706 1.00000000
v -0.68874300 0.28520177 -0.19563102 0.03921569 0.51764706 1.00000000
v -0.68874300 0.17479823 -0.19563102 0.03921569 0.51764706 1.00000000
v 0.56908184 0.37863667 -0.20000000 0.03921569 0.51764706 1.00000000
v 0.81091816 0.37863667 -0.20000000 0.03921569 0.51764706 1.00000000
v 0.56908184 0.02136333 -0.20000000 0.03921569 0.51764706 1.00000000
v 0.81091816 0.02136333 -0.20000000 0.03921569 0.51764706 1.00000000
v 0.69000000 0.08959647 -0.07240238 0.03921569 0.51764706 1.00000000
v 0.69000000 0.31040353 -0.07240238 0.03921569 0.51764706 1.00000000
v 0.69000000 0.08959647 -0.32759762 0.03921569 0.51764706 1.00000000
v 0.69000000 0.31040353 -0.32759762 0.03921569 0.51764706 1.00000000
v 0.88564969 0.20000000 -0.27885967 0.03921569 0.51764706 1.00000000
v 0.88564969 0.20000000 -0.12114033 0.03921569 0.51764706 1.00000000
v 0.49435031 0.20000000 -0.27885967 0.03921569 0.51764706 1.00000000
v 0.49435031 0.20000000 -0.12114033 0.03921569 0.51764706 1.00000000
v 0.69000000 0.41000000 -0.20000000 0.03921569 0.51764706 1.00000000
v 0.69000000 -0.01000000 -0.20000000 0.03921569 0.51764706 1.00000000
v 0.61892609 0.03010643 -0.12500000 0.03921569 0.51764706 1.00000000
v 0.76107391 0.03010643 -0.12500000 0.03921569 0.51764706 1.00000000
v 0.61892609 0.36989357 -0.12500000 0.03921569 0.51764706 1.00000000
v 0.76107391 0.36989357 -0.12500000 0.03921569 0.51764706 1.00000000
v 0.69000000 0.20000000 -0.05000000 0.03921569 0.51764706 1.00000000
v 0.61892609 0.03010643 -0.27500000 0.03921569 0.51764706 1.00000000
v 0.76107391 0.03010643 -0.27500000 0.03921569 0.51764706 1.00000000
v 0.61892609 0.36989357 -0.27500000 0.03921569 0.51764706 1.00000000
v 0.76107391 0.36989357 -0.27500000 0.03921569 0.51764706 1.00000000
v 0.69000000 0.20000000 -0.35000000 0.03921569 0.51764706 1.00000000
v 0.87607391 0.30500000 -0.24635255 0.03921569 0.51764706 1.00000000
v 0.87607391 0.09500000 -0.24635255 0.03921569 0.51764706 1.00000000
v 0.80500000 0.13510643 -0.32135255 0.03921569 0.51764706 1.00000000
v 0.80500000 0.26489357 -0.32135255 0.03921569 0.51764706 1.00000000
v 0.87607391 0.30500000 -0.15364745 0.03921569 0.51764706 1.00000000
v 0.87607391 0.09500000 -0.15364745 0.03921569 0.51764706 1.00000000
v 0.80500000 0.13510643 -0.07864745 0.03921569 0.51764706 1.00000000
v 0.80500000 0.26489357 -0.07864745 0.03921569 0.51764706 1.00000000
v 0.92000000 0.20000000 -0.20000000 0.03921569 0.51764706 1.00000000
v 0.50392609 0.30500000 -0.24635255 0.03921569 0.51764706 1.00000000
v 0.50392609 0.09500000 -0.24635255 0.03921569 0.51764706 1.00000000
v 0.57500000 0.13510643 -0.32135255 0.03921569 0.51764706 1.00000000
v 0.57500000 0.26489357 -0.32135255 0.03921569 0.51764706 1.00000000
v 0.50392609 0.30500000 -0.15364745 0.03921569 0.51764706 1.00000000
v 0.50392609 0.09500000 -0.15364745 0.03921569 0.51764706 1.00000000
v 0.57500000 0.13510643 -0.07864745 0.03921569 0.51764706 1.00000000
v 0.57500000 0.26489357 -0.07864745 0.03921569 0.51764706 1.00000000
v 0.46000000 0.20000000 -0.20000000 0.03921569 0.51764706 1.00000000
v 0.62714870 0.40200706 -0.20000000 0.03921569 0.51764706 1.00000000
v 0.75285130 0.40200706 -0.20000000 0.03921569 0.51764706 1.00000000
v 0.62714870 -0.00200706 -0.20000000 0.03921569 0.51764706 1.00000000
v 0.75285130 -0.00200706 -0.20000000 0.03921569 0.51764706 1.00000000
v 0.59020563 0.01883962 -0.16101621 0.03921569 0.51764706 1.00000000
v 0.65305693 0.05430610 -0.09469303 0.03921569 0.51764706 1.00000000
v 0.65263423 0.00027813 -0.16057017 0.03921569 0.51764706 1.00000000
v 0.78979437 0.01883962 -0.16101621 0.03921569 0.51764706 1.00000000
v 0.72694307 0.05430610 -0.09469303 0.03921569 0.51764706 1.00000000
v 0.72736577 0.00027813 -0.16057017 0.03921569 0.51764706 1.00000000
v 0.69000000 0.02136333 -0.12114033 0.03921569 0.51764706 1.00000000
v 0.59020563 0.38116038 -0.16101621 0.03921569 0.51764706 1.00000000
v 0.65305693 0.34569390 -0.09469303 0.03921569 0.51764706 1.00000000
v 0.65263423 0.39972187 -0.16057017 0.03921569 0.51764706 1.00000000
v 0.78979437 0.38116038 -0.16101621 0.03921569 0.51764706 1.00000000
v 0.72694307 0.34569390 -0.09469303 0.03921569 0.51764706 1.00000000
v 0.72736577 0.39972187 -0.16057017 0.03921569 0.51764706 1.00000000
v 0.69000000 0.37863667 -0.12114033 0.03921569 0.51764706 1.00000000
v 0.69000000 0.14261403 -0.05570925 0.03921569 0.51764706 1.00000000
v 0.69000000 0.25738597 -0.05570925 0.03921569 0.51764706 1.00000000
v 0.59020563 0.01883962 -0.23898379 0.03921569 0.51764706 1.00000000
v 0.65305693 0.05430610 -0.30530697 0.03921569 0.51764706 1.00000000
v 0.65263423 0.00027813 -0.23942983 0.03921569 0.51764706 1.00000000
v 0.78979437 0.01883962 -0.23898379 0.03921569 0.51764706 1.00000000
v 0.72694307 0.05430610 -0.30530697 0.03921569 0.51764706 1.00000000
v 0.72736577 0.00027813 -0.23942983 0.03921569 0.51764706 1.00000000
v 0.69000000 0.02136333 -0.27885967 0.03921569 0.51764706 1.00000000
v 0.59020563 0.38116038 -0.23898379 0.03921569 0.51764706 1.00000000
v 0.65305693 0.34569390 -0.30530697 0.03921569 0.51764706 1.00000000
v 0.65263423 0.39972187 -0.23942983 0.03921569 0.51764706 1.00000000
v 0.78979437 0.38116038 -0.23898379 0.03921569 0.51764706 1.00000000
v 0.72694307 0.34569390 -0.30530697 0.03921569 0.51764706 1.00000000
v 0.72736577 0.39972187 -0.23942983 0.03921569 0.51764706 1.00000000
v 0.69000000 0.37863667 -0.27885967 0.03921569 0.51764706 1.00000000
v 0.69000000 0.14261403 -0.34429075 0.03921569 0.51764706 1.00000000
v 0.69000000 0.25738597 -0.34429075 0.03921569 0.51764706 1.00000000
v 0.84956951 0.34742975 -0.22409331 0.03921569 0.51764706 1.00000000
v 0.88841375 0.25457730 -0.26508328 0.03921569 0.51764706 1.00000000
v 0.82519061 0.34452010 -0.26379881 0.03921569 0.51764706 1.00000000
v 0.84956951 0.05257025 -0.22409331 0.03921569 0.51764706 1.00000000
v 0.88841375 0.14542270 -0.26508328 0.03921569 0.51764706 1.00000000
v 0.82519061 0.05547990 -0.26379881 0.03921569 0.51764706 1.00000000
v 0.74977514 0.10888340 -0.32940027 0.03921569 0.51764706 1.00000000
v 0.85147068 0.16626937 -0.30406707 0.03921569 0.51764706 1.00000000
v 0.78782484 0.07656510 -0.30322864 0.03921569 0.51764706 1.00000000
v 0.75045908 0.16588343 -0.34265848 0.03921569 0.51764706 1.00000000
v 0.84828392 0.11068167 -0.28816779 0.03921569 0.51764706 1.00000000
v 0.74977514 0.29111660 -0.32940027 0.03921569 0.51764706 1.00000000
v 0.85147068 0.23373063 -0.30406707 0.03921569 0.51764706 1.00000000
v 0.78782484 0.32343490 -0.30322864 0.03921569 0.51764706 1.00000000
v 0.75045908 0.23411657 -0.34265848 0.03921569 0.51764706 1.00000000
v 0.84828392 0.28931833 -0.28816779 0.03921569 0.51764706 1.00000000
v 0.81091816 0.20000000 -0.32759762 0.03921569 0.51764706 1.00000000
v 0.84956951 0.34742975 -0.17590669 0.03921569 0.51764706 1.00000000
v 0.88841375 0.25457730 -0.13491672 0.03921569 0.51764706 1.00000000
v 0.82519061 0.34452010 -0.13620119 0.03921569 0.51764706 1.00000000
v 0.88564969 0.31040353 -0.20000000 0.03921569 0.51764706 1.00000000
v 0.84956951 0.05257025 -0.17590669 0.03921569 0.51764706 1.00000000
v 0.88841375 0.14542270 -0.13491672 0.03921569 0.51764706 1.00000000
v 0.82519061 0.05547990 -0.13620119 0.03921569 0.51764706 1.00000000
v 0.88564969 0.08959647 -0.20000000 0.03921569 0.51764706 1.00000000
v 0.74977514 0.10888340 -0.07059973 0.03921569 0.51764706 1.00000000
v 0.85147068 0.16626937 -0.09593293 0.03921569 0.51764706 1.00000000
v 0.78782484 0.07656510 -0.09677136 0.03921569 0.51764706 1.00000000
v 0.75045908 0.16588343 -0.05734152 0.03921569 0.51764706 1.00000000
v 0.84828392 0.11068167 -0.11183221 0.03921569 0.51764706 1.00000000
v 0.74977514 0.29111660 -0.07059973 0.03921569 0.51764706 1.00000000
v 0.85147068 0.23373063 -0.09593293 0.03921569 0.51764706 1.00000000
v 0.78782484 0.32343490 -0.09677136 0.03921569 0.51764706 1.00000000
v 0.75045908 0.23411657 -0.05734152 0.03921569 0.51764706 1.00000000
v 0.84828392 0.28931833 -0.11183221 0.03921569 0.51764706 1.00000000
v 0.81091816 0.20000000 -0.07240238 0.03921569 0.51764706 1.00000000
v 0.91124582 0.20000000 -0.24098998 0.03921569 0.51764706 1.00000000
v 0.91124582 0.20000000 -0.15901002 0.03921569 0.51764706 1.00000000
v 0.90874300 0.25520177 -0.22436898 0.03921569 0.51764706 1.00000000
v 0.90874300 0.14479823 -0.22436898 0.03921569 0.51764706 1.00000000
v 0.90874300 0.25520177 -0.17563102 0.03921569 0.51764706 1.00000000
v 0.90874300 0.14479823 -0.17563102 0.03921569 0.51764706 1.00000000
v 0.53043049 0.34742975 -0.22409331 0.03921569 0.51764706 1.00000000
v 0.49158625 0.25457730 -0.26508328 0.03921569 0.51764706 1.00000000
v 0.55480939 0.34452010 -0.26379881 0.03921569 0.51764706 1.00000000
v 0.53043049 0.05257025 -0.22409331 0.03921569 0.51764706 1.00000000
v 0.49158625 0.14542270 -0.26508328 0.03921569 0.51764706 1.00000000
v 0.55480939 0.05547990 -0.26379881 0.03921569 0.51764706 1.00000000
v 0.63022486 0.10888340 -0.32940027 0.03921569 0.51764706 1.00000000
v 0.52852932 0.16626937 -0.30406707 0.03921569 0.51764706 1.00000000
v 0.59217516 0.07656510 -0.30322864 0.03921569 0.51764706 1.00000000
v 0.62954092 0.16588343 -0.34265848 0.03921569 0.51764706 1.00000000
v 0.53171608 0.11068167 -0.28816779 0.03921569 0.51764706 1.00000000
v 0.63022486 0.29111660 -0.32940027 0.03921569 0.51764706 1.00000000
v 0.52852932 0.23373063 -0.30406707 0.03921569 0.51764706 1.00000000
v 0.59217516 0.32343490 -0.30322864 0.03921569 0.51764706 1.00000000
v 0.62954092 0.23411657 -0.34265848 0.03921569 0.51764706 1.00000000
v 0.53171608 0.28931833 -0.28816779 0.03921569 0.51764706 1.00000000
v 0.56908184 0.20000000 -0.32759762 0.03921569 0.51764706 1.00000000
v 0.53043049 0.34742975 -0.17590669 0.03921569 0.51764706 1.00000000
v 0.49158625 0.25457730 -0.13491672 0.03921569 0.51764706 1.00000000
v 0.55480939 0.34452010 -0.13620119 0.03921569 0.51764706 1.00000000
v 0.49435031 0.31040353 -0.20000000 0.03921569 0.51764706 1.00000000
v 0.53043049 0.05257025 -0.17590669 0.03921569 0.51764706 1.00000000
v 0.49158625 0.14542270 -0.13491672 0.03921569 0.51764706 1.00000000
v 0.55480939 0.05547990 -0.13620119 0.03921569 0.51764706 1.00000000
v 0.49435031 0.08959647 -0.20000000 0.03921569 0.51764706 1.00000000
v 0.63022486 0.10888340 -0.07059973 0.03921569 0.51764706 1.00000000
v 0.52852932 0.16626937 -0.09593293 0.03921569 0.51764706 1.00000000
v 0.59217516 0.07656510 -0.09677136 0.03921569 0.51764706 1.00000000
v 0.62954092 0.16588343 -0.05734152 0.03921569 0.51764706 1.00000000
v 0.53171608 0.11068167 -0.11183221 0.03921569 0.51764706 1.00000000
v 0.63022486 0.29111660 -0.07059973 0.03921569 0.51764706 1.00000000
v 0.52852932 0.23373063 -0.09593293 0.03921569 0.51764706 1.00000000
v 0.59217516 0.32343490 -0.09677136 0.03921569 0.51764706 1.00000000
v 0.62954092 0.23411657 -0.05734152 0.03921569 0.51764706 1.00000000
v 0.53171608 0.28931833 -0.11183221 0.03921569 0.51764706 1.00000000
v 0.56908184 0.20000000 -0.07240238 0.03921569 0.51764706 1.00000000
v 0.46875418 0.20000000 -0.24098998 0.03921569 0.51764706 1.00000000
v 0.46875418 0.20000000 -0.15901002 0.03921569 0.51764706 1.00000000
v 0.47125700 0.25520177 -0.22436898 0.03921569 0.51764706 1.00000000
v 0.47125700 0.14479823 -0.22436898 0.03921569 0.51764706 1.00000000
v 0.47125700 0.25520177 -0.17563102 0.03921569 0.51764706 1.00000000
v 0.47125700 0.14479823 -0.17563102 0.03921569 0.51764706 1.00000000
f 1 533 197
f 533 138 535
f 197 535 54
f 533 535 197
f 138 534 542
f 534 38 540
f 542 540 140
f 534 540 542
f 54 541 198
f 541 140 539
f 198 539 17
f 541 539 198
f 138 542 535
f 542 140 541
f 535 541 54
f 542 541 535
f 38 538 601
f 538 139 603
f 601 603 155
f 538 603 601
f 139 537 589
f 537 12 587
f 589 587 152
f 537 587 589
f 155 605 602
f 605 152 588
f 602 588 41
f 605 588 602
f 139 589 603
f 589 152 605
f 603 605 155
f 589 605 603
f 17 591 201
f 591 153 593
f 201 593 55
f 591 593 201
f 153 592 595
f 592 41 584
f 595 584 151
f 592 584 595
f 55 585 200
f 585 151 583
f 200 583 6
f 585 583 200
f 153 595 593
f 595 151 585
f 593 585 55
f 595 585 593
f 38 601 540
f 601 155 604
f 540 604 140
f 601 604 540
f 155 602 606
f 602 41 592
f 606 592 153
f 602 592 606
f 140 594 539
f 594 153 591
f 539 591 17
f 594 591 539
f 155 606 604
f 606 153 594
f 604 594 140
f 606 594 604
f 1 197 163
f 197 54 199
f 163 199 43
f 197 199 163
f 54 198 205
f 198 17 203
f 205 203 56
f 198 203 205
f 43 204 164
f 204 56 202
f 164 202 13
f 204 202 164
f 54 205 199
f 205 56 204
f 199 204 43
f 205 204 199
f 17 201 217
f 201 55 219
f 217 219 60
f 201 219 217
f 55 200 211
f 200 6 209
f 211 209 58
f 200 209 211
f 60 221 218
f 221 58 210
f 218 210 18
f 221 210 218
f 55 211 219
f 211 58 221
f 219 221 60
f 211 221 219
f 13 212 166
f 212 59 214
f 166 214 44
f 212 214 166
f 59 213 216
f 213 18 207
f 216 207 57
f 213 207 216
f 44 208 165
f 208 57 206
f 165 206 2
f 208 206 165
f 59 216 214
f 216 57 208
f 214 208 44
f 216 208 214
f 17 217 203
f 217 60 220
f 203 220 56
f 217 220 203
f 60 218 222
f 218 18 213
f 222 213 59
f 218 213 222
f 56 215 202
f 215 59 212
f 202 212 13
f 215 212 202
f 60 222 220
f 222 59 215
f 220 215 56
f 222 215 220
f 1 163 253
f 163 43 255
f 253 255 70
f 163 255 253
f 43 164 260
f 164 13 258
f 260 258 72
f 164 258 260
f 70 261 254
f 261 72 259
f 254 259 22
f 261 259 254
f 43 260 255
f 260 72 261
f 255 261 70
f 260 261 255
f 13 166 268
f 166 44 270
f 268 270 75
f 166 270 268
f 44 165 264
f 165 2 262
f 264 262 73
f 165 262 264
f 75 272 269
f 272 73 263
f 269 263 23
f 272 263 269
f 44 264 270
f 264 73 272
f 270 272 75
f 264 272 270
f 22 273 257
f 273 76 275
f 257 275 71
f 273 275 257
f 76 274 277
f 274 23 266
f 277 266 74
f 274 266 277
f 71 267 256
f 267 74 265
f 256 265 8
f 267 265 256
f 76 277 275
f 277 74 267
f 275 267 71
f 277 267 275
f 13 268 258
f 268 75 271
f 258 271 72
f 268 271 258
f 75 269 278
f 269 23 274
f 278 274 76
f 269 274 278
f 72 276 259
f 276 76 273
f 259 273 22
f 276 273 259
f 75 278 271
f 278 76 276
f 271 276 72
f 278 276 271
f 1 253 463
f 253 70 465
f 463 465 121
f 253 465 463
f 70 254 470
f 254 22 468
f 470 468 123
f 254 468 470
f 121 471 464
f 471 123 469
f 464 469 34
f 471 469 464
f 70 470 465
f 470 123 471
f 465 471 121
f 470 471 465
f 22 257 511
f 257 71 513
f 511 513 134
f 257 513 511
f 71 256 505
f 256 8 503
f 505 503 132
f 256 503 505
f 134 515 512
f 515 132 504
f 512 504 37
f 515 504 512
f 71 505 513
f 505 132 515
f 513 515 134
f 505 515 513
f 34 521 467
f 521 136 523
f 467 523 122
f 521 523 467
f 136 522 525
f 522 37 508
f 525 508 133
f 522 508 525
f 122 509 466
f 509 133 507
f 466 507 11
f 509 507 466
f 136 525 523
f 525 133 509
f 523 509 122
f 525 509 523
f 22 511 468
f 511 134 514
f 468 514 123
f 511 514 468
f 134 512 526
f 512 37 522
f 526 522 136
f 512 522 526
f 123 524 469
f 524 136 521
f 469 521 34
f 524 521 469
f 134 526 514
f 526 136 524
f 514 524 123
f 526 524 514
f 1 463 533
f 463 121 536
f 533 536 138
f 463 536 533
f 121 464 545
f 464 34 543
f 545 543 141
f 464 543 545
f 138 546 534
f 546 141 544
f 534 544 38
f 546 544 534
f 121 545 536
f 545 141 546
f 536 546 138
f 545 546 536
f 34 467 621
f 467 122 623
f 621 623 159
f 467 623 621
f 122 466 615
f 466 11 613
f 615 613 157
f 466 613 615
f 159 625 622
f 625 157 614
f 622 614 42
f 625 614 622
f 122 615 623
f 615 157 625
f 623 625 159
f 615 625 623
f 38 631 538
f 631 161 633
f 538 633 139
f 631 633 538
f 161 632 635
f 632 42 618
f 635 618 158
f 632 618 635
f 139 619 537
f 619 158 617
f 537 617 12
f 619 617 537
f 161 635 633
f 635 158 619
f 633 619 139
f 635 619 633
f 34 621 543
f 621 159 624
f 543 624 141
f 621 624 543
f 159 622 636
f 622 42 632
f 636 632 161
f 622 632 636
f 141 634 544
f 634 161 631
f 544 631 38
f 634 631 544
f 159 636 624
f 636 161 634
f 624 634 141
f 636 634 624
f 2 206 353
f 206 57 355
f 353 355 96
f 206 355 353
f 57 207 361
f 207 18 359
f 361 359 98
f 207 359 361
f 96 362 354
f 362 98 360
f 354 360 29
f 362 360 354
f 57 361 355
f 361 98 362
f 355 362 96
f 361 362 355
f 18 210 411
f 210 58 413
f 411 413 111
f 210 413 411
f 58 209 405
f 209 6 403
f 405 403 109
f 209 403 405
f 111 415 412
f 415 109 404
f 412 404 32
f 415 404 412
f 58 405 413
f 405 109 415
f 413 415 111
f 405 415 413
f 29 421 358
f 421 113 423
f 358 423 97
f 421 423 358
f 113 422 425
f 422 32 408
f 425 408 110
f 422 408 425
f 97 409 357
f 409 110 407
f 357 407 10
f 409 407 357
f 113 425 423
f 425 110 409
f 423 409 97
f 425 409 423
f 18 411 359
f 411 111 414
f 359 414 98
f 411 414 359
f 111 412 426
f 412 32 422
f 426 422 113
f 412 422 426
f 98 424 360
f 424 113 421
f 360 421 29
f 424 421 360
f 111 426 414
f 426 113 424
f 414 424 98
f 426 424 414
f 6 583 225
f 583 151 586
f 225 586 62
f 583 586 225
f 151 584 600
f 584 41 597
f 600 597 154
f 584 597 600
f 62 598 226
f 598 154 596
f 226 596 19
f 598 596 226
f 151 600 586
f 600 154 598
f 586 598 62
f 600 598 586
f 41 588 608
f 588 152 611
f 608 611 156
f 588 611 608
f 152 587 590
f 587 12 565
f 590 565 147
f 587 565 590
f 156 609 607
f 609 147 566
f 607 566 40
f 609 566 607
f 152 590 611
f 590 147 609
f 611 609 156
f 590 609 611
f 19 573 224
f 573 149 575
f 224 575 61
f 573 575 224
f 149 574 576
f 574 40 562
f 576 562 146
f 574 562 576
f 61 564 223
f 564 146 561
f 223 561 5
f 564 561 223
f 149 576 575
f 576 146 564
f 575 564 61
f 576 564 575
f 41 608 597
f 608 156 612
f 597 612 154
f 608 612 597
f 156 607 610
f 607 40 574
f 610 574 149
f 607 574 610
f 154 599 596
f 599 149 573
f 596 573 19
f 599 573 596
f 156 610 612
f 610 149 599
f 612 599 154
f 610 599 612
f 12 617 551
f 617 158 620
f 551 620 143
f 617 620 551
f 158 618 641
f 618 42 638
f 641 638 162
f 618 638 641
f 143 639 552
f 639 162 637
f 552 637 39
f 639 637 552
f 158 641 620
f 641 162 639
f 620 639 143
f 641 639 620
f 42 614 627
f 614 157 630
f 627 630 160
f 614 630 627
f 157 613 616
f 613 11 475
f 616 475 125
f 613 475 616
f 160 628 626
f 628 125 476
f 626 476 35
f 628 476 626
f 157 616 630
f 616 125 628
f 630 628 160
f 616 628 630
f 39 558 548
f 558 145 560
f 548 560 142
f 558 560 548
f 145 557 559
f 557 35 473
f 559 473 124
f 557 473 559
f 142 550 547
f 550 124 472
f 547 472 3
f 550 472 547
f 145 559 560
f 559 124 550
f 560 550 142
f 559 550 560
f 42 627 638
f 627 160 642
f 638 642 162
f 627 642 638
f 160 626 629
f 626 35 557
f 629 557 145
f 626 557 629
f 162 640 637
f 640 145 558
f 637 558 39
f 640 558 637
f 160 629 642
f 629 145 640
f 642 640 162
f 629 640 642
f 11 507 485
f 507 133 510
f 485 510 128
f 507 510 485
f 133 508 531
f 508 37 528
f 531 528 137
f 508 528 531
f 128 529 486
f 529 137 527
f 486 527 36
f 529 527 486
f 133 531 510
f 531 137 529
f 510 529 128
f 531 529 510
f 37 504 517
f 504 132 520
f 517 520 135
f 504 520 517
f 132 503 506
f 503 8 281
f 506 281 78
f 503 281 506
f 135 518 516
f 518 78 282
f 516 282 24
f 518 282 516
f 132 506 520
f 506 78 518
f 520 518 135
f 506 518 520
f 36 494 482
f 494 130 496
f 482 496 127
f 494 496 482
f 130 493 495
f 493 24 280
f 495 280 77
f 493 280 495
f 127 484 481
f 484 77 279
f 481 279 7
f 484 279 481
f 130 495 496
f 495 77 484
f 496 484 127
f 495 484 496
f 37 517 528
f 517 135 532
f 528 532 137
f 517 532 528
f 135 516 519
f 516 24 493
f 519 493 130
f 516 493 519
f 137 530 527
f 530 130 494
f 527 494 36
f 530 494 527
f 135 519 532
f 519 130 530
f 532 530 137
f 519 530 532
f 8 265 323
f 265 74 325
f 323 325 90
f 265 325 323
f 74 266 333
f 266 23 331
f 333 331 92
f 266 331 333
f 90 335 324
f 335 92 332
f 324 332 28
f 335 332 324
f 74 333 325
f 333 92 335
f 325 335 90
f 333 335 325
f 23 263 288
f 263 73 290
f 288 290 81
f 263 290 288
f 73 262 285
f 262 2 283
f 285 283 79
f 262 283 285
f 81 291 289
f 291 79 284
f 289 284 25
f 291 284 289
f 73 285 290
f 285 79 291
f 290 291 81
f 285 291 290
f 28 342 328
f 342 94 345
f 328 345 91
f 342 345 328
f 94 341 343
f 341 25 287
f 343 287 80
f 341 287 343
f 91 329 327
f 329 80 286
f 327 286 9
f 329 286 327
f 94 343 345
f 343 80 329
f 345 329 91
f 343 329 345
f 23 288 331
f 288 81 334
f 331 334 92
f 288 334 331
f 81 289 344
f 289 25 341
f 344 341 94
f 289 341 344
f 92 346 332
f 346 94 342
f 332 342 28
f 346 342 332
f 81 344 334
f 344 94 346
f 334 346 92
f 344 346 334
f 4 367 180
f 367 100 369
f 180 369 50
f 367 369 180
f 100 368 376
f 368 30 374
f 376 374 102
f 368 374 376
f 50 375 181
f 375 102 373
f 181 373 16
f 375 373 181
f 100 376 369
f 376 102 375
f 369 375 50
f 376 375 369
f 30 372 397
f 372 101 399
f 397 399 108
f 372 399 397
f 101 371 387
f 371 10 385
f 387 385 105
f 371 385 387
f 108 401 398
f 401 105 386
f 398 386 31
f 401 386 398
f 101 387 399
f 387 105 401
f 399 401 108
f 387 401 399
f 16 388 184
f 388 106 390
f 184 390 51
f 388 390 184
f 106 389 392
f 389 31 382
f 392 382 104
f 389 382 392
f 51 383 183
f 383 104 381
f 183 381 5
f 383 381 183
f 106 392 390
f 392 104 383
f 390 383 51
f 392 383 390
f 30 397 374
f 397 108 400
f 374 400 102
f 397 400 374
f 108 398 402
f 398 31 389
f 402 389 106
f 398 389 402
f 102 391 373
f 391 106 388
f 373 388 16
f 391 388 373
f 108 402 400
f 402 106 391
f 400 391 102
f 402 391 400
f 4 180 169
f 180 50 182
f 169 182 46
f 180 182 169
f 50 181 190
f 181 16 187
f 190 187 52
f 181 187 190
f 46 188 170
f 188 52 186
f 170 186 14
f 188 186 170
f 50 190 182
f 190 52 188
f 182 188 46
f 190 188 182
f 16 184 192
f 184 51 195
f 192 195 53
f 184 195 192
f 51 183 185
f 183 5 174
f 185 174 48
f 183 174 185
f 53 193 191
f 193 48 175
f 191 175 15
f 193 175 191
f 51 185 195
f 185 48 193
f 195 193 53
f 185 193 195
f 14 176 168
f 176 49 178
f 168 178 45
f 176 178 168
f 49 177 179
f 177 15 172
f 179 172 47
f 177 172 179
f 45 173 167
f 173 47 171
f 167 171 3
f 173 171 167
f 49 179 178
f 179 47 173
f 178 173 45
f 179 173 178
f 16 192 187
f 192 53 196
f 187 196 52
f 192 196 187
f 53 191 194
f 191 15 177
f 194 177 49
f 191 177 194
f 52 189 186
f 189 49 176
f 186 176 14
f 189 176 186
f 53 194 196
f 194 49 189
f 196 189 52
f 194 189 196
f 4 169 236
f 169 46 238
f 236 238 66
f 169 238 236
f 46 170 244
f 170 14 242
f 244 242 68
f 170 242 244
f 66 246 237
f 246 68 243
f 237 243 21
f 246 243 237
f 46 244 238
f 244 68 246
f 238 246 66
f 244 246 238
f 14 168 232
f 168 45 234
f 232 234 65
f 168 234 232
f 45 167 229
f 167 3 227
f 229 227 63
f 167 227 229
f 65 235 233
f 235 63 228
f 233 228 20
f 235 228 233
f 45 229 234
f 229 63 235
f 234 235 65
f 229 235 234
f 21 248 240
f 248 69 251
f 240 251 67
f 248 251 240
f 69 247 249
f 247 20 231
f 249 231 64
f 247 231 249
f 67 241 239
f 241 64 230
f 239 230 7
f 241 230 239
f 69 249 251
f 249 64 241
f 251 241 67
f 249 241 251
f 14 232 242
f 232 65 245
f 242 245 68
f 232 245 242
f 65 233 250
f 233 20 247
f 250 247 69
f 233 247 250
f 68 252 243
f 252 69 248
f 243 248 21
f 252 248 243
f 65 250 245
f 250 69 252
f 245 252 68
f 250 252 245
f 4 236 292
f 236 66 294
f 292 294 82
f 236 294 292
f 66 237 299
f 237 21 297
f 299 297 84
f 237 297 299
f 82 300 293
f 300 84 298
f 293 298 26
f 300 298 293
f 66 299 294
f 299 84 300
f 294 300 82
f 299 300 294
f 21 240 308
f 240 67 310
f 308 310 87
f 240 310 308
f 67 239 303
f 239 7 301
f 303 301 85
f 239 301 303
f 87 312 309
f 312 85 302
f 309 302 27
f 312 302 309
f 67 303 310
f 303 85 312
f 310 312 87
f 303 312 310
f 26 317 296
f 317 89 319
f 296 319 83
f 317 319 296
f 89 318 321
f 318 27 306
f 321 306 86
f 318 306 321
f 83 307 295
f 307 86 305
f 295 305 9
f 307 305 295
f 89 321 319
f 321 86 307
f 319 307 83
f 321 307 319
f 21 308 297
f 308 87 311
f 297 311 84
f 308 311 297
f 87 309 322
f 309 27 318
f 322 318 89
f 309 318 322
f 84 320 298
f 320 89 317
f 298 317 26
f 320 317 298
f 87 322 311
f 322 89 320
f 311 320 84
f 322 320 311
f 4 292 367
f 292 82 370
f 367 370 100
f 292 370 367
f 82 293 379
f 293 26 377
f 379 377 103
f 293 377 379
f 100 380 368
f 380 103 378
f 368 378 30
f 380 378 368
f 82 379 370
f 379 103 380
f 370 380 100
f 379 380 370
f 26 296 446
f 296 83 448
f 446 448 118
f 296 448 446
f 83 295 436
f 295 9 433
f 436 433 115
f 295 433 436
f 118 450 447
f 450 115 434
f 447 434 33
f 450 434 447
f 83 436 448
f 436 115 450
f 448 450 118
f 436 450 448
f 30 457 372
f 457 120 459
f 372 459 101
f 457 459 372
f 120 458 461
f 458 33 438
f 461 438 116
f 458 438 461
f 101 440 371
f 440 116 437
f 371 437 10
f 440 437 371
f 120 461 459
f 461 116 440
f 459 440 101
f 461 440 459
f 26 446 377
f 446 118 449
f 377 449 103
f 446 449 377
f 118 447 462
f 447 33 458
f 462 458 120
f 447 458 462
f 103 460 378
f 460 120 457
f 378 457 30
f 460 457 378
f 118 462 449
f 462 120 460
f 449 460 103
f 462 460 449
f 5 381 223
f 381 104 384
f 223 384 61
f 381 384 223
f 104 382 396
f 382 31 394
f 396 394 107
f 382 394 396
f 61 395 224
f 395 107 393
f 224 393 19
f 395 393 224
f 104 396 384
f 396 107 395
f 384 395 61
f 396 395 384
f 31 386 427
f 386 105 429
f 427 429 114
f 386 429 427
f 105 385 410
f 385 10 407
f 410 407 110
f 385 407 410
f 114 431 428
f 431 110 408
f 428 408 32
f 431 408 428
f 105 410 429
f 410 110 431
f 429 431 114
f 410 431 429
f 19 416 226
f 416 112 418
f 226 418 62
f 416 418 226
f 112 417 420
f 417 32 404
f 420 404 109
f 417 404 420
f 62 406 225
f 406 109 403
f 225 403 6
f 406 403 225
f 112 420 418
f 420 109 406
f 418 406 62
f 420 406 418
f 31 427 394
f 427 114 430
f 394 430 107
f 427 430 394
f 114 428 432
f 428 32 417
f 432 417 112
f 428 417 432
f 107 419 393
f 419 112 416
f 393 416 19
f 419 416 393
f 114 432 430
f 432 112 419
f 430 419 107
f 432 419 430
f 3 171 547
f 171 47 549
f 547 549 142
f 171 549 547
f 47 172 555
f 172 15 553
f 555 553 144
f 172 553 555
f 142 556 548
f 556 144 554
f 548 554 39
f 556 554 548
f 47 555 549
f 555 144 556
f 549 556 142
f 555 556 549
f 15 175 568
f 175 48 570
f 568 570 148
f 175 570 568
f 48 174 563
f 174 5 561
f 563 561 146
f 174 561 563
f 148 572 569
f 572 146 562
f 569 562 40
f 572 562 569
f 48 563 570
f 563 146 572
f 570 572 148
f 563 572 570
f 39 577 552
f 577 150 579
f 552 579 143
f 577 579 552
f 150 578 581
f 578 40 566
f 581 566 147
f 578 566 581
f 143 567 551
f 567 147 565
f 551 565 12
f 567 565 551
f 150 581 579
f 581 147 567
f 579 567 143
f 581 567 579
f 15 568 553
f 568 148 571
f 553 571 144
f 568 571 553
f 148 569 582
f 569 40 578
f 582 578 150
f 569 578 582
f 144 580 554
f 580 150 577
f 554 577 39
f 580 577 554
f 148 582 571
f 582 150 580
f 571 580 144
f 582 580 571
f 7 230 481
f 230 64 483
f 481 483 127
f 230 483 481
f 64 231 490
f 231 20 488
f 490 488 129
f 231 488 490
f 127 492 482
f 492 129 489
f 482 489 36
f 492 489 482
f 64 490 483
f 490 129 492
f 483 492 127
f 490 492 483
f 20 228 477
f 228 63 479
f 477 479 126
f 228 479 477
f 63 227 474
f 227 3 472
f 474 472 124
f 227 472 474
f 126 480 478
f 480 124 473
f 478 473 35
f 480 473 478
f 63 474 479
f 474 124 480
f 479 480 126
f 474 480 479
f 36 498 486
f 498 131 501
f 486 501 128
f 498 501 486
f 131 497 499
f 497 35 476
f 499 476 125
f 497 476 499
f 128 487 485
f 487 125 475
f 485 475 11
f 487 475 485
f 131 499 501
f 499 125 487
f 501 487 128
f 499 487 501
f 20 477 488
f 477 126 491
f 488 491 129
f 477 491 488
f 126 478 500
f 478 35 497
f 500 497 131
f 478 497 500
f 129 502 489
f 502 131 498
f 489 498 36
f 502 498 489
f 126 500 491
f 500 131 502
f 491 502 129
f 500 502 491
f 9 305 327
f 305 86 330
f 327 330 91
f 305 330 327
f 86 306 349
f 306 27 347
f 349 347 95
f 306 347 349
f 91 351 328
f 351 95 348
f 328 348 28
f 351 348 328
f 86 349 330
f 349 95 351
f 330 351 91
f 349 351 330
f 27 302 314
f 302 85 316
f 314 316 88
f 302 316 314
f 85 301 304
f 301 7 279
f 304 279 77
f 301 279 304
f 88 315 313
f 315 77 280
f 313 280 24
f 315 280 313
f 85 304 316
f 304 77 315
f 316 315 88
f 304 315 316
f 28 337 324
f 337 93 340
f 324 340 90
f 337 340 324
f 93 336 338
f 336 24 282
f 338 282 78
f 336 282 338
f 90 326 323
f 326 78 281
f 323 281 8
f 326 281 323
f 93 338 340
f 338 78 326
f 340 326 90
f 338 326 340
f 27 314 347
f 314 88 350
f 347 350 95
f 314 350 347
f 88 313 339
f 313 24 336
f 339 336 93
f 313 336 339
f 95 352 348
f 352 93 337
f 348 337 28
f 352 337 348
f 88 339 350
f 339 93 352
f 350 352 95
f 339 352 350
f 10 437 357
f 437 116 439
f 357 439 97
f 437 439 357
f 116 438 455
f 438 33 452
f 455 452 119
f 438 452 455
f 97 453 358
f 453 119 451
f 358 451 29
f 453 451 358
f 116 455 439
f 455 119 453
f 439 453 97
f 455 453 439
f 33 434 442
f 434 115 445
f 442 445 117
f 434 445 442
f 115 433 435
f 433 9 286
f 435 286 80
f 433 286 435
f 117 443 441
f 443 80 287
f 441 287 25
f 443 287 441
f 115 435 445
f 435 80 443
f 445 443 117
f 435 443 445
f 29 364 354
f 364 99 366
f 354 366 96
f 364 366 354
f 99 363 365
f 363 25 284
f 365 284 79
f 363 284 365
f 96 356 353
f 356 79 283
f 353 283 2
f 356 283 353
f 99 365 366
f 365 79 356
f 366 356 96
f 365 356 366
f 33 442 452
f 442 117 456
f 452 456 119
f 442 456 452
f 117 441 444
f 441 25 363
f 444 363 99
f 441 363 444
f 119 454 451
f 454 99 364
f 451 364 29
f 454 364 451
f 117 444 456
f 444 99 454
f 456 454 119
f 444 454 456
f 643 1175 839
f 1175 780 1177
f 839 1177 696
f 1175 1177 839
f 780 1176 1184
f 1176 680 1182
f 1184 1182 782
f 1176 1182 1184
f 696 1183 840
f 1183 782 1181
f 840 1181 659
f 1183 1181 840
f 780 1184 1177
f 1184 782 1183
f 1177 1183 696
f 1184 1183 1177
f 680 1180 1243
f 1180 781 1245
f 1243 1245 797
f 1180 1245 1243
f 781 1179 1231
f 1179 654 1229
f 1231 1229 794
f 1179 1229 1231
f 797 1247 1244
f 1247 794 1230
f 1244 1230 683
f 1247 1230 1244
f 781 1231 1245
f 1231 794 1247
f 1245 1247 797
f 1231 1247 1245
f 659 1233 843
f 1233 795 1235
f 843 1235 697
f 1233 1235 843
f 795 1234 1237
f 1234 683 1226
f 1237 1226 793
f 1234 1226 1237
f 697 1227 842
f 1227 793 1225
f 842 1225 648
f 1227 1225 842
f 795 1237 1235
f 1237 793 1227
f 1235 1227 697
f 1237 1227 1235
f 680 1243 1182
f 1243 797 1246
f 1182 1246 782
f 1243 1246 1182
f 797 1244 1248
f 1244 683 1234
f 1248 1234 795
f 1244 1234 1248
f 782 1236 1181
f 1236 795 1233
f 1181 1233 659
f 1236 1233 1181
f 797 1248 1246
f 1248 795 1236
f 1246 1236 782
f 1248 1236 1246
f 643 839 805
f 839 696 841
f 805 841 685
f 839 841 805
f 696 840 847
f 840 659 845
f 847 845 698
f 840 845 847
f 685 846 806
f 846 698 844
f 806 844 655
f 846 844 806
f 696 847 841
f 847 698 846
f 841 846 685
f 847 846 841
f 659 843 859
f 843 697 861
f 859 861 702
f 843 861 859
f 697 842 853
f 842 648 851
f 853 851 700
f 842 851 853
f 702 863 860
f 863 700 852
f 860 852 660
f 863 852 860
f 697 853 861
f 853 700 863
f 861 863 702
f 853 863 861
f 655 854 808
f 854 701 856
f 808 856 686
f 854 856 808
f 701 855 858
f 855 660 849
f 858 849 699
f 855 849 858
f 686 850 807
f 850 699 848
f 807 848 644
f 850 848 807
f 701 858 856
f 858 699 850
f 856 850 686
f 858 850 856
f 659 859 845
f 859 702 862
f 845 862 698
f 859 862 845
f 702 860 864
f 860 660 855
f 864 855 701
f 860 855 864
f 698 857 844
f 857 701 854
f 844 854 655
f 857 854 844
f 702 864 862
f 864 701 857
f 862 857 698
f 864 857 862
f 643 805 895
f 805 685 897
f 895 897 712
f 805 897 895
f 685 806 902
f 806 655 900
f 902 900 714
f 806 900 902
f 712 903 896
f 903 714 901
f 896 901 664
f 903 901 896
f 685 902 897
f 902 714 903
f 897 903 712
f 902 903 897
f 655 808 910
f 808 686 912
f 910 912 717
f 808 912 910
f 686 807 906
f 807 644 904
f 906 904 715
f 807 904 906
f 717 914 911
f 914 715 905
f 911 905 665
f 914 905 911
f 686 906 912
f 906 715 914
f 912 914 717
f 906 914 912
f 664 915 899
f 915 718 917
f 899 917 713
f 915 917 899
f 718 916 919
f 916 665 908
f 919 908 716
f 916 908 919
f 713 909 898
f 909 716 907
f 898 907 650
f 909 907 898
f 718 919 917
f 919 716 909
f 917 909 713
f 919 909 917
f 655 910 900
f 910 717 913
f 900 913 714
f 910 913 900
f 717 911 920
f 911 665 916
f 920 916 718
f 911 916 920
f 714 918 901
f 918 718 915
f 901 915 664
f 918 915 901
f 717 920 913
f 920 718 918
f 913 918 714
f 920 918 913
f 643 895 1105
f 895 712 1107
f 1105 1107 763
f 895 1107 1105
f 712 896 1112
f 896 664 1110
f 1112 1110 765
f 896 1110 1112
f 763 1113 1106
f 1113 765 1111
f 1106 1111 676
f 1113 1111 1106
f 712 1112 1107
f 1112 765 1113
f 1107 1113 763
f 1112 1113 1107
f 664 899 1153
f 899 713 1155
f 1153 1155 776
f 899 1155 1153
f 713 898 1147
f 898 650 1145
f 1147 1145 774
f 898 1145 1147
f 776 1157 1154
f 1157 774 1146
f 1154 1146 679
f 1157 1146 1154
f 713 1147 1155
f 1147 774 1157
f 1155 1157 776
f 1147 1157 1155
f 676 1163 1109
f 1163 778 1165
f 1109 1165 764
f 1163 1165 1109
f 778 1164 1167
f 1164 679 1150
f 1167 1150 775
f 1164 1150 1167
f 764 1151 1108
f 1151 775 1149
f 1108 1149 653
f 1151 1149 1108
f 778 1167 1165
f 1167 775 1151
f 1165 1151 764
f 1167 1151 1165
f 664 1153 1110
f 1153 776 1156
f 1110 1156 765
f 1153 1156 1110
f 776 1154 1168
f 1154 679 1164
f 1168 1164 778
f 1154 1164 1168
f 765 1166 1111
f 1166 778 1163
f 1111 1163 676
f 1166 1163 1111
f 776 1168 1156
f 1168 778 1166
f 1156 1166 765
f 1168 1166 1156
f 643 1105 1175
f 1105 763 1178
f 1175 1178 780
f 1105 1178 1175
f 763 1106 1187
f 1106 676 1185
f 1187 1185 783
f 1106 1185 1187
f 780 1188 1176
f 1188 783 1186
f 1176 1186 680
f 1188 1186 1176
f 763 1187 1178
f 1187 783 1188
f 1178 1188 780
f 1187 1188 1178
f 676 1109 1263
f 1109 764 1265
f 1263 1265 801
f 1109 1265 1263
f 764 1108 1257
f 1108 653 1255
f 1257 1255 799
f 1108 1255 1257
f 801 1267 1264
f 1267 799 1256
f 1264 1256 684
f 1267 1256 1264
f 764 1257 1265
f 1257 799 1267
f 1265 1267 801
f 1257 1267 1265
f 680 1273 1180
f 1273 803 1275
f 1180 1275 781
f 1273 1275 1180
f 803 1274 1277
f 1274 684 1260
f 1277 1260 800
f 1274 1260 1277
f 781 1261 1179
f 1261 800 1259
f 1179 1259 654
f 1261 1259 1179
f 803 1277 1275
f 1277 800 1261
f 1275 1261 781
f 1277 1261 1275
f 676 1263 1185
f 1263 801 1266
f 1185 1266 783
f 1263 1266 1185
f 801 1264 1278
f 1264 684 1274
f 1278 1274 803
f 1264 1274 1278
f 783 1276 1186
f 1276 803 1273
f 1186 1273 680
f 1276 1273 1186
f 801 1278 1266
f 1278 803 1276
f 1266 1276 783
f 1278 1276 1266
f 644 848 995
f 848 699 997
f 995 997 738
f 848 997 995
f 699 849 1003
f 849 660 1001
f 1003 1001 740
f 849 1001 1003
f 738 1004 996
f 1004 740 1002
f 996 1002 671
f 1004 1002 996
f 699 1003 997
f 1003 740 1004
f 997 1004 738
f 1003 1004 997
f 660 852 1053
f 852 700 1055
f 1053 1055 753
f 852 1055 1053
f 700 851 1047
f 851 648 1045
f 1047 1045 751
f 851 1045 1047
f 753 1057 1054
f 1057 751 1046
f 1054 1046 674
f 1057 1046 1054
f 700 1047 1055
f 1047 751 1057
f 1055 1057 753
f 1047 1057 1055
f 671 1063 1000
f 1063 755 1065
f 1000 1065 739
f 1063 1065 1000
f 755 1064 1067
f 1064 674 1050
f 1067 1050 752
f 1064 1050 1067
f 739 1051 999
f 1051 752 1049
f 999 1049 652
f 1051 1049 999
f 755 1067 1065
f 1067 752 1051
f 1065 1051 739
f 1067 1051 1065
f 660 1053 1001
f 1053 753 1056
f 1001 1056 740
f 1053 1056 1001
f 753 1054 1068
f 1054 674 1064
f 1068 1064 755
f 1054 1064 1068
f 740 1066 1002
f 1066 755 1063
f 1002 1063 671
f 1066 1063 1002
f 753 1068 1056
f 1068 755 1066
f 1056 1066 740
f 1068 1066 1056
f 648 1225 867
f 1225 793 1228
f 867 1228 704
f 1225 1228 867
f 793 1226 1242
f 1226 683 1239
f 1242 1239 796
f 1226 1239 1242
f 704 1240 868
f 1240 796 1238
f 868 1238 661
f 1240 1238 868
f 793 1242 1228
f 1242 796 1240
f 1228 1240 704
f 1242 1240 1228
f 683 1230 1250
f 1230 794 1253
f 1250 1253 798
f 1230 1253 1250
f 794 1229 1232
f 1229 654 1207
f 1232 1207 789
f 1229 1207 1232
f 798 1251 1249
f 1251 789 1208
f 1249 1208 682
f 1251 1208 1249
f 794 1232 1253
f 1232 789 1251
f 1253 1251 798
f 1232 1251 1253
f 661 1215 866
f 1215 791 1217
f 866 1217 703
f 1215 1217 866
f 791 1216 1218
f 1216 682 1204
f 1218 1204 788
f 1216 1204 1218
f 703 1206 865
f 1206 788 1203
f 865 1203 647
f 1206 1203 865
f 791 1218 1217
f 1218 788 1206
f 1217 1206 703
f 1218 1206 1217
f 683 1250 1239
f 1250 798 1254
f 1239 1254 796
f 1250 1254 1239
f 798 1249 1252
f 1249 682 1216
f 1252 1216 791
f 1249 1216 1252
f 796 1241 1238
f 1241 791 1215
f 1238 1215 661
f 1241 1215 1238
f 798 1252 1254
f 1252 791 1241
f 1254 1241 796
f 1252 1241 1254
f 654 1259 1193
f 1259 800 1262
f 1193 1262 785
f 1259 1262 1193
f 800 1260 1283
f 1260 684 1280
f 1283 1280 804
f 1260 1280 1283
f 785 1281 1194
f 1281 804 1279
f 1194 1279 681
f 1281 1279 1194
f 800 1283 1262
f 1283 804 1281
f 1262 1281 785
f 1283 1281 1262
f 684 1256 1269
f 1256 799 1272
f 1269 1272 802
f 1256 1272 1269
f 799 1255 1258
f 1255 653 1117
f 1258 1117 767
f 1255 1117 1258
f 802 1270 1268
f 1270 767 1118
f 1268 1118 677
f 1270 1118 1268
f 799 1258 1272
f 1258 767 1270
f 1272 1270 802
f 1258 1270 1272
f 681 1200 1190
f 1200 787 1202
f 1190 1202 784
f 1200 1202 1190
f 787 1199 1201
f 1199 677 1115
f 1201 1115 766
f 1199 1115 1201
f 784 1192 1189
f 1192 766 1114
f 1189 1114 645
f 1192 1114 1189
f 787 1201 1202
f 1201 766 1192
f 1202 1192 784
f 1201 1192 1202
f 684 1269 1280
f 1269 802 1284
f 1280 1284 804
f 1269 1284 1280
f 802 1268 1271
f 1268 677 1199
f 1271 1199 787
f 1268 1199 1271
f 804 1282 1279
f 1282 787 1200
f 1279 1200 681
f 1282 1200 1279
f 802 1271 1284
f 1271 787 1282
f 1284 1282 804
f 1271 1282 1284
f 653 1149 1127
f 1149 775 1152
f 1127 1152 770
f 1149 1152 1127
f 775 1150 1173
f 1150 679 1170
f 1173 1170 779
f 1150 1170 1173
f 770 1171 1128
f 1171 779 1169
f 1128 1169 678
f 1171 1169 1128
f 775 1173 1152
f 1173 779 1171
f 1152 1171 770
f 1173 1171 1152
f 679 1146 1159
f 1146 774 1162
f 1159 1162 777
f 1146 1162 1159
f 774 1145 1148
f 1145 650 923
f 1148 923 720
f 1145 923 1148
f 777 1160 1158
f 1160 720 924
f 1158 924 666
f 1160 924 1158
f 774 1148 1162
f 1148 720 1160
f 1162 1160 777
f 1148 1160 1162
f 678 1136 1124
f 1136 772 1138
f 1124 1138 769
f 1136 1138 1124
f 772 1135 1137
f 1135 666 922
f 1137 922 719
f 1135 922 1137
f 769 1126 1123
f 1126 719 921
f 1123 921 649
f 1126 921 1123
f 772 1137 1138
f 1137 719 1126
f 1138 1126 769
f 1137 1126 1138
f 679 1159 1170
f 1159 777 1174
f 1170 1174 779
f 1159 1174 1170
f 777 1158 1161
f 1158 666 1135
f 1161 1135 772
f 1158 1135 1161
f 779 1172 1169
f 1172 772 1136
f 1169 1136 678
f 1172 1136 1169
f 777 1161 1174
f 1161 772 1172
f 1174 1172 779
f 1161 1172 1174
f 650 907 965
f 907 716 967
f 965 967 732
f 907 967 965
f 716 908 975
f 908 665 973
f 975 973 734
f 908 973 975
f 732 977 966
f 977 734 974
f 966 974 670
f 977 974 966
f 716 975 967
f 975 734 977
f 967 977 732
f 975 977 967
f 665 905 930
f 905 715 932
f 930 932 723
f 905 932 930
f 715 904 927
f 904 644 925
f 927 925 721
f 904 925 927
f 723 933 931
f 933 721 926
f 931 926 667
f 933 926 931
f 715 927 932
f 927 721 933
f 932 933 723
f 927 933 932
f 670 984 970
f 984 736 987
f 970 987 733
f 984 987 970
f 736 983 985
f 983 667 929
f 985 929 722
f 983 929 985
f 733 971 969
f 971 722 928
f 969 928 651
f 971 928 969
f 736 985 987
f 985 722 971
f 987 971 733
f 985 971 987
f 665 930 973
f 930 723 976
f 973 976 734
f 930 976 973
f 723 931 986
f 931 667 983
f 986 983 736
f 931 983 986
f 734 988 974
f 988 736 984
f 974 984 670
f 988 984 974
f 723 986 976
f 986 736 988
f 976 988 734
f 986 988 976
f 646 1009 822
f 1009 742 1011
f 822 1011 692
f 1009 1011 822
f 742 1010 1018
f 1010 672 1016
f 1018 1016 744
f 1010 1016 1018
f 692 1017 823
f 1017 744 1015
f 823 1015 658
f 1017 1015 823
f 742 1018 1011
f 1018 744 1017
f 1011 1017 692
f 1018 1017 1011
f 672 1014 1039
f 1014 743 1041
f 1039 1041 750
f 1014 1041 1039
f 743 1013 1029
f 1013 652 1027
f 1029 1027 747
f 1013 1027 1029
f 750 1043 1040
f 1043 747 1028
f 1040 1028 673
f 1043 1028 1040
f 743 1029 1041
f 1029 747 1043
f 1041 1043 750
f 1029 1043 1041
f 658 1030 826
f 1030 748 1032
f 826 1032 693
f 1030 1032 826
f 748 1031 1034
f 1031 673 1024
f 1034 1024 746
f 1031 1024 1034
f 693 1025 825
f 1025 746 1023
f 825 1023 647
f 1025 1023 825
f 748 1034 1032
f 1034 746 1025
f 1032 1025 693
f 1034 1025 1032
f 672 1039 1016
f 1039 750 1042
f 1016 1042 744
f 1039 1042 1016
f 750 1040 1044
f 1040 673 1031
f 1044 1031 748
f 1040 1031 1044
f 744 1033 1015
f 1033 748 1030
f 1015 1030 658
f 1033 1030 1015
f 750 1044 1042
f 1044 748 1033
f 1042 1033 744
f 1044 1033 1042
f 646 822 811
f 822 692 824
f 811 824 688
f 822 824 811
f 692 823 832
f 823 658 829
f 832 829 694
f 823 829 832
f 688 830 812
f 830 694 828
f 812 828 656
f 830 828 812
f 692 832 824
f 832 694 830
f 824 830 688
f 832 830 824
f 658 826 834
f 826 693 837
f 834 837 695
f 826 837 834
f 693 825 827
f 825 647 816
f 827 816 690
f 825 816 827
f 695 835 833
f 835 690 817
f 833 817 657
f 835 817 833
f 693 827 837
f 827 690 835
f 837 835 695
f 827 835 837
f 656 818 810
f 818 691 820
f 810 820 687
f 818 820 810
f 691 819 821
f 819 657 814
f 821 814 689
f 819 814 821
f 687 815 809
f 815 689 813
f 809 813 645
f 815 813 809
f 691 821 820
f 821 689 815
f 820 815 687
f 821 815 820
f 658 834 829
f 834 695 838
f 829 838 694
f 834 838 829
f 695 833 836
f 833 657 819
f 836 819 691
f 833 819 836
f 694 831 828
f 831 691 818
f 828 818 656
f 831 818 828
f 695 836 838
f 836 691 831
f 838 831 694
f 836 831 838
f 646 811 878
f 811 688 880
f 878 880 708
f 811 880 878
f 688 812 886
f 812 656 884
f 886 884 710
f 812 884 886
f 708 888 879
f 888 710 885
f 879 885 663
f 888 885 879
f 688 886 880
f 886 710 888
f 880 888 708
f 886 888 880
f 656 810 874
f 810 687 876
f 874 876 707
f 810 876 874
f 687 809 871
f 809 645 869
f 871 869 705
f 809 869 871
f 707 877 875
f 877 705 870
f 875 870 662
f 877 870 875
f 687 871 876
f 871 705 877
f 876 877 707
f 871 877 876
f 663 890 882
f 890 711 893
f 882 893 709
f 890 893 882
f 711 889 891
f 889 662 873
f 891 873 706
f 889 873 891
f 709 883 881
f 883 706 872
f 881 872 649
f 883 872 881
f 711 891 893
f 891 706 883
f 893 883 709
f 891 883 893
f 656 874 884
f 874 707 887
f 884 887 710
f 874 887 884
f 707 875 892
f 875 662 889
f 892 889 711
f 875 889 892
f 710 894 885
f 894 711 890
f 885 890 663
f 894 890 885
f 707 892 887
f 892 711 894
f 887 894 710
f 892 894 887
f 646 878 934
f 878 708 936
f 934 936 724
f 878 936 934
f 708 879 941
f 879 663 939
f 941 939 726
f 879 939 941
f 724 942 935
f 942 726 940
f 935 940 668
f 942 940 935
f 708 941 936
f 941 726 942
f 936 942 724
f 941 942 936
f 663 882 950
f 882 709 952
f 950 952 729
f 882 952 950
f 709 881 945
f 881 649 943
f 945 943 727
f 881 943 945
f 729 954 951
f 954 727 944
f 951 944 669
f 954 944 951
f 709 945 952
f 945 727 954
f 952 954 729
f 945 954 952
f 668 959 938
f 959 731 961
f 938 961 725
f 959 961 938
f 731 960 963
f 960 669 948
f 963 948 728
f 960 948 963
f 725 949 937
f 949 728 947
f 937 947 651
f 949 947 937
f 731 963 961
f 963 728 949
f 961 949 725
f 963 949 961
f 663 950 939
f 950 729 953
f 939 953 726
f 950 953 939
f 729 951 964
f 951 669 960
f 964 960 731
f 951 960 964
f 726 962 940
f 962 731 959
f 940 959 668
f 962 959 940
f 729 964 953
f 964 731 962
f 953 962 726
f 964 962 953
f 646 934 1009
f 934 724 1012
f 1009 1012 742
f 934 1012 1009
f 724 935 1021
f 935 668 1019
f 1021 1019 745
f 935 1019 1021
f 742 1022 1010
f 1022 745 1020
f 1010 1020 672
f 1022 1020 1010
f 724 1021 1012
f 1021 745 1022
f 1012 1022 742
f 1021 1022 1012
f 668 938 1088
f 938 725 1090
f 1088 1090 760
f 938 1090 1088
f 725 937 1078
f 937 651 1075
f 1078 1075 757
f 937 1075 1078
f 760 1092 1089
f 1092 757 1076
f 1089 1076 675
f 1092 1076 1089
f 725 1078 1090
f 1078 757 1092
f 1090 1092 760
f 1078 1092 1090
f 672 1099 1014
f 1099 762 1101
f 1014 1101 743
f 1099 1101 1014
f 762 1100 1103
f 1100 675 1080
f 1103 1080 758
f 1100 1080 1103
f 743 1082 1013
f 1082 758 1079
f 1013 1079 652
f 1082 1079 1013
f 762 1103 1101
f 1103 758 1082
f 1101 1082 743
f 1103 1082 1101
f 668 1088 1019
f 1088 760 1091
f 1019 1091 745
f 1088 1091 1019
f 760 1089 1104
f 1089 675 1100
f 1104 1100 762
f 1089 1100 1104
f 745 1102 1020
f 1102 762 1099
f 1020 1099 672
f 1102 1099 1020
f 760 1104 1091
f 1104 762 1102
f 1091 1102 745
f 1104 1102 1091
f 647 1023 865
f 1023 746 1026
f 865 1026 703
f 1023 1026 865
f 746 1024 1038
f 1024 673 1036
f 1038 1036 749
f 1024 1036 1038
f 703 1037 866
f 1037 749 1035
f 866 1035 661
f 1037 1035 866
f 746 1038 1026
f 1038 749 1037
f 1026 1037 703
f 1038 1037 1026
f 673 1028 1069
f 1028 747 1071
f 1069 1071 756
f 1028 1071 1069
f 747 1027 1052
f 1027 652 1049
f 1052 1049 752
f 1027 1049 1052
f 756 1073 1070
f 1073 752 1050
f 1070 1050 674
f 1073 1050 1070
f 747 1052 1071
f 1052 752 1073
f 1071 1073 756
f 1052 1073 1071
f 661 1058 868
f 1058 754 1060
f 868 1060 704
f 1058 1060 868
f 754 1059 1062
f 1059 674 1046
f 1062 1046 751
f 1059 1046 1062
f 704 1048 867
f 1048 751 1045
f 867 1045 648
f 1048 1045 867
f 754 1062 1060
f 1062 751 1048
f 1060 1048 704
f 1062 1048 1060
f 673 1069 1036
f 1069 756 1072
f 1036 1072 749
f 1069 1072 1036
f 756 1070 1074
f 1070 674 1059
f 1074 1059 754
f 1070 1059 1074
f 749 1061 1035
f 1061 754 1058
f 1035 1058 661
f 1061 1058 1035
f 756 1074 1072
f 1074 754 1061
f 1072 1061 749
f 1074 1061 1072
f 645 813 1189
f 813 689 1191
f 1189 1191 784
f 813 1191 1189
f 689 814 1197
f 814 657 1195
f 1197 1195 786
f 814 1195 1197
f 784 1198 1190
f 1198 786 1196
f 1190 1196 681
f 1198 1196 1190
f 689 1197 1191
f 1197 786 1198
f 1191 1198 784
f 1197 1198 1191
f 657 817 1210
f 817 690 1212
f 1210 1212 790
f 817 1212 1210
f 690 816 1205
f 816 647 1203
f 1205 1203 788
f 816 1203 1205
f 790 1214 1211
f 1214 788 1204
f 1211 1204 682
f 1214 1204 1211
f 690 1205 1212
f 1205 788 1214
f 1212 1214 790
f 1205 1214 1212
f 681 1219 1194
f 1219 792 1221
f 1194 1221 785
f 1219 1221 1194
f 792 1220 1223
f 1220 682 1208
f 1223 1208 789
f 1220 1208 1223
f 785 1209 1193
f 1209 789 1207
f 1193 1207 654
f 1209 1207 1193
f 792 1223 1221
f 1223 789 1209
f 1221 1209 785
f 1223 1209 1221
f 657 1210 1195
f 1210 790 1213
f 1195 1213 786
f 1210 1213 1195
f 790 1211 1224
f 1211 682 1220
f 1224 1220 792
f 1211 1220 1224
f 786 1222 1196
f 1222 792 1219
f 1196 1219 681
f 1222 1219 1196
f 790 1224 1213
f 1224 792 1222
f 1213 1222 786
f 1224 1222 1213
f 649 872 1123
f 872 706 1125
f 1123 1125 769
f 872 1125 1123
f 706 873 1132
f 873 662 1130
f 1132 1130 771
f 873 1130 1132
f 769 1134 1124
f 1134 771 1131
f 1124 1131 678
f 1134 1131 1124
f 706 1132 1125
f 1132 771 1134
f 1125 1134 769
f 1132 1134 1125
f 662 870 1119
f 870 705 1121
f 1119 1121 768
f 870 1121 1119
f 705 869 1116
f 869 645 1114
f 1116 1114 766
f 869 1114 1116
f 768 1122 1120
f 1122 766 1115
f 1120 1115 677
f 1122 1115 1120
f 705 1116 1121
f 1116 766 1122
f 1121 1122 768
f 1116 1122 1121
f 678 1140 1128
f 1140 773 1143
f 1128 1143 770
f 1140 1143 1128
f 773 1139 1141
f 1139 677 1118
f 1141 1118 767
f 1139 1118 1141
f 770 1129 1127
f 1129 767 1117
f 1127 1117 653
f 1129 1117 1127
f 773 1141 1143
f 1141 767 1129
f 1143 1129 770
f 1141 1129 1143
f 662 1119 1130
f 1119 768 1133
f 1130 1133 771
f 1119 1133 1130
f 768 1120 1142
f 1120 677 1139
f 1142 1139 773
f 1120 1139 1142
f 771 1144 1131
f 1144 773 1140
f 1131 1140 678
f 1144 1140 1131
f 768 1142 1133
f 1142 773 1144
f 1133 1144 771
f 1142 1144 1133
f 651 947 969
f 947 728 972
f 969 972 733
f 947 972 969
f 728 948 991
f 948 669 989
f 991 989 737
f 948 989 991
f 733 993 970
f 993 737 990
f 970 990 670
f 993 990 970
f 728 991 972
f 991 737 993
f 972 993 733
f 991 993 972
f 669 944 956
f 944 727 958
f 956 958 730
f 944 958 956
f 727 943 946
f 943 649 921
f 946 921 719
f 943 921 946
f 730 957 955
f 957 719 922
f 955 922 666
f 957 922 955
f 727 946 958
f 946 719 957
f 958 957 730
f 946 957 958
f 670 979 966
f 979 735 982
f 966 982 732
f 979 982 966
f 735 978 980
f 978 666 924
f 980 924 720
f 978 924 980
f 732 968 965
f 968 720 923
f 965 923 650
f 968 923 965
f 735 980 982
f 980 720 968
f 982 968 732
f 980 968 982
f 669 956 989
f 956 730 992
f 989 992 737
f 956 992 989
f 730 955 981
f 955 666 978
f 981 978 735
f 955 978 981
f 737 994 990
f 994 735 979
f 990 979 670
f 994 979 990
f 730 981 992
f 981 735 994
f 992 994 737
f 981 994 992
f 652 1079 999
f 1079 758 1081
f 999 1081 739
f 1079 1081 999
f 758 1080 1097
f 1080 675 1094
f 1097 1094 761
f 1080 1094 1097
f 739 1095 1000
f 1095 761 1093
f 1000 1093 671
f 1095 1093 1000
f 758 1097 1081
f 1097 761 1095
f 1081 1095 739
f 1097 1095 1081
f 675 1076 1084
f 1076 757 1087
f 1084 1087 759
f 1076 1087 1084
f 757 1075 1077
f 1075 651 928
f 1077 928 722
f 1075 928 1077
f 759 1085 1083
f 1085 722 929
f 1083 929 667
f 1085 929 1083
f 757 1077 1087
f 1077 722 1085
f 1087 1085 759
f 1077 1085 1087
f 671 1006 996
f 1006 741 1008
f 996 1008 738
f 1006 1008 996
f 741 1005 1007
f 1005 667 926
f 1007 926 721
f 1005 926 1007
f 738 998 995
f 998 721 925
f 995 925 644
f 998 925 995
f 741 1007 1008
f 1007 721 998
f 1008 998 738
f 1007 998 1008
f 675 1084 1094
f 1084 759 1098
f 1094 1098 761
f 1084 1098 1094
f 759 1083 1086
f 1083 667 1005
f 1086 1005 741
f 1083 1005 1086
f 761 1096 1093
f 1096 741 1006
f 1093 1006 671
f 1096 1006 1093
f 759 1086 1098
f 1086 741 1096
f 1098 1096 761
f 1086 1096 1098
f 1285 1422 1338
f 1422 1322 1424
f 1338 1424 1301
f 1422 1424 1338
f 1322 1423 1439
f 1423 1296 1436
f 1439 1436 1325
f 1423 1436 1439
f 1301 1437 1339
f 1437 1325 1435
f 1339 1435 1290
f 1437 1435 1339
f 1322 1439 1424
f 1439 1325 1437
f 1424 1437 1301
f 1439 1437 1424
f 1285 1338 1327
f 1338 1301 1340
f 1327 1340 1297
f 1338 1340 1327
f 1301 1339 1344
f 1339 1290 1342
f 1344 1342 1302
f 1339 1342 1344
f 1297 1343 1328
f 1343 1302 1341
f 1328 1341 1286
f 1343 1341 1328
f 1301 1344 1340
f 1344 1302 1343
f 1340 1343 1297
f 1344 1343 1340
f 1285 1327 1354
f 1327 1297 1356
f 1354 1356 1306
f 1327 1356 1354
f 1297 1328 1359
f 1328 1286 1357
f 1359 1357 1307
f 1328 1357 1359
f 1306 1360 1355
f 1360 1307 1358
f 1355 1358 1292
f 1360 1358 1355
f 1297 1359 1356
f 1359 1307 1360
f 1356 1360 1306
f 1359 1360 1356
f 1285 1354 1405
f 1354 1306 1407
f 1405 1407 1318
f 1354 1407 1405
f 1306 1355 1418
f 1355 1292 1416
f 1418 1416 1321
f 1355 1416 1418
f 1318 1420 1406
f 1420 1321 1417
f 1406 1417 1295
f 1420 1417 1406
f 1306 1418 1407
f 1418 1321 1420
f 1407 1420 1318
f 1418 1420 1407
f 1285 1405 1422
f 1405 1318 1425
f 1422 1425 1322
f 1405 1425 1422
f 1318 1406 1443
f 1406 1295 1441
f 1443 1441 1326
f 1406 1441 1443
f 1322 1445 1423
f 1445 1326 1442
f 1423 1442 1296
f 1445 1442 1423
f 1318 1443 1425
f 1443 1326 1445
f 1425 1445 1322
f 1443 1445 1425
f 1286 1341 1380
f 1341 1302 1382
f 1380 1382 1313
f 1341 1382 1380
f 1302 1342 1395
f 1342 1290 1393
f 1395 1393 1316
f 1342 1393 1395
f 1313 1397 1381
f 1397 1316 1394
f 1381 1394 1294
f 1397 1394 1381
f 1302 1395 1382
f 1395 1316 1397
f 1382 1397 1313
f 1395 1397 1382
f 1290 1435 1346
f 1435 1325 1438
f 1346 1438 1303
f 1435 1438 1346
f 1325 1436 1440
f 1436 1296 1431
f 1440 1431 1324
f 1436 1431 1440
f 1303 1433 1345
f 1433 1324 1430
f 1345 1430 1289
f 1433 1430 1345
f 1325 1440 1438
f 1440 1324 1433
f 1438 1433 1303
f 1440 1433 1438
f 1296 1442 1427
f 1442 1326 1446
f 1427 1446 1323
f 1442 1446 1427
f 1326 1441 1444
f 1441 1295 1409
f 1444 1409 1319
f 1441 1409 1444
f 1323 1429 1426
f 1429 1319 1408
f 1426 1408 1287
f 1429 1408 1426
f 1326 1444 1446
f 1444 1319 1429
f 1446 1429 1323
f 1444 1429 1446
f 1295 1417 1412
f 1417 1321 1421
f 1412 1421 1320
f 1417 1421 1412
f 1321 1416 1419
f 1416 1292 1362
f 1419 1362 1308
f 1416 1362 1419
f 1320 1414 1411
f 1414 1308 1361
f 1411 1361 1291
f 1414 1361 1411
f 1321 1419 1421
f 1419 1308 1414
f 1421 1414 1320
f 1419 1414 1421
f 1292 1358 1374
f 1358 1307 1376
f 1374 1376 1312
f 1358 1376 1374
f 1307 1357 1365
f 1357 1286 1363
f 1365 1363 1309
f 1357 1363 1365
f 1312 1378 1375
f 1378 1309 1364
f 1375 1364 1293
f 1378 1364 1375
f 1307 1365 1376
f 1365 1309 1378
f 1376 1378 1312
f 1365 1378 1376
f 1288 1384 1334
f 1384 1314 1386
f 1334 1386 1300
f 1384 1386 1334
f 1314 1385 1392
f 1385 1294 1389
f 1392 1389 1315
f 1385 1389 1392
f 1300 1390 1335
f 1390 1315 1388
f 1335 1388 1289
f 1390 1388 1335
f 1314 1392 1386
f 1392 1315 1390
f 1386 1390 1300
f 1392 1390 1386
f 1288 1334 1330
f 1334 1300 1336
f 1330 1336 1298
f 1334 1336 1330
f 1300 1335 1337
f 1335 1289 1332
f 1337 1332 1299
f 1335 1332 1337
f 1298 1333 1329
f 1333 1299 1331
f 1329 1331 1287
f 1333 1331 1329
f 1300 1337 1336
f 1337 1299 1333
f 1336 1333 1298
f 1337 1333 1336
f 1288 1330 1350
f 1330 1298 1352
f 1350 1352 1305
f 1330 1352 1350
f 1298 1329 1349
f 1329 1287 1347
f 1349 1347 1304
f 1329 1347 1349
f 1305 1353 1351
f 1353 1304 1348
f 1351 1348 1291
f 1353 1348 1351
f 1298 1349 1352
f 1349 1304 1353
f 1352 1353 1305
f 1349 1353 1352
f 1288 1350 1366
f 1350 1305 1368
f 1366 1368 1310
f 1350 1368 1366
f 1305 1351 1371
f 1351 1291 1369
f 1371 1369 1311
f 1351 1369 1371
f 1310 1373 1367
f 1373 1311 1370
f 1367 1370 1293
f 1373 1370 1367
f 1305 1371 1368
f 1371 1311 1373
f 1368 1373 1310
f 1371 1373 1368
f 1288 1366 1384
f 1366 1310 1387
f 1384 1387 1314
f 1366 1387 1384
f 1310 1367 1402
f 1367 1293 1399
f 1402 1399 1317
f 1367 1399 1402
f 1314 1404 1385
f 1404 1317 1400
f 1385 1400 1294
f 1404 1400 1385
f 1310 1402 1387
f 1402 1317 1404
f 1387 1404 1314
f 1402 1404 1387
f 1289 1388 1345
f 1388 1315 1391
f 1345 1391 1303
f 1388 1391 1345
f 1315 1389 1398
f 1389 1294 1394
f 1398 1394 1316
f 1389 1394 1398
f 1303 1396 1346
f 1396 1316 1393
f 1346 1393 1290
f 1396 1393 1346
f 1315 1398 1391
f 1398 1316 1396
f 1391 1396 1303
f 1398 1396 1391
f 1287 1331 1426
f 1331 1299 1428
f 1426 1428 1323
f 1331 1428 1426
f 1299 1332 1432
f 1332 1289 1430
f 1432 1430 1324
f 1332 1430 1432
f 1323 1434 1427
f 1434 1324 1431
f 1427 1431 1296
f 1434 1431 1427
f 1299 1432 1428
f 1432 1324 1434
f 1428 1434 1323
f 1432 1434 1428
f 1291 1348 1411
f 1348 1304 1413
f 1411 1413 1320
f 1348 1413 1411
f 1304 1347 1410
f 1347 1287 1408
f 1410 1408 1319
f 1347 1408 1410
f 1320 1415 1412
f 1415 1319 1409
f 1412 1409 1295
f 1415 1409 1412
f 1304 1410 1413
f 1410 1319 1415
f 1413 1415 1320
f 1410 1415 1413
f 1293 1370 1375
f 1370 1311 1379
f 1375 1379 1312
f 1370 1379 1375
f 1311 1369 1372
f 1369 1291 1361
f 1372 1361 1308
f 1369 1361 1372
f 1312 1377 1374
f 1377 1308 1362
f 1374 1362 1292
f 1377 1362 1374
f 1311 1372 1379
f 1372 1308 1377
f 1379 1377 1312
f 1372 1377 1379
f 1294 1400 1381
f 1400 1317 1403
f 1381 1403 1313
f 1400 1403 1381
f 1317 1399 1401
f 1399 1293 1364
f 1401 1364 1309
f 1399 1364 1401
f 1313 1383 1380
f 1383 1309 1363
f 1380 1363 1286
f 1383 1363 1380
f 1317 1401 1403
f 1401 1309 1383
f 1403 1383 1313
f 1401 1383 1403
f 1447 1584 1500
f 1584 1484 1586
f 1500 1586 1463
f 1584 1586 1500
f 1484 1585 1601
f 1585 1458 1598
f 1601 1598 1487
f 1585 1598 1601
f 1463 1599 1501
f 1599 1487 1597
f 1501 1597 1452
f 1599 1597 1501
f 1484 1601 1586
f 1601 1487 1599
f 1586 1599 1463
f 1601 1599 1586
f 1447 1500 1489
f 1500 1463 1502
f 1489 1502 1459
f 1500 1502 1489
f 1463 1501 1506
f 1501 1452 1504
f 1506 1504 1464
f 1501 1504 1506
f 1459 1505 1490
f 1505 1464 1503
f 1490 1503 1448
f 1505 1503 1490
f 1463 1506 1502
f 1506 1464 1505
f 1502 1505 1459
f 1506 1505 1502
f 1447 1489 1516
f 1489 1459 1518
f 1516 1518 1468
f 1489 1518 1516
f 1459 1490 1521
f 1490 1448 1519
f 1521 1519 1469
f 1490 1519 1521
f 1468 1522 1517
f 1522 1469 1520
f 1517 1520 1454
f 1522 1520 1517
f 1459 1521 1518
f 1521 1469 1522
f 1518 1522 1468
f 1521 1522 1518
f 1447 1516 1567
f 1516 1468 1569
f 1567 1569 1480
f 1516 1569 1567
f 1468 1517 1580
f 1517 1454 1578
f 1580 1578 1483
f 1517 1578 1580
f 1480 1582 1568
f 1582 1483 1579
f 1568 1579 1457
f 1582 1579 1568
f 1468 1580 1569
f 1580 1483 1582
f 1569 1582 1480
f 1580 1582 1569
f 1447 1567 1584
f 1567 1480 1587
f 1584 1587 1484
f 1567 1587 1584
f 1480 1568 1605
f 1568 1457 1603
f 1605 1603 1488
f 1568 1603 1605
f 1484 1607 1585
f 1607 1488 1604
f 1585 1604 1458
f 1607 1604 1585
f 1480 1605 1587
f 1605 1488 1607
f 1587 1607 1484
f 1605 1607 1587
f 1448 1503 1542
f 1503 1464 1544
f 1542 1544 1475
f 1503 1544 1542
f 1464 1504 1557
f 1504 1452 1555
f 1557 1555 1478
f 1504 1555 1557
f 1475 1559 1543
f 1559 1478 1556
f 1543 1556 1456
f 1559 1556 1543
f 1464 1557 1544
f 1557 1478 1559
f 1544 1559 1475
f 1557 1559 1544
f 1452 1597 1508
f 1597 1487 1600
f 1508 1600 1465
f 1597 1600 1508
f 1487 1598 1602
f 1598 1458 1593
f 1602 1593 1486
f 1598 1593 1602
f 1465 1595 1507
f 1595 1486 1592
f 1507 1592 1451
f 1595 1592 1507
f 1487 1602 1600
f 1602 1486 1595
f 1600 1595 1465
f 1602 1595 1600
f 1458 1604 1589
f 1604 1488 1608
f 1589 1608 1485
f 1604 1608 1589
f 1488 1603 1606
f 1603 1457 1571
f 1606 1571 1481
f 1603 1571 1606
f 1485 1591 1588
f 1591 1481 1570
f 1588 1570 1449
f 1591 1570 1588
f 1488 1606 1608
f 1606 1481 1591
f 1608 1591 1485
f 1606 1591 1608
f 1457 1579 1574
f 1579 1483 1583
f 1574 1583 1482
f 1579 1583 1574
f 1483 1578 1581
f 1578 1454 1524
f 1581 1524 1470
f 1578 1524 1581
f 1482 1576 1573
f 1576 1470 1523
f 1573 1523 1453
f 1576 1523 1573
f 1483 1581 1583
f 1581 1470 1576
f 1583 1576 1482
f 1581 1576 1583
f 1454 1520 1536
f 1520 1469 1538
f 1536 1538 1474
f 1520 1538 1536
f 1469 1519 1527
f 1519 1448 1525
f 1527 1525 1471
f 1519 1525 1527
f 1474 1540 1537
f 1540 1471 1526
f 1537 1526 1455
f 1540 1526 1537
f 1469 1527 1538
f 1527 1471 1540
f 1538 1540 1474
f 1527 1540 1538
f 1450 1546 1496
f 1546 1476 1548
f 1496 1548 1462
f 1546 1548 1496
f 1476 1547 1554
f 1547 1456 1551
f 1554 1551 1477
f 1547 1551 1554
f 1462 1552 1497
f 1552 1477 1550
f 1497 1550 1451
f 1552 1550 1497
f 1476 1554 1548
f 1554 1477 1552
f 1548 1552 1462
f 1554 1552 1548
f 1450 1496 1492
f 1496 1462 1498
f 1492 1498 1460
f 1496 1498 1492
f 1462 1497 1499
f 1497 1451 1494
f 1499 1494 1461
f 1497 1494 1499
f 1460 1495 1491
f 1495 1461 1493
f 1491 1493 1449
f 1495 1493 1491
f 1462 1499 1498
f 1499 1461 1495
f 1498 1495 1460
f 1499 1495 1498
f 1450 1492 1512
f 1492 1460 1514
f 1512 1514 1467
f 1492 1514 1512
f 1460 1491 1511
f 1491 1449 1509
f 1511 1509 1466
f 1491 1509 1511
f 1467 1515 1513
f 1515 1466 1510
f 1513 1510 1453
f 1515 1510 1513
f 1460 1511 1514
f 1511 1466 1515
f 1514 1515 1467
f 1511 1515 1514
f 1450 1512 1528
f 1512 1467 1530
f 1528 1530 1472
f 1512 1530 1528
f 1467 1513 1533
f 1513 1453 1531
f 1533 1531 1473
f 1513 1531 1533
f 1472 1535 1529
f 1535 1473 1532
f 1529 1532 1455
f 1535 1532 1529
f 1467 1533 1530
f 1533 1473 1535
f 1530 1535 1472
f 1533 1535 1530
f 1450 1528 1546
f 1528 1472 1549
f 1546 1549 1476
f 1528 1549 1546
f 1472 1529 1564
f 1529 1455 1561
f 1564 1561 1479
f 1529 1561 1564
f 1476 1566 1547
f 1566 1479 1562
f 1547 1562 1456
f 1566 1562 1547
f 1472 1564 1549
f 1564 1479 1566
f 1549 1566 1476
f 1564 1566 1549
f 1451 1550 1507
f 1550 1477 1553
f 1507 1553 1465
f 1550 1553 1507
f 1477 1551 1560
f 1551 1456 1556
f 1560 1556 1478
f 1551 1556 1560
f 1465 1558 1508
f 1558 1478 1555
f 1508 1555 1452
f 1558 1555 1508
f 1477 1560 1553
f 1560 1478 1558
f 1553 1558 1465
f 1560 1558 1553
f 1449 1493 1588
f 1493 1461 1590
f 1588 1590 1485
f 1493 1590 1588
f 1461 1494 1594
f 1494 1451 1592
f 1594 1592 1486
f 1494 1592 1594
f 1485 1596 1589
f 1596 1486 1593
f 1589 1593 1458
f 1596 1593 1589
f 1461 1594 1590
f 1594 1486 1596
f 1590 1596 1485
f 1594 1596 1590
f 1453 1510 1573
f 1510 1466 1575
f 1573 1575 1482
f 1510 1575 1573
f 1466 1509 1572
f 1509 1449 1570
f 1572 1570 1481
f 1509 1570 1572
f 1482 1577 1574
f 1577 1481 1571
f 1574 1571 1457
f 1577 1571 1574
f 1466 1572 1575
f 1572 1481 1577
f 1575 1577 1482
f 1572 1577 1575
f 1455 1532 1537
f 1532 1473 1541
f 1537 1541 1474
f 1532 1541 1537
f 1473 1531 1534
f 1531 1453 1523
f 1534 1523 1470
f 1531 1523 1534
f 1474 1539 1536
f 1539 1470 1524
f 1536 1524 1454
f 1539 1524 1536
f 1473 1534 1541
f 1534 1470 1539
f 1541 1539 1474
f 1534 1539 1541
f 1456 1562 1543
f 1562 1479 1565
f 1543 1565 1475
f 1562 1565 1543
f 1479 1561 1563
f 1561 1455 1526
f 1563 1526 1471
f 1561 1526 1563
f 1475 1545 1542
f 1545 1471 1525
f 1542 1525 1448
f 1545 1525 1542
f 1479 1563 1565
f 1563 1471 1545
f 1565 1545 1475
f 1563 1545 1565
f 1610 1609 1613
f 1610 1613 1611
f 1611 1613 1614
f 1611 1614 1612
f 1613 1609 1615
f 1613 1615 1614
f 1614 1615 1616
f 1614 1616 1612
f 1615 1609 1617
f 1615 1617 1616
f 1616 1617 1618
f 1616 1618 1612
f 1617 1609 1619
f 1617 1619 1618
f 1618 1619 1620
f 1618 1620 1612
f 1619 1609 1621
f 1619 1621 1620
f 1620 1621 1622
f 1620 1622 1612
f 1621 1609 1623
f 1621 1623 1622
f 1622 1623 1624
f 1622 1624 1612
f 1623 1609 1625
f 1623 1625 1624
f 1624 1625 1626
f 1624 1626 1612
f 1625 1609 1627
f 1625 1627 1626
f 1626 1627 1628
f 1626 1628 1612
f 1627 1609 1629
f 1627 1629 1628
f 1628 1629 1630
f 1628 1630 1612
f 1629 1609 1631
f 1629 1631 1630
f 1630 1631 1632
f 1630 1632 1612
f 1631 1609 1633
f 1631 1633 1632
f 1632 1633 1634
f 1632 1634 1612
f 1633 1609 1635
f 1633 1635 1634
f 1634 1635 1636
f 1634 1636 1612
f 1635 1609 1637
f 1635 1637 1636
f 1636 1637 1638
f 1636 1638 1612
f 1637 1609 1639
f 1637 1639 1638
f 1638 1639 1640
f 1638 1640 1612
f 1639 1609 1641
f 1639 1641 1640
f 1640 1641 1642
f 1640 1642 1612
f 1641 1609 1643
f 1641 1643 1642
f 1642 1643 1644
f 1642 1644 1612
f 1643 1609 1645
f 1643 1645 1644
f 1644 1645 1646
f 1644 1646 1612
f 1645 1609 1647
f 1645 1647 1646
f 1646 1647 1648
f 1646 1648 1612
f 1647 1609 1649
f 1647 1649 1648
f 1648 1649 1650
f 1648 1650 1612
f 1649 1609 1651
f 1649 1651 1650
f 1650 1651 1652
f 1650 1652 1612
f 1651 1609 1653
f 1651 1653 1652
f 1652 1653 1654
f 1652 1654 1612
f 1653 1609 1655
f 1653 1655 1654
f 1654 1655 1656
f 1654 1656 1612
f 1655 1609 1657
f 1655 1657 1656
f 1656 1657 1658
f 1656 1658 1612
f 1657 1609 1659
f 1657 1659 1658
f 1658 1659 1660
f 1658 1660 1612
f 1659 1609 1661
f 1659 1661 1660
f 1660 1661 1662
f 1660 1662 1612
f 1661 1609 1663
f 1661 1663 1662
f 1662 1663 1664
f 1662 1664 1612
f 1663 1609 1665
f 1663 1665 1664
f 1664 1665 1666
f 1664 1666 1612
f 1665 1609 1667
f 1665 1667 1666
f 1666 1667 1668
f 1666 1668 1612
f 1667 1609 1669
f 1667 1669 1668
f 1668 1669 1670
f 1668 1670 1612
f 1669 1609 1671
f 1669 1671 1670
f 1670 1671 1672
f 1670 1672 1612
f 1671 1609 1673
f 1671 1673 1672
f 1672 1673 1674
f 1672 1674 1612
f 1673 1609 1675
f 1673 1675 1674
f 1674 1675 1676
f 1674 1676 1612
f 1675 1609 1677
f 1675 1677 1676
f 1676 1677 1678
f 1676 1678 1612
f 1677 1609 1679
f 1677 1679 1678
f 1678 1679 1680
f 1678 1680 1612
f 1679 1609 1681
f 1679 1681 1680
f 1680 1681 1682
f 1680 1682 1612
f 1681 1609 1683
f 1681 1683 1682
f 1682 1683 1684
f 1682 1684 1612
f 1683 1609 1685
f 1683 1685 1684
f 1684 1685 1686
f 1684 1686 1612
f 1685 1609 1687
f 1685 1687 1686
f 1686 1687 1688
f 1686 1688 1612
f 1687 1609 1689
f 1687 1689 1688
f 1688 1689 1690
f 1688 1690 1612
f 1689 1609 1691
f 1689 1691 1690
f 1690 1691 1692
f 1690 1692 1612
f 1691 1609 1693
f 1691 1693 1692
f 1692 1693 1694
f 1692 1694 1612
f 1693 1609 1695
f 1693 1695 1694
f 1694 1695 1696
f 1694 1696 1612
f 1695 1609 1697
f 1695 1697 1696
f 1696 1697 1698
f 1696 1698 1612
f 1697 1609 1699
f 1697 1699 1698
f 1698 1699 1700
f 1698 1700 1612
f 1699 1609 1701
f 1699 1701 1700
f 1700 1701 1702
f 1700 1702 1612
f 1701 1609 1703
f 1701 1703 1702
f 1702 1703 1704
f 1702 1704 1612
f 1703 1609 1705
f 1703 1705 1704
f 1704 1705 1706
f 1704 1706 1612
f 1705 1609 1610
f 1705 1610 1706
f 1706 1610 1611
f 1706 1611 1612
f 1707 1844 1760
f 1844 1744 1846
f 1760 1846 1723
f 1844 1846 1760
f 1744 1845 1861
f 1845 1718 1858
f 1861 1858 1747
f 1845 1858 1861
f 1723 1859 1761
f 1859 1747 1857
f 1761 1857 1712
f 1859 1857 1761
f 1744 1861 1846
f 1861 1747 1859
f 1846 1859 1723
f 1861 1859 1846
f 1707 1760 1749
f 1760 1723 1762
f 1749 1762 1719
f 1760 1762 1749
f 1723 1761 1766
f 1761 1712 1764
f 1766 1764 1724
f 1761 1764 1766
f 1719 1765 1750
f 1765 1724 1763
f 1750 1763 1708
f 1765 1763 1750
f 1723 1766 1762
f 1766 1724 1765
f 1762 1765 1719
f 1766 1765 1762
f 1707 1749 1776
f 1749 1719 1778
f 1776 1778 1728
f 1749 1778 1776
f 1719 1750 1781
f 1750 1708 1779
f 1781 1779 1729
f 1750 1779 1781
f 1728 1782 1777
f 1782 1729 1780
f 1777 1780 1714
f 1782 1780 1777
f 1719 1781 1778
f 1781 1729 1782
f 1778 1782 1728
f 1781 1782 1778
f 1707 1776 1827
f 1776 1728 1829
f 1827 1829 1740
f 1776 1829 1827
f 1728 1777 1840
f 1777 1714 1838
f 1840 1838 1743
f 1777 1838 1840
f 1740 1842 1828
f 1842 1743 1839
f 1828 1839 1717
f 1842 1839 1828
f 1728 1840 1829
f 1840 1743 1842
f 1829 1842 1740
f 1840 1842 1829
f 1707 1827 1844
f 1827 1740 1847
f 1844 1847 1744
f 1827 1847 1844
f 1740 1828 1865
f 1828 1717 1863
f 1865 1863 1748
f 1828 1863 1865
f 1744 1867 1845
f 1867 1748 1864
f 1845 1864 1718
f 1867 1864 1845
f 1740 1865 1847
f 1865 1748 1867
f 1847 1867 1744
f 1865 1867 1847
f 1708 1763 1802
f 1763 1724 1804
f 1802 1804 1735
f 1763 1804 1802
f 1724 1764 1817
f 1764 1712 1815
f 1817 1815 1738
f 1764 1815 1817
f 1735 1819 1803
f 1819 1738 1816
f 1803 1816 1716
f 1819 1816 1803
f 1724 1817 1804
f 1817 1738 1819
f 1804 1819 1735
f 1817 1819 1804
f 1712 1857 1768
f 1857 1747 1860
f 1768 1860 1725
f 1857 1860 1768
f 1747 1858 1862
f 1858 1718 1853
f 1862 1853 1746
f 1858 1853 1862
f 1725 1855 1767
f 1855 1746 1852
f 1767 1852 1711
f 1855 1852 1767
f 1747 1862 1860
f 1862 1746 1855
f 1860 1855 1725
f 1862 1855 1860
f 1718 1864 1849
f 1864 1748 1868
f 1849 1868 1745
f 1864 1868 1849
f 1748 1863 1866
f 1863 1717 1831
f 1866 1831 1741
f 1863 1831 1866
f 1745 1851 1848
f 1851 1741 1830
f 1848 1830 1709
f 1851 1830 1848
f 1748 1866 1868
f 1866 1741 1851
f 1868 1851 1745
f 1866 1851 1868
f 1717 1839 1834
f 1839 1743 1843
f 1834 1843 1742
f 1839 1843 1834
f 1743 1838 1841
f 1838 1714 1784
f 1841 1784 1730
f 1838 1784 1841
f 1742 1836 1833
f 1836 1730 1783
f 1833 1783 1713
f 1836 1783 1833
f 1743 1841 1843
f 1841 1730 1836
f 1843 1836 1742
f 1841 1836 1843
f 1714 1780 1796
f 1780 1729 1798
f 1796 1798 1734
f 1780 1798 1796
f 1729 1779 1787
f 1779 1708 1785
f 1787 1785 1731
f 1779 1785 1787
f 1734 1800 1797
f 1800 1731 1786
f 1797 1786 1715
f 1800 1786 1797
f 1729 1787 1798
f 1787 1731 1800
f 1798 1800 1734
f 1787 1800 1798
f 1710 1806 1756
f 1806 1736 1808
f 1756 1808 1722
f 1806 1808 1756
f 1736 1807 1814
f 1807 1716 1811
f 1814 1811 1737
f 1807 1811 1814
f 1722 1812 1757
f 1812 1737 1810
f 1757 1810 1711
f 1812 1810 1757
f 1736 1814 1808
f 1814 1737 1812
f 1808 1812 1722
f 1814 1812 1808
f 1710 1756 1752
f 1756 1722 1758
f 1752 1758 1720
f 1756 1758 1752
f 1722 1757 1759
f 1757 1711 1754
f 1759 1754 1721
f 1757 1754 1759
f 1720 1755 1751
f 1755 1721 1753
f 1751 1753 1709
f 1755 1753 1751
f 1722 1759 1758
f 1759 1721 1755
f 1758 1755 1720
f 1759 1755 1758
f 1710 1752 1772
f 1752 1720 1774
f 1772 1774 1727
f 1752 1774 1772
f 1720 1751 1771
f 1751 1709 1769
f 1771 1769 1726
f 1751 1769 1771
f 1727 1775 1773
f 1775 1726 1770
f 1773 1770 1713
f 1775 1770 1773
f 1720 1771 1774
f 1771 1726 1775
f 1774 1775 1727
f 1771 1775 1774
f 1710 1772 1788
f 1772 1727 1790
f 1788 1790 1732
f 1772 1790 1788
f 1727 1773 1793
f 1773 1713 1791
f 1793 1791 1733
f 1773 1791 1793
f 1732 1795 1789
f 1795 1733 1792
f 1789 1792 1715
f 1795 1792 1789
f 1727 1793 1790
f 1793 1733 1795
f 1790 1795 1732
f 1793 1795 1790
f 1710 1788 1806
f 1788 1732 1809
f 1806 1809 1736
f 1788 1809 1806
f 1732 1789 1824
f 1789 1715 1821
f 1824 1821 1739
f 1789 1821 1824
f 1736 1826 1807
f 1826 1739 1822
f 1807 1822 1716
f 1826 1822 1807
f 1732 1824 1809
f 1824 1739 1826
f 1809 1826 1736
f 1824 1826 1809
f 1711 1810 1767
f 1810 1737 1813
f 1767 1813 1725
f 1810 1813 1767
f 1737 1811 1820
f 1811 1716 1816
f 1820 1816 1738
f 1811 1816 1820
f 1725 1818 1768
f 1818 1738 1815
f 1768 1815 1712
f 1818 1815 1768
f 1737 1820 1813
f 1820 1738 1818
f 1813 1818 1725
f 1820 1818 1813
f 1709 1753 1848
f 1753 1721 1850
f 1848 1850 1745
f 1753 1850 1848
f 1721 1754 1854
f 1754 1711 1852
f 1854 1852 1746
f 1754 1852 1854
f 1745 1856 1849
f 1856 1746 1853
f 1849 1853 1718
f 1856 1853 1849
f 1721 1854 1850
f 1854 1746 1856
f 1850 1856 1745
f 1854 1856 1850
f 1713 1770 1833
f 1770 1726 1835
f 1833 1835 1742
f 1770 1835 1833
f 1726 1769 1832
f 1769 1709 1830
f 1832 1830 1741
f 1769 1830 1832
f 1742 1837 1834
f 1837 1741 1831
f 1834 1831 1717
f 1837 1831 1834
f 1726 1832 1835
f 1832 1741 1837
f 1835 1837 1742
f 1832 1837 1835
f 1715 1792 1797
f 1792 1733 1801
f 1797 1801 1734
f 1792 1801 1797
f 1733 1791 1794
f 1791 1713 1783
f 1794 1783 1730
f 1791 1783 1794
f 1734 1799 1796
f 1799 1730 1784
f 1796 1784 1714
f 1799 1784 1796
f 1733 1794 1801
f 1794 1730 1799
f 1801 1799 1734
f 1794 1799 1801
f 1716 1822 1803
f 1822 1739 1825
f 1803 1825 1735
f 1822 1825 1803
f 1739 1821 1823
f 1821 1715 1786
f 1823 1786 1731
f 1821 1786 1823
f 1735 1805 1802
f 1805 1731 1785
f 1802 1785 1708
f 1805 1785 1802
f 1739 1823 1825
f 1823 1731 1805
f 1825 1805 1735
f 1823 1805 1825
f 1869 2006 1922
f 2006 1906 2008
f 1922 2008 1885
f 2006 2008 1922
f 1906 2007 2023
f 2007 1880 2020
f 2023 2020 1909
f 2007 2020 2023
f 1885 2021 1923
f 2021 1909 2019
f 1923 2019 1874
f 2021 2019 1923
f 1906 2023 2008
f 2023 1909 2021
f 2008 2021 1885
f 2023 2021 2008
f 1869 1922 1911
f 1922 1885 1924
f 1911 1924 1881
f 1922 1924 1911
f 1885 1923 1928
f 1923 1874 1926
f 1928 1926 1886
f 1923 1926 1928
f 1881 1927 1912
f 1927 1886 1925
f 1912 1925 1870
f 1927 1925 1912
f 1885 1928 1924
f 1928 1886 1927
f 1924 1927 1881
f 1928 1927 1924
f 1869 1911 1938
f 1911 1881 1940
f 1938 1940 1890
f 1911 1940 1938
f 1881 1912 1943
f 1912 1870 1941
f 1943 1941 1891
f 1912 1941 1943
f 1890 1944 1939
f 1944 1891 1942
f 1939 1942 1876
f 1944 1942 1939
f 1881 1943 1940
f 1943 1891 1944
f 1940 1944 1890
f 1943 1944 1940
f 1869 1938 1989
f 1938 1890 1991
f 1989 1991 1902
f 1938 1991 1989
f 1890 1939 2002
f 1939 1876 2000
f 2002 2000 1905
f 1939 2000 2002
f 1902 2004 1990
f 2004 1905 2001
f 1990 2001 1879
f 2004 2001 1990
f 1890 2002 1991
f 2002 1905 2004
f 1991 2004 1902
f 2002 2004 1991
f 1869 1989 2006
f 1989 1902 2009
f 2006 2009 1906
f 1989 2009 2006
f 1902 1990 2027
f 1990 1879 2025
f 2027 2025 1910
f 1990 2025 2027
f 1906 2029 2007
f 2029 1910 2026
f 2007 2026 1880
f 2029 2026 2007
f 1902 2027 2009
f 2027 1910 2029
f 2009 2029 1906
f 2027 2029 2009
f 1870 1925 1964
f 1925 1886 1966
f 1964 1966 1897
f 1925 1966 1964
f 1886 1926 1979
f 1926 1874 1977
f 1979 1977 1900
f 1926 1977 1979
f 1897 1981 1965
f 1981 1900 1978
f 1965 1978 1878
f 1981 1978 1965
f 1886 1979 1966
f 1979 1900 1981
f 1966 1981 1897
f 1979 1981 1966
f 1874 2019 1930
f 2019 1909 2022
f 1930 2022 1887
f 2019 2022 1930
f 1909 2020 2024
f 2020 1880 2015
f 2024 2015 1908
f 2020 2015 2024
f 1887 2017 1929
f 2017 1908 2014
f 1929 2014 1873
f 2017 2014 1929
f 1909 2024 2022
f 2024 1908 2017
f 2022 2017 1887
f 2024 2017 2022
f 1880 2026 2011
f 2026 1910 2030
f 2011 2030 1907
f 2026 2030 2011
f 1910 2025 2028
f 2025 1879 1993
f 2028 1993 1903
f 2025 1993 2028
f 1907 2013 2010
f 2013 1903 1992
f 2010 1992 1871
f 2013 1992 2010
f 1910 2028 2030
f 2028 1903 2013
f 2030 2013 1907
f 2028 2013 2030
f 1879 2001 1996
f 2001 1905 2005
f 1996 2005 1904
f 2001 2005 1996
f 1905 2000 2003
f 2000 1876 1946
f 2003 1946 1892
f 2000 1946 2003
f 1904 1998 1995
f 1998 1892 1945
f 1995 1945 1875
f 1998 1945 1995
f 1905 2003 2005
f 2003 1892 1998
f 2005 1998 1904
f 2003 1998 2005
f 1876 1942 1958
f 1942 1891 1960
f 1958 1960 1896
f 1942 1960 1958
f 1891 1941 1949
f 1941 1870 1947
f 1949 1947 1893
f 1941 1947 1949
f 1896 1962 1959
f 1962 1893 1948
f 1959 1948 1877
f 1962 1948 1959
f 1891 1949 1960
f 1949 1893 1962
f 1960 1962 1896
f 1949 1962 1960
f 1872 1968 1918
f 1968 1898 1970
f 1918 1970 1884
f 1968 1970 1918
f 1898 1969 1976
f 1969 1878 1973
f 1976 1973 1899
f 1969 1973 1976
f 1884 1974 1919
f 1974 1899 1972
f 1919 1972 1873
f 1974 1972 1919
f 1898 1976 1970
f 1976 1899 1974
f 1970 1974 1884
f 1976 1974 1970
f 1872 1918 1914
f 1918 1884 1920
f 1914 1920 1882
f 1918 1920 1914
f 1884 1919 1921
f 1919 1873 1916
f 1921 1916 1883
f 1919 1916 1921
f 1882 1917 1913
f 1917 1883 1915
f 1913 1915 1871
f 1917 1915 1913
f 1884 1921 1920
f 1921 1883 1917
f 1920 1917 1882
f 1921 1917 1920
f 1872 1914 1934
f 1914 1882 1936
f 1934 1936 1889
f 1914 1936 1934
f 1882 1913 1933
f 1913 1871 1931
f 1933 1931 1888
f 1913 1931 1933
f 1889 1937 1935
f 1937 1888 1932
f 1935 1932 1875
f 1937 1932 1935
f 1882 1933 1936
f 1933 1888 1937
f 1936 1937 1889
f 1933 1937 1936
f 1872 1934 1950
f 1934 1889 1952
f 1950 1952 1894
f 1934 1952 1950
f 1889 1935 1955
f 1935 1875 1953
f 1955 1953 1895
f 1935 1953 1955
f 1894 1957 1951
f 1957 1895 1954
f 1951 1954 1877
f 1957 1954 1951
f 1889 1955 1952
f 1955 1895 1957
f 1952 1957 1894
f 1955 1957 1952
f 1872 1950 1968
f 1950 1894 1971
f 1968 1971 1898
f 1950 1971 1968
f 1894 1951 1986
f 1951 1877 1983
f 1986 1983 1901
f 1951 1983 1986
f 1898 1988 1969
f 1988 1901 1984
f 1969 1984 1878
f 1988 1984 1969
f 1894 1986 1971
f 1986 1901 1988
f 1971 1988 1898
f 1986 1988 1971
f 1873 1972 1929
f 1972 1899 1975
f 1929 1975 1887
f 1972 1975 1929
f 1899 1973 1982
f 1973 1878 1978
f 1982 1978 1900
f 1973 1978 1982
f 1887 1980 1930
f 1980 1900 1977
f 1930 1977 1874
f 1980 1977 1930
f 1899 1982 1975
f 1982 1900 1980
f 1975 1980 1887
f 1982 1980 1975
f 1871 1915 2010
f 1915 1883 2012
f 2010 2012 1907
f 1915 2012 2010
f 1883 1916 2016
f 1916 1873 2014
f 2016 2014 1908
f 1916 2014 2016
f 1907 2018 2011
f 2018 1908 2015
f 2011 2015 1880
f 2018 2015 2011
f 1883 2016 2012
f 2016 1908 2018
f 2012 2018 1907
f 2016 2018 2012
f 1875 1932 1995
f 1932 1888 1997
f 1995 1997 1904
f 1932 1997 1995
f 1888 1931 1994
f 1931 1871 1992
f 1994 1992 1903
f 1931 1992 1994
f 1904 1999 1996
f 1999 1903 1993
f 1996 1993 1879
f 1999 1993 1996
f 1888 1994 1997
f 1994 1903 1999
f 1997 1999 1904
f 1994 1999 1997
f 1877 1954 1959
f 1954 1895 1963
f 1959 1963 1896
f 1954 1963 1959
f 1895 1953 1956
f 1953 1875 1945
f 1956 1945 1892
f 1953 1945 1956
f 1896 1961 1958
f 1961 1892 1946
f 1958 1946 1876
f 1961 1946 1958
f 1895 1956 1963
f 1956 1892 1961
f 1963 1961 1896
f 1956 1961 1963
f 1878 1984 1965
f 1984 1901 1987
f 1965 1987 1897
f 1984 1987 1965
f 1901 1983 1985
f 1983 1877 1948
f 1985 1948 1893
f 1983 1948 1985
f 1897 1967 1964
f 1967 1893 1947
f 1964 1947 1870
f 1967 1947 1964
f 1901 1985 1987
f 1985 1893 1967
f 1987 1967 1897
f 1985 1967 1987
f 2031 2168 2084
f 2168 2068 2170
f 2084 2170 2047
f 2168 2170 2084
f 2068 2169 2185
f 2169 2042 2182
f 2185 2182 2071
f 2169 2182 2185
f 2047 2183 2085
f 2183 2071 2181
f 2085 2181 2036
f 2183 2181 2085
f 2068 2185 2170
f 2185 2071 2183
f 2170 2183 2047
f 2185 2183 2170
f 2031 2084 2073
f 2084 2047 2086
f 2073 2086 2043
f 2084 2086 2073
f 2047 2085 2090
f 2085 2036 2088
f 2090 2088 2048
f 2085 2088 2090
f 2043 2089 2074
f 2089 2048 2087
f 2074 2087 2032
f 2089 2087 2074
f 2047 2090 2086
f 2090 2048 2089
f 2086 2089 2043
f 2090 2089 2086
f 2031 2073 2100
f 2073 2043 2102
f 2100 2102 2052
f 2073 2102 2100
f 2043 2074 2105
f 2074 2032 2103
f 2105 2103 2053
f 2074 2103 2105
f 2052 2106 2101
f 2106 2053 2104
f 2101 2104 2038
f 2106 2104 2101
f 2043 2105 2102
f 2105 2053 2106
f 2102 2106 2052
f 2105 2106 2102
f 2031 2100 2151
f 2100 2052 2153
f 2151 2153 2064
f 2100 2153 2151
f 2052 2101 2164
f 2101 2038 2162
f 2164 2162 2067
f 2101 2162 2164
f 2064 2166 2152
f 2166 2067 2163
f 2152 2163 2041
f 2166 2163 2152
f 2052 2164 2153
f 2164 2067 2166
f 2153 2166 2064
f 2164 2166 2153
f 2031 2151 2168
f 2151 2064 2171
f 2168 2171 2068
f 2151 2171 2168
f 2064 2152 2189
f 2152 2041 2187
f 2189 2187 2072
f 2152 2187 2189
f 2068 2191 2169
f 2191 2072 2188
f 2169 2188 2042
f 2191 2188 2169
f 2064 2189 2171
f 2189 2072 2191
f 2171 2191 2068
f 2189 2191 2171
f 2032 2087 2126
f 2087 2048 2128
f 2126 2128 2059
f 2087 2128 2126
f 2048 2088 2141
f 2088 2036 2139
f 2141 2139 2062
f 2088 2139 2141
f 2059 2143 2127
f 2143 2062 2140
f 2127 2140 2040
f 2143 2140 2127
f 2048 2141 2128
f 2141 2062 2143
f 2128 2143 2059
f 2141 2143 2128
f 2036 2181 2092
f 2181 2071 2184
f 2092 2184 2049
f 2181 2184 2092
f 2071 2182 2186
f 2182 2042 2177
f 2186 2177 2070
f 2182 2177 2186
f 2049 2179 2091
f 2179 2070 2176
f 2091 2176 2035
f 2179 2176 2091
f 2071 2186 2184
f 2186 2070 2179
f 2184 2179 2049
f 2186 2179 2184
f 2042 2188 2173
f 2188 2072 2192
f 2173 2192 2069
f 2188 2192 2173
f 2072 2187 2190
f 2187 2041 2155
f 2190 2155 2065
f 2187 2155 2190
f 2069 2175 2172
f 2175 2065 2154
f 2172 2154 2033
f 2175 2154 2172
f 2072 2190 2192
f 2190 2065 2175
f 2192 2175 2069
f 2190 2175 2192
f 2041 2163 2158
f 2163 2067 2167
f 2158 2167 2066
f 2163 2167 2158
f 2067 2162 2165
f 2162 2038 2108
f 2165 2108 2054
f 2162 2108 2165
f 2066 2160 2157
f 2160 2054 2107
f 2157 2107 2037
f 2160 2107 2157
f 2067 2165 2167
f 2165 2054 2160
f 2167 2160 2066
f 2165 2160 2167
f 2038 2104 2120
f 2104 2053 2122
f 2120 2122 2058
f 2104 2122 2120
f 2053 2103 2111
f 2103 2032 2109
f 2111 2109 2055
f 2103 2109 2111
f 2058 2124 2121
f 2124 2055 2110
f 2121 2110 2039
f 2124 2110 2121
f 2053 2111 2122
f 2111 2055 2124
f 2122 2124 2058
f 2111 2124 2122
f 2034 2130 2080
f 2130 2060 2132
f 2080 2132 2046
f 2130 2132 2080
f 2060 2131 2138
f 2131 2040 2135
f 2138 2135 2061
f 2131 2135 2138
f 2046 2136 2081
f 2136 2061 2134
f 2081 2134 2035
f 2136 2134 2081
f 2060 2138 2132
f 2138 2061 2136
f 2132 2136 2046
f 2138 2136 2132
f 2034 2080 2076
f 2080 2046 2082
f 2076 2082 2044
f 2080 2082 2076
f 2046 2081 2083
f 2081 2035 2078
f 2083 2078 2045
f 2081 2078 2083
f 2044 2079 2075
f 2079 2045 2077
f 2075 2077 2033
f 2079 2077 2075
f 2046 2083 2082
f 2083 2045 2079
f 2082 2079 2044
f 2083 2079 2082
f 2034 2076 2096
f 2076 2044 2098
f 2096 2098 2051
f 2076 2098 2096
f 2044 2075 2095
f 2075 2033 2093
f 2095 2093 2050
f 2075 2093 2095
f 2051 2099 2097
f 2099 2050 2094
f 2097 2094 2037
f 2099 2094 2097
f 2044 2095 2098
f 2095 2050 2099
f 2098 2099 2051
f 2095 2099 2098
f 2034 2096 2112
f 2096 2051 2114
f 2112 2114 2056
f 2096 2114 2112
f 2051 2097 2117
f 2097 2037 2115
f 2117 2115 2057
f 2097 2115 2117
f 2056 2119 2113
f 2119 2057 2116
f 2113 2116 2039
f 2119 2116 2113
f 2051 2117 2114
f 2117 2057 2119
f 2114 2119 2056
f 2117 2119 2114
f 2034 2112 2130
f 2112 2056 2133
f 2130 2133 2060
f 2112 2133 2130
f 2056 2113 2148
f 2113 2039 2145
f 2148 2145 2063
f 2113 2145 2148
f 2060 2150 2131
f 2150 2063 2146
f 2131 2146 2040
f 2150 2146 2131
f 2056 2148 2133
f 2148 2063 2150
f 2133 2150 2060
f 2148 2150 2133
f 2035 2134 2091
f 2134 2061 2137
f 2091 2137 2049
f 2134 2137 2091
f 2061 2135 2144
f 2135 2040 2140
f 2144 2140 2062
f 2135 2140 2144
f 2049 2142 2092
f 2142 2062 2139
f 2092 2139 2036
f 2142 2139 2092
f 2061 2144 2137
f 2144 2062 2142
f 2137 2142 2049
f 2144 2142 2137
f 2033 2077 2172
f 2077 2045 2174
f 2172 2174 2069
f 2077 2174 2172
f 2045 2078 2178
f 2078 2035 2176
f 2178 2176 2070
f 2078 2176 2178
f 2069 2180 2173
f 2180 2070 2177
f 2173 2177 2042
f 2180 2177 2173
f 2045 2178 2174
f 2178 2070 2180
f 2174 2180 2069
f 2178 2180 2174
f 2037 2094 2157
f 2094 2050 2159
f 2157 2159 2066
f 2094 2159 2157
f 2050 2093 2156
f 2093 2033 2154
f 2156 2154 2065
f 2093 2154 2156
f 2066 2161 2158
f 2161 2065 2155
f 2158 2155 2041
f 2161 2155 2158
f 2050 2156 2159
f 2156 2065 2161
f 2159 2161 2066
f 2156 2161 2159
f 2039 2116 2121
f 2116 2057 2125
f 2121 2125 2058
f 2116 2125 2121
f 2057 2115 2118
f 2115 2037 2107
f 2118 2107 2054
f 2115 2107 2118
f 2058 2123 2120
f 2123 2054 2108
f 2120 2108 2038
f 2123 2108 2120
f 2057 2118 2125
f 2118 2054 2123
f 2125 2123 2058
f 2118 2123 2125
f 2040 2146 2127
f 2146 2063 2149
f 2127 2149 2059
f 2146 2149 2127
f 2063 2145 2147
f 2145 2039 2110
f 2147 2110 2055
f 2145 2110 2147
f 2059 2129 2126
f 2129 2055 2109
f 2126 2109 2032
f 2129 2109 2126
f 2063 2147 2149
f 2147 2055 2129
f 2149 2129 2059
f 2147 2129 2149
f 2193 2230 2209
f 2230 2204 2233
f 2209 2233 2198
f 2230 2233 2209
f 2193 2209 2205
f 2209 2198 2210
f 2205 2210 2194
f 2209 2210 2205
f 2193 2205 2214
f 2205 2194 2215
f 2214 2215 2200
f 2205 2215 2214
f 2193 2214 2226
f 2214 2200 2229
f 2226 2229 2203
f 2214 2229 2226
f 2193 2226 2230
f 2226 2203 2234
f 2230 2234 2204
f 2226 2234 2230
f 2194 2210 2221
f 2210 2198 2224
f 2221 2224 2202
f 2210 2224 2221
f 2198 2233 2211
f 2233 2204 2232
f 2211 2232 2197
f 2233 2232 2211
f 2204 2234 2231
f 2234 2203 2227
f 2231 2227 2195
f 2234 2227 2231
f 2203 2229 2228
f 2229 2200 2216
f 2228 2216 2199
f 2229 2216 2228
f 2200 2215 2220
f 2215 2194 2217
f 2220 2217 2201
f 2215 2217 2220
f 2196 2222 2208
f 2222 2202 2223
f 2208 2223 2197
f 2222 2223 2208
f 2196 2208 2206
f 2208 2197 2207
f 2206 2207 2195
f 2208 2207 2206
f 2196 2206 2213
f 2206 2195 2212
f 2213 2212 2199
f 2206 2212 2213
f 2196 2213 2218
f 2213 2199 2219
f 2218 2219 2201
f 2213 2219 2218
f 2196 2218 2222
f 2218 2201 2225
f 2222 2225 2202
f 2218 2225 2222
f 2197 2223 2211
f 2223 2202 2224
f 2211 2224 2198
f 2223 2224 2211
f 2195 2207 2231
f 2207 2197 2232
f 2231 2232 2204
f 2207 2232 2231
f 2199 2212 2228
f 2212 2195 2227
f 2228 2227 2203
f 2212 2227 2228
f 2201 2219 2220
f 2219 2199 2216
f 2220 2216 2200
f 2219 2216 2220
f 2202 2225 2221
f 2225 2201 2217
f 2221 2217 2194
f 2225 2217 2221
f 2235 2272 2251
f 2272 2246 2275
f 2251 2275 2240
f 2272 2275 2251
f 2235 2251 2247
f 2251 2240 2252
f 2247 2252 2236
f 2251 2252 2247
f 2235 2247 2256
f 2247 2236 2257
f 2256 2257 2242
f 2247 2257 2256
f 2235 2256 2268
f 2256 2242 2271
f 2268 2271 2245
f 2256 2271 2268
f 2235 2268 2272
f 2268 2245 2276
f 2272 2276 2246
f 2268 2276 2272
f 2236 2252 2263
f 2252 2240 2266
f 2263 2266 2244
f 2252 2266 2263
f 2240 2275 2253
f 2275 2246 2274
f 2253 2274 2239
f 2275 2274 2253
f 2246 2276 2273
f 2276 2245 2269
f 2273 2269 2237
f 2276 2269 2273
f 2245 2271 2270
f 2271 2242 2258
f 2270 2258 2241
f 2271 2258 2270
f 2242 2257 2262
f 2257 2236 2259
f 2262 2259 2243
f 2257 2259 2262
f 2238 2264 2250
f 2264 2244 2265
f 2250 2265 2239
f 2264 2265 2250
f 2238 2250 2248
f 2250 2239 2249
f 2248 2249 2237
f 2250 2249 2248
f 2238 2248 2255
f 2248 2237 2254
f 2255 2254 2241
f 2248 2254 2255
f 2238 2255 2260
f 2255 2241 2261
f 2260 2261 2243
f 2255 2261 2260
f 2238 2260 2264
f 2260 2243 2267
f 2264 2267 2244
f 2260 2267 2264
f 2239 2265 2253
f 2265 2244 2266
f 2253 2266 2240
f 2265 2266 2253
f 2237 2249 2273
f 2249 2239 2274
f 2273 2274 2246
f 2249 2274 2273
f 2241 2254 2270
f 2254 2237 2269
f 2270 2269 2245
f 2254 2269 2270
f 2243 2261 2262
f 2261 2241 2258
f 2262 2258 2242
f 2261 2258 2262
f 2244 2267 2263
f 2267 2243 2259
f 2263 2259 2236
f 2267 2259 2263
f 2277 2414 2330
f 2414 2314 2416
f 2330 2416 2293
f 2414 2416 2330
f 2314 2415 2431
f 2415 2288 2428
f 2431 2428 2317
f 2415 2428 2431
f 2293 2429 2331
f 2429 2317 2427
f 2331 2427 2282
f 2429 2427 2331
f 2314 2431 2416
f 2431 2317 2429
f 2416 2429 2293
f 2431 2429 2416
f 2277 2330 2319
f 2330 2293 2332
f 2319 2332 2289
f 2330 2332 2319
f 2293 2331 2336
f 2331 2282 2334
f 2336 2334 2294
f 2331 2334 2336
f 2289 2335 2320
f 2335 2294 2333
f 2320 2333 2278
f 2335 2333 2320
f 2293 2336 2332
f 2336 2294 2335
f 2332 2335 2289
f 2336 2335 2332
f 2277 2319 2346
f 2319 2289 2348
f 2346 2348 2298
f 2319 2348 2346
f 2289 2320 2351
f 2320 2278 2349
f 2351 2349 2299
f 2320 2349 2351
f 2298 2352 2347
f 2352 2299 2350
f 2347 2350 2284
f 2352 2350 2347
f 2289 2351 2348
f 2351 2299 2352
f 2348 2352 2298
f 2351 2352 2348
f 2277 2346 2397
f 2346 2298 2399
f 2397 2399 2310
f 2346 2399 2397
f 2298 2347 2410
f 2347 2284 2408
f 2410 2408 2313
f 2347 2408 2410
f 2310 2412 2398
f 2412 2313 2409
f 2398 2409 2287
f 2412 2409 2398
f 2298 2410 2399
f 2410 2313 2412
f 2399 2412 2310
f 2410 2412 2399
f 2277 2397 2414
f 2397 2310 2417
f 2414 2417 2314
f 2397 2417 2414
f 2310 2398 2435
f 2398 2287 2433
f 2435 2433 2318
f 2398 2433 2435
f 2314 2437 2415
f 2437 2318 2434
f 2415 2434 2288
f 2437 2434 2415
f 2310 2435 2417
f 2435 2318 2437
f 2417 2437 2314
f 2435 2437 2417
f 2278 2333 2372
f 2333 2294 2374
f 2372 2374 2305
f 2333 2374 2372
f 2294 2334 2387
f 2334 2282 2385
f 2387 2385 2308
f 2334 2385 2387
f 2305 2389 2373
f 2389 2308 2386
f 2373 2386 2286
f 2389 2386 2373
f 2294 2387 2374
f 2387 2308 2389
f 2374 2389 2305
f 2387 2389 2374
f 2282 2427 2338
f 2427 2317 2430
f 2338 2430 2295
f 2427 2430 2338
f 2317 2428 2432
f 2428 2288 2423
f 2432 2423 2316
f 2428 2423 2432
f 2295 2425 2337
f 2425 2316 2422
f 2337 2422 2281
f 2425 2422 2337
f 2317 2432 2430
f 2432 2316 2425
f 2430 2425 2295
f 2432 2425 2430
f 2288 2434 2419
f 2434 2318 2438
f 2419 2438 2315
f 2434 2438 2419
f 2318 2433 2436
f 2433 2287 2401
f 2436 2401 2311
f 2433 2401 2436
f 2315 2421 2418
f 2421 2311 2400
f 2418 2400 2279
f 2421 2400 2418
f 2318 2436 2438
f 2436 2311 2421
f 2438 2421 2315
f 2436 2421 2438
f 2287 2409 2404
f 2409 2313 2413
f 2404 2413 2312
f 2409 2413 2404
f 2313 2408 2411
f 2408 2284 2354
f 2411 2354 2300
f 2408 2354 2411
f 2312 2406 2403
f 2406 2300 2353
f 2403 2353 2283
f 2406 2353 2403
f 2313 2411 2413
f 2411 2300 2406
f 2413 2406 2312
f 2411 2406 2413
f 2284 2350 2366
f 2350 2299 2368
f 2366 2368 2304
f 2350 2368 2366
f 2299 2349 2357
f 2349 2278 2355
f 2357 2355 2301
f 2349 2355 2357
f 2304 2370 2367
f 2370 2301 2356
f 2367 2356 2285
f 2370 2356 2367
f 2299 2357 2368
f 2357 2301 2370
f 2368 2370 2304
f 2357 2370 2368
f 2280 2376 2326
f 2376 2306 2378
f 2326 2378 2292
f 2376 2378 2326
f 2306 2377 2384
f 2377 2286 2381
f 2384 2381 2307
f 2377 2381 2384
f 2292 2382 2327
f 2382 2307 2380
f 2327 2380 2281
f 2382 2380 2327
f 2306 2384 2378
f 2384 2307 2382
f 2378 2382 2292
f 2384 2382 2378
f 2280 2326 2322
f 2326 2292 2328
f 2322 2328 2290
f 2326 2328 2322
f 2292 2327 2329
f 2327 2281 2324
f 2329 2324 2291
f 2327 2324 2329
f 2290 2325 2321
f 2325 2291 2323
f 2321 2323 2279
f 2325 2323 2321
f 2292 2329 2328
f 2329 2291 2325
f 2328 2325 2290
f 2329 2325 2328
f 2280 2322 2342
f 2322 2290 2344
f 2342 2344 2297
f 2322 2344 2342
f 2290 2321 2341
f 2321 2279 2339
f 2341 2339 2296
f 2321 2339 2341
f 2297 2345 2343
f 2345 2296 2340
f 2343 2340 2283
f 2345 2340 2343
f 2290 2341 2344
f 2341 2296 2345
f 2344 2345 2297
f 2341 2345 2344
f 2280 2342 2358
f 2342 2297 2360
f 2358 2360 2302
f 2342 2360 2358
f 2297 2343 2363
f 2343 2283 2361
f 2363 2361 2303
f 2343 2361 2363
f 2302 2365 2359
f 2365 2303 2362
f 2359 2362 2285
f 2365 2362 2359
f 2297 2363 2360
f 2363 2303 2365
f 2360 2365 2302
f 2363 2365 2360
f 2280 2358 2376
f 2358 2302 2379
f 2376 2379 2306
f 2358 2379 2376
f 2302 2359 2394
f 2359 2285 2391
f 2394 2391 2309
f 2359 2391 2394
f 2306 2396 2377
f 2396 2309 2392
f 2377 2392 2286
f 2396 2392 2377
f 2302 2394 2379
f 2394 2309 2396
f 2379 2396 2306
f 2394 2396 2379
f 2281 2380 2337
f 2380 2307 2383
f 2337 2383 2295
f 2380 2383 2337
f 2307 2381 2390
f 2381 2286 2386
f 2390 2386 2308
f 2381 2386 2390
f 2295 2388 2338
f 2388 2308 2385
f 2338 2385 2282
f 2388 2385 2338
f 2307 2390 2383
f 2390 2308 2388
f 2383 2388 2295
f 2390 2388 2383
f 2279 2323 2418
f 2323 2291 2420
f 2418 2420 2315
f 2323 2420 2418
f 2291 2324 2424
f 2324 2281 2422
f 2424 2422 2316
f 2324 2422 2424
f 2315 2426 2419
f 2426 2316 2423
f 2419 2423 2288
f 2426 2423 2419
f 2291 2424 2420
f 2424 2316 2426
f 2420 2426 2315
f 2424 2426 2420
f 2283 2340 2403
f 2340 2296 2405
f 2403 2405 2312
f 2340 2405 2403
f 2296 2339 2402
f 2339 2279 2400
f 2402 2400 2311
f 2339 2400 2402
f 2312 2407 2404
f 2407 2311 2401
f 2404 2401 2287
f 2407 2401 2404
f 2296 2402 2405
f 2402 2311 2407
f 2405 2407 2312
f 2402 2407 2405
f 2285 2362 2367
f 2362 2303 2371
f 2367 2371 2304
f 2362 2371 2367
f 2303 2361 2364
f 2361 2283 2353
f 2364 2353 2300
f 2361 2353 2364
f 2304 2369 2366
f 2369 2300 2354
f 2366 2354 2284
f 2369 2354 2366
f 2303 2364 2371
f 2364 2300 2369
f 2371 2369 2304
f 2364 2369 2371
f 2286 2392 2373
f 2392 2309 2395
f 2373 2395 2305
f 2392 2395 2373
f 2309 2391 2393
f 2391 2285 2356
f 2393 2356 2301
f 2391 2356 2393
f 2305 2375 2372
f 2375 2301 2355
f 2372 2355 2278
f 2375 2355 2372
f 2309 2393 2395
f 2393 2301 2375
f 2395 2375 2305
f 2393 2375 2395
f 2439 2576 2492
f 2576 2476 2578
f 2492 2578 2455
f 2576 2578 2492
f 2476 2577 2593
f 2577 2450 2590
f 2593 2590 2479
f 2577 2590 2593
f 2455 2591 2493
f 2591 2479 2589
f 2493 2589 2444
f 2591 2589 2493
f 2476 2593 2578
f 2593 2479 2591
f 2578 2591 2455
f 2593 2591 2578
f 2439 2492 2481
f 2492 2455 2494
f 2481 2494 2451
f 2492 2494 2481
f 2455 2493 2498
f 2493 2444 2496
f 2498 2496 2456
f 2493 2496 2498
f 2451 2497 2482
f 2497 2456 2495
f 2482 2495 2440
f 2497 2495 2482
f 2455 2498 2494
f 2498 2456 2497
f 2494 2497 2451
f 2498 2497 2494
f 2439 2481 2508
f 2481 2451 2510
f 2508 2510 2460
f 2481 2510 2508
f 2451 2482 2513
f 2482 2440 2511
f 2513 2511 2461
f 2482 2511 2513
f 2460 2514 2509
f 2514 2461 2512
f 2509 2512 2446
f 2514 2512 2509
f 2451 2513 2510
f 2513 2461 2514
f 2510 2514 2460
f 2513 2514 2510
f 2439 2508 2559
f 2508 2460 2561
f 2559 2561 2472
f 2508 2561 2559
f 2460 2509 2572
f 2509 2446 2570
f 2572 2570 2475
f 2509 2570 2572
f 2472 2574 2560
f 2574 2475 2571
f 2560 2571 2449
f 2574 2571 2560
f 2460 2572 2561
f 2572 2475 2574
f 2561 2574 2472
f 2572 2574 2561
f 2439 2559 2576
f 2559 2472 2579
f 2576 2579 2476
f 2559 2579 2576
f 2472 2560 2597
f 2560 2449 2595
f 2597 2595 2480
f 2560 2595 2597
f 2476 2599 2577
f 2599 2480 2596
f 2577 2596 2450
f 2599 2596 2577
f 2472 2597 2579
f 2597 2480 2599
f 2579 2599 2476
f 2597 2599 2579
f 2440 2495 2534
f 2495 2456 2536
f 2534 2536 2467
f 2495 2536 2534
f 2456 2496 2549
f 2496 2444 2547
f 2549 2547 2470
f 2496 2547 2549
f 2467 2551 2535
f 2551 2470 2548
f 2535 2548 2448
f 2551 2548 2535
f 2456 2549 2536
f 2549 2470 2551
f 2536 2551 2467
f 2549 2551 2536
f 2444 2589 2500
f 2589 2479 2592
f 2500 2592 2457
f 2589 2592 2500
f 2479 2590 2594
f 2590 2450 2585
f 2594 2585 2478
f 2590 2585 2594
f 2457 2587 2499
f 2587 2478 2584
f 2499 2584 2443
f 2587 2584 2499
f 2479 2594 2592
f 2594 2478 2587
f 2592 2587 2457
f 2594 2587 2592
f 2450 2596 2581
f 2596 2480 2600
f 2581 2600 2477
f 2596 2600 2581
f 2480 2595 2598
f 2595 2449 2563
f 2598 2563 2473
f 2595 2563 2598
f 2477 2583 2580
f 2583 2473 2562
f 2580 2562 2441
f 2583 2562 2580
f 2480 2598 2600
f 2598 2473 2583
f 2600 2583 2477
f 2598 2583 2600
f 2449 2571 2566
f 2571 2475 2575
f 2566 2575 2474
f 2571 2575 2566
f 2475 2570 2573
f 2570 2446 2516
f 2573 2516 2462
f 2570 2516 2573
f 2474 2568 2565
f 2568 2462 2515
f 2565 2515 2445
f 2568 2515 2565
f 2475 2573 2575
f 2573 2462 2568
f 2575 2568 2474
f 2573 2568 2575
f 2446 2512 2528
f 2512 2461 2530
f 2528 2530 2466
f 2512 2530 2528
f 2461 2511 2519
f 2511 2440 2517
f 2519 2517 2463
f 2511 2517 2519
f 2466 2532 2529
f 2532 2463 2518
f 2529 2518 2447
f 2532 2518 2529
f 2461 2519 2530
f 2519 2463 2532
f 2530 2532 2466
f 2519 2532 2530
f 2442 2538 2488
f 2538 2468 2540
f 2488 2540 2454
f 2538 2540 2488
f 2468 2539 2546
f 2539 2448 2543
f 2546 2543 2469
f 2539 2543 2546
f 2454 2544 2489
f 2544 2469 2542
f 2489 2542 2443
f 2544 2542 2489
f 2468 2546 2540
f 2546 2469 2544
f 2540 2544 2454
f 2546 2544 2540
f 2442 2488 2484
f 2488 2454 2490
f 2484 2490 2452
f 2488 2490 2484
f 2454 2489 2491
f 2489 2443 2486
f 2491 2486 2453
f 2489 2486 2491
f 2452 2487 2483
f 2487 2453 2485
f 2483 2485 2441
f 2487 2485 2483
f 2454 2491 2490
f 2491 2453 2487
f 2490 2487 2452
f 2491 2487 2490
f 2442 2484 2504
f 2484 2452 2506
f 2504 2506 2459
f 2484 2506 2504
f 2452 2483 2503
f 2483 2441 2501
f 2503 2501 2458
f 2483 2501 2503
f 2459 2507 2505
f 2507 2458 2502
f 2505 2502 2445
f 2507 2502 2505
f 2452 2503 2506
f 2503 2458 2507
f 2506 2507 2459
f 2503 2507 2506
f 2442 2504 2520
f 2504 2459 2522
f 2520 2522 2464
f 2504 2522 2520
f 2459 2505 2525
f 2505 2445 2523
f 2525 2523 2465
f 2505 2523 2525
f 2464 2527 2521
f 2527 2465 2524
f 2521 2524 2447
f 2527 2524 2521
f 2459 2525 2522
f 2525 2465 2527
f 2522 2527 2464
f 2525 2527 2522
f 2442 2520 2538
f 2520 2464 2541
f 2538 2541 2468
f 2520 2541 2538
f 2464 2521 2556
f 2521 2447 2553
f 2556 2553 2471
f 2521 2553 2556
f 2468 2558 2539
f 2558 2471 2554
f 2539 2554 2448
f 2558 2554 2539
f 2464 2556 2541
f 2556 2471 2558
f 2541 2558 2468
f 2556 2558 2541
f 2443 2542 2499
f 2542 2469 2545
f 2499 2545 2457
f 2542 2545 2499
f 2469 2543 2552
f 2543 2448 2548
f 2552 2548 2470
f 2543 2548 2552
f 2457 2550 2500
f 2550 2470 2547
f 2500 2547 2444
f 2550 2547 2500
f 2469 2552 2545
f 2552 2470 2550
f 2545 2550 2457
f 2552 2550 2545
f 2441 2485 2580
f 2485 2453 2582
f 2580 2582 2477
f 2485 2582 2580
f 2453 2486 2586
f 2486 2443 2584
f 2586 2584 2478
f 2486 2584 2586
f 2477 2588 2581
f 2588 2478 2585
f 2581 2585 2450
f 2588 2585 2581
f 2453 2586 2582
f 2586 2478 2588
f 2582 2588 2477
f 2586 2588 2582
f 2445 2502 2565
f 2502 2458 2567
f 2565 2567 2474
f 2502 2567 2565
f 2458 2501 2564
f 2501 2441 2562
f 2564 2562 2473
f 2501 2562 2564
f 2474 2569 2566
f 2569 2473 2563
f 2566 2563 2449
f 2569 2563 2566
f 2458 2564 2567
f 2564 2473 2569
f 2567 2569 2474
f 2564 2569 2567
f 2447 2524 2529
f 2524 2465 2533
f 2529 2533 2466
f 2524 2533 2529
f 2465 2523 2526
f 2523 2445 2515
f 2526 2515 2462
f 2523 2515 2526
f 2466 2531 2528
f 2531 2462 2516
f 2528 2516 2446
f 2531 2516 2528
f 2465 2526 2533
f 2526 2462 2531
f 2533 2531 2466
f 2526 2531 2533
f 2448 2554 2535
f 2554 2471 2557
f 2535 2557 2467
f 2554 2557 2535
f 2471 2553 2555
f 2553 2447 2518
f 2555 2518 2463
f 2553 2518 2555
f 2467 2537 2534
f 2537 2463 2517
f 2534 2517 2440
f 2537 2517 2534
f 2471 2555 2557
f 2555 2463 2537
f 2557 2537 2467
f 2555 2537 2557
f 2601 2638 2617
f 2638 2612 2641
f 2617 2641 2606
f 2638 2641 2617
f 2601 2617 2613
f 2617 2606 2618
f 2613 2618 2602
f 2617 2618 2613
f 2601 2613 2622
f 2613 2602 2623
f 2622 2623 2608
f 2613 2623 2622
f 2601 2622 2634
f 2622 2608 2637
f 2634 2637 2611
f 2622 2637 2634
f 2601 2634 2638
f 2634 2611 2642
f 2638 2642 2612
f 2634 2642 2638
f 2602 2618 2629
f 2618 2606 2632
f 2629 2632 2610
f 2618 2632 2629
f 2606 2641 2619
f 2641 2612 2640
f 2619 2640 2605
f 2641 2640 2619
f 2612 2642 2639
f 2642 2611 2635
f 2639 2635 2603
f 2642 2635 2639
f 2611 2637 2636
f 2637 2608 2624
f 2636 2624 2607
f 2637 2624 2636
f 2608 2623 2628
f 2623 2602 2625
f 2628 2625 2609
f 2623 2625 2628
f 2604 2630 2616
f 2630 2610 2631
f 2616 2631 2605
f 2630 2631 2616
f 2604 2616 2614
f 2616 2605 2615
f 2614 2615 2603
f 2616 2615 2614
f 2604 2614 2621
f 2614 2603 2620
f 2621 2620 2607
f 2614 2620 2621
f 2604 2621 2626
f 2621 2607 2627
f 2626 2627 2609
f 2621 2627 2626
f 2604 2626 2630
f 2626 2609 2633
f 2630 2633 2610
f 2626 2633 2630
f 2605 2631 2619
f 2631 2610 2632
f 2619 2632 2606
f 2631 2632 2619
f 2603 2615 2639
f 2615 2605 2640
f 2639 2640 2612
f 2615 2640 2639
f 2607 2620 2636
f 2620 2603 2635
f 2636 2635 2611
f 2620 2635 2636
f 2609 2627 2628
f 2627 2607 2624
f 2628 2624 2608
f 2627 2624 2628
f 2610 2633 2629
f 2633 2609 2625
f 2629 2625 2602
f 2633 2625 2629
f 2643 2680 2659
f 2680 2654 2683
f 2659 2683 2648
f 2680 2683 2659
f 2643 2659 2655
f 2659 2648 2660
f 2655 2660 2644
f 2659 2660 2655
f 2643 2655 2664
f 2655 2644 2665
f 2664 2665 2650
f 2655 2665 2664
f 2643 2664 2676
f 2664 2650 2679
f 2676 2679 2653
f 2664 2679 2676
f 2643 2676 2680
f 2676 2653 2684
f 2680 2684 2654
f 2676 2684 2680
f 2644 2660 2671
f 2660 2648 2674
f 2671 2674 2652
f 2660 2674 2671
f 2648 2683 2661
f 2683 2654 2682
f 2661 2682 2647
f 2683 2682 2661
f 2654 2684 2681
f 2684 2653 2677
f 2681 2677 2645
f 2684 2677 2681
f 2653 2679 2678
f 2679 2650 2666
f 2678 2666 2649
f 2679 2666 2678
f 2650 2665 2670
f 2665 2644 2667
f 2670 2667 2651
f 2665 2667 2670
f 2646 2672 2658
f 2672 2652 2673
f 2658 2673 2647
f 2672 2673 2658
f 2646 2658 2656
f 2658 2647 2657
f 2656 2657 2645
f 2658 2657 2656
f 2646 2656 2663
f 2656 2645 2662
f 2663 2662 2649
f 2656 2662 2663
f 2646 2663 2668
f 2663 2649 2669
f 2668 2669 2651
f 2663 2669 2668
f 2646 2668 2672
f 2668 2651 2675
f 2672 2675 2652
f 2668 2675 2672
f 2647 2673 2661
f 2673 2652 2674
f 2661 2674 2648
f 2673 2674 2661
f 2645 2657 2681
f 2657 2647 2682
f 2681 2682 2654
f 2657 2682 2681
f 2649 2662 2678
f 2662 2645 2677
f 2678 2677 2653
f 2662 2677 2678
f 2651 2669 2670
f 2669 2649 2666
f 2670 2666 2650
f 2669 2666 2670
f 2652 2675 2671
f 2675 2651 2667
f 2671 2667 2644
f 2675 2667 2671
f 2686 2685 2689
f 2686 2689 2687
f 2687 2689 2690
f 2687 2690 2688
f 2689 2685 2691
f 2689 2691 2690
f 2690 2691 2692
f 2690 2692 2688
f 2691 2685 2693
f 2691 2693 2692
f 2692 2693 2694
f 2692 2694 2688
f 2693 2685 2695
f 2693 2695 2694
f 2694 2695 2696
f 2694 2696 2688
f 2695 2685 2697
f 2695 2697 2696
f 2696 2697 2698
f 2696 2698 2688
f 2697 2685 2699
f 2697 2699 2698
f 2698 2699 2700
f 2698 2700 2688
f 2699 2685 2701
f 2699 2701 2700
f 2700 2701 2702
f 2700 2702 2688
f 2701 2685 2703
f 2701 2703 2702
f 2702 2703 2704
f 2702 2704 2688
f 2703 2685 2705
f 2703 2705 2704
f 2704 2705 2706
f 2704 2706 2688
f 2705 2685 2707
f 2705 2707 2706
f 2706 2707 2708
f 2706 2708 2688
f 2707 2685 2709
f 2707 2709 2708
f 2708 2709 2710
f 2708 2710 2688
f 2709 2685 2711
f 2709 2711 2710
f 2710 2711 2712
f 2710 2712 2688
f 2711 2685 2713
f 2711 2713 2712
f 2712 2713 2714
f 2712 2714 2688
f 2713 2685 2715
f 2713 2715 2714
f 2714 2715 2716
f 2714 2716 2688
f 2715 2685 2717
f 2715 2717 2716
f 2716 2717 2718
f 2716 2718 2688
f 2717 2685 2719
f 2717 2719 2718
f 2718 2719 2720
f 2718 2720 2688
f 2719 2685 2721
f 2719 2721 2720
f 2720 2721 2722
f 2720 2722 2688
f 2721 2685 2723
f 2721 2723 2722
f 2722 2723 2724
f 2722 2724 2688
f 2723 2685 2725
f 2723 2725 2724
f 2724 2725 2726
f 2724 2726 2688
f 2725 2685 2727
f 2725 2727 2726
f 2726 2727 2728
f 2726 2728 2688
f 2727 2685 2729
f 2727 2729 2728
f 2728 2729 2730
f 2728 2730 2688
f 2729 2685 2731
f 2729 2731 2730
f 2730 2731 2732
f 2730 2732 2688
f 2731 2685 2733
f 2731 2733 2732
f 2732 2733 2734
f 2732 2734 2688
f 2733 2685 2686
f 2733 2686 2734
f 2734 2686 2687
f 2734 2687 2688
f 2736 2735 2739
f 2736 2739 2737
f 2737 2739 2740
f 2737 2740 2738
f 2739 2735 2741
f 2739 2741 2740
f 2740 2741 2742
f 2740 2742 2738
f 2741 2735 2743
f 2741 2743 2742
f 2742 2743 2744
f 2742 2744 2738
f 2743 2735 2745
f 2743 2745 2744
f 2744 2745 2746
f 2744 2746 2738
f 2745 2735 2747
f 2745 2747 2746
f 2746 2747 2748
f 2746 2748 2738
f 2747 2735 2749
f 2747 2749 2748
f 2748 2749 2750
f 2748 2750 2738
f 2749 2735 2751
f 2749 2751 2750
f 2750 2751 2752
f 2750 2752 2738
f 2751 2735 2753
f 2751 2753 2752
f 2752 2753 2754
f 2752 2754 2738
f 2753 2735 2755
f 2753 2755 2754
f 2754 2755 2756
f 2754 2756 2738
f 2755 2735 2757
f 2755 2757 2756
f 2756 2757 2758
f 2756 2758 2738
f 2757 2735 2759
f 2757 2759 2758
f 2758 2759 2760
f 2758 2760 2738
f 2759 2735 2761
f 2759 2761 2760
f 2760 2761 2762
f 2760 2762 2738
f 2761 2735 2763
f 2761 2763 2762
f 2762 2763 2764
f 2762 2764 2738
f 2763 2735 2765
f 2763 2765 2764
f 2764 2765 2766
f 2764 2766 2738
f 2765 2735 2767
f 2765 2767 2766
f 2766 2767 2768
f 2766 2768 2738
f 2767 2735 2769
f 2767 2769 2768
f 2768 2769 2770
f 2768 2770 2738
f 2769 2735 2771
f 2769 2771 2770
f 2770 2771 2772
f 2770 2772 2738
f 2771 2735 2773
f 2771 2773 2772
f 2772 2773 2774
f 2772 2774 2738
f 2773 2735 2775
f 2773 2775 2774
f 2774 2775 2776
f 2774 2776 2738
f 2775 2735 2777
f 2775 2777 2776
f 2776 2777 2778
f 2776 2778 2738
f 2777 2735 2779
f 2777 2779 2778
f 2778 2779 2780
f 2778 2780 2738
f 2779 2735 2781
f 2779 2781 2780
f 2780 2781 2782
f 2780 2782 2738
f 2781 2735 2783
f 2781 2783 2782
f 2782 2783 2784
f 2782 2784 2738
f 2783 2735 2736
f 2783 2736 2784
f 2784 2736 2737
f 2784 2737 2738
f 2785 2822 2801
f 2822 2796 2825
f 2801 2825 2790
f 2822 2825 2801
f 2785 2801 2797
f 2801 2790 2802
f 2797 2802 2786
f 2801 2802 2797
f 2785 2797 2806
f 2797 2786 2807
f 2806 2807 2792
f 2797 2807 2806
f 2785 2806 2818
f 2806 2792 2821
f 2818 2821 2795
f 2806 2821 2818
f 2785 2818 2822
f 2818 2795 2826
f 2822 2826 2796
f 2818 2826 2822
f 2786 2802 2813
f 2802 2790 2816
f 2813 2816 2794
f 2802 2816 2813
f 2790 2825 2803
f 2825 2796 2824
f 2803 2824 2789
f 2825 2824 2803
f 2796 2826 2823
f 2826 2795 2819
f 2823 2819 2787
f 2826 2819 2823
f 2795 2821 2820
f 2821 2792 2808
f 2820 2808 2791
f 2821 2808 2820
f 2792 2807 2812
f 2807 2786 2809
f 2812 2809 2793
f 2807 2809 2812
f 2788 2814 2800
f 2814 2794 2815
f 2800 2815 2789
f 2814 2815 2800
f 2788 2800 2798
f 2800 2789 2799
f 2798 2799 2787
f 2800 2799 2798
f 2788 2798 2805
f 2798 2787 2804
f 2805 2804 2791
f 2798 2804 2805
f 2788 2805 2810
f 2805 2791 2811
f 2810 2811 2793
f 2805 2811 2810
f 2788 2810 2814
f 2810 2793 2817
f 2814 2817 2794
f 2810 2817 2814
f 2789 2815 2803
f 2815 2794 2816
f 2803 2816 2790
f 2815 2816 2803
f 2787 2799 2823
f 2799 2789 2824
f 2823 2824 2796
f 2799 2824 2823
f 2791 2804 2820
f 2804 2787 2819
f 2820 2819 2795
f 2804 2819 2820
f 2793 2811 2812
f 2811 2791 2808
f 2812 2808 2792
f 2811 2808 2812
f 2794 2817 2813
f 2817 2793 2809
f 2813 2809 2786
f 2817 2809 2813
f 2827 2964 2880
f 2964 2864 2966
f 2880 2966 2843
f 2964 2966 2880
f 2864 2965 2981
f 2965 2838 2978
f 2981 2978 2867
f 2965 2978 2981
f 2843 2979 2881
f 2979 2867 2977
f 2881 2977 2832
f 2979 2977 2881
f 2864 2981 2966
f 2981 2867 2979
f 2966 2979 2843
f 2981 2979 2966
f 2827 2880 2869
f 2880 2843 2882
f 2869 2882 2839
f 2880 2882 2869
f 2843 2881 2886
f 2881 2832 2884
f 2886 2884 2844
f 2881 2884 2886
f 2839 2885 2870
f 2885 2844 2883
f 2870 2883 2828
f 2885 2883 2870
f 2843 2886 2882
f 2886 2844 2885
f 2882 2885 2839
f 2886 2885 2882
f 2827 2869 2896
f 2869 2839 2898
f 2896 2898 2848
f 2869 2898 2896
f 2839 2870 2901
f 2870 2828 2899
f 2901 2899 2849
f 2870 2899 2901
f 2848 2902 2897
f 2902 2849 2900
f 2897 2900 2834
f 2902 2900 2897
f 2839 2901 2898
f 2901 2849 2902
f 2898 2902 2848
f 2901 2902 2898
f 2827 2896 2947
f 2896 2848 2949
f 2947 2949 2860
f 2896 2949 2947
f 2848 2897 2960
f 2897 2834 2958
f 2960 2958 2863
f 2897 2958 2960
f 2860 2962 2948
f 2962 2863 2959
f 2948 2959 2837
f 2962 2959 2948
f 2848 2960 2949
f 2960 2863 2962
f 2949 2962 2860
f 2960 2962 2949
f 2827 2947 2964
f 2947 2860 2967
f 2964 2967 2864
f 2947 2967 2964
f 2860 2948 2985
f 2948 2837 2983
f 2985 2983 2868
f 2948 2983 2985
f 2864 2987 2965
f 2987 2868 2984
f 2965 2984 2838
f 2987 2984 2965
f 2860 2985 2967
f 2985 2868 2987
f 2967 2987 2864
f 2985 2987 2967
f 2828 2883 2922
f 2883 2844 2924
f 2922 2924 2855
f 2883 2924 2922
f 2844 2884 2937
f 2884 2832 2935
f 2937 2935 2858
f 2884 2935 2937
f 2855 2939 2923
f 2939 2858 2936
f 2923 2936 2836
f 2939 2936 2923
f 2844 2937 2924
f 2937 2858 2939
f 2924 2939 2855
f 2937 2939 2924
f 2832 2977 2888
f 2977 2867 2980
f 2888 2980 2845
f 2977 2980 2888
f 2867 2978 2982
f 2978 2838 2973
f 2982 2973 2866
f 2978 2973 2982
f 2845 2975 2887
f 2975 2866 2972
f 2887 2972 2831
f 2975 2972 2887
f 2867 2982 2980
f 2982 2866 2975
f 2980 2975 2845
f 2982 2975 2980
f 2838 2984 2969
f 2984 2868 2988
f 2969 2988 2865
f 2984 2988 2969
f 2868 2983 2986
f 2983 2837 2951
f 2986 2951 2861
f 2983 2951 2986
f 2865 2971 2968
f 2971 2861 2950
f 2968 2950 2829
f 2971 2950 2968
f 2868 2986 2988
f 2986 2861 2971
f 2988 2971 2865
f 2986 2971 2988
f 2837 2959 2954
f 2959 2863 2963
f 2954 2963 2862
f 2959 2963 2954
f 2863 2958 2961
f 2958 2834 2904
f 2961 2904 2850
f 2958 2904 2961
f 2862 2956 2953
f 2956 2850 2903
f 2953 2903 2833
f 2956 2903 2953
f 2863 2961 2963
f 2961 2850 2956
f 2963 2956 2862
f 2961 2956 2963
f 2834 2900 2916
f 2900 2849 2918
f 2916 2918 2854
f 2900 2918 2916
f 2849 2899 2907
f 2899 2828 2905
f 2907 2905 2851
f 2899 2905 2907
f 2854 2920 2917
f 2920 2851 2906
f 2917 2906 2835
f 2920 2906 2917
f 2849 2907 2918
f 2907 2851 2920
f 2918 2920 2854
f 2907 2920 2918
f 2830 2926 2876
f 2926 2856 2928
f 2876 2928 2842
f 2926 2928 2876
f 2856 2927 2934
f 2927 2836 2931
f 2934 2931 2857
f 2927 2931 2934
f 2842 2932 2877
f 2932 2857 2930
f 2877 2930 2831
f 2932 2930 2877
f 2856 2934 2928
f 2934 2857 2932
f 2928 2932 2842
f 2934 2932 2928
f 2830 2876 2872
f 2876 2842 2878
f 2872 2878 2840
f 2876 2878 2872
f 2842 2877 2879
f 2877 2831 2874
f 2879 2874 2841
f 2877 2874 2879
f 2840 2875 2871
f 2875 2841 2873
f 2871 2873 2829
f 2875 2873 2871
f 2842 2879 2878
f 2879 2841 2875
f 2878 2875 2840
f 2879 2875 2878
f 2830 2872 2892
f 2872 2840 2894
f 2892 2894 2847
f 2872 2894 2892
f 2840 2871 2891
f 2871 2829 2889
f 2891 2889 2846
f 2871 2889 2891
f 2847 2895 2893
f 2895 2846 2890
f 2893 2890 2833
f 2895 2890 2893
f 2840 2891 2894
f 2891 2846 2895
f 2894 2895 2847
f 2891 2895 2894
f 2830 2892 2908
f 2892 2847 2910
f 2908 2910 2852
f 2892 2910 2908
f 2847 2893 2913
f 2893 2833 2911
f 2913 2911 2853
f 2893 2911 2913
f 2852 2915 2909
f 2915 2853 2912
f 2909 2912 2835
f 2915 2912 2909
f 2847 2913 2910
f 2913 2853 2915
f 2910 2915 2852
f 2913 2915 2910
f 2830 2908 2926
f 2908 2852 2929
f 2926 2929 2856
f 2908 2929 2926
f 2852 2909 2944
f 2909 2835 2941
f 2944 2941 2859
f 2909 2941 2944
f 2856 2946 2927
f 2946 2859 2942
f 2927 2942 2836
f 2946 2942 2927
f 2852 2944 2929
f 2944 2859 2946
f 2929 2946 2856
f 2944 2946 2929
f 2831 2930 2887
f 2930 2857 2933
f 2887 2933 2845
f 2930 2933 2887
f 2857 2931 2940
f 2931 2836 2936
f 2940 2936 2858
f 2931 2936 2940
f 2845 2938 2888
f 2938 2858 2935
f 2888 2935 2832
f 2938 2935 2888
f 2857 2940 2933
f 2940 2858 2938
f 2933 2938 2845
f 2940 2938 2933
f 2829 2873 2968
f 2873 2841 2970
f 2968 2970 2865
f 2873 2970 2968
f 2841 2874 2974
f 2874 2831 2972
f 2974 2972 2866
f 2874 2972 2974
f 2865 2976 2969
f 2976 2866 2973
f 2969 2973 2838
f 2976 2973 2969
f 2841 2974 2970
f 2974 2866 2976
f 2970 2976 2865
f 2974 2976 2970
f 2833 2890 2953
f 2890 2846 2955
f 2953 2955 2862
f 2890 2955 2953
f 2846 2889 2952
f 2889 2829 2950
f 2952 2950 2861
f 2889 2950 2952
f 2862 2957 2954
f 2957 2861 2951
f 2954 2951 2837
f 2957 2951 2954
f 2846 2952 2955
f 2952 2861 2957
f 2955 2957 2862
f 2952 2957 2955
f 2835 2912 2917
f 2912 2853 2921
f 2917 2921 2854
f 2912 2921 2917
f 2853 2911 2914
f 2911 2833 2903
f 2914 2903 2850
f 2911 2903 2914
f 2854 2919 2916
f 2919 2850 2904
f 2916 2904 2834
f 2919 2904 2916
f 2853 2914 2921
f 2914 2850 2919
f 2921 2919 2854
f 2914 2919 2921
f 2836 2942 2923
f 2942 2859 2945
f 2923 2945 2855
f 2942 2945 2923
f 2859 2941 2943
f 2941 2835 2906
f 2943 2906 2851
f 2941 2906 2943
f 2855 2925 2922
f 2925 2851 2905
f 2922 2905 2828
f 2925 2905 2922
f 2859 2943 2945
f 2943 2851 2925
f 2945 2925 2855
f 2943 2925 2945
f 2989 3026 3005
f 3026 3000 3029
f 3005 3029 2994
f 3026 3029 3005
f 2989 3005 3001
f 3005 2994 3006
f 3001 3006 2990
f 3005 3006 3001
f 2989 3001 3010
f 3001 2990 3011
f 3010 3011 2996
f 3001 3011 3010
f 2989 3010 3022
f 3010 2996 3025
f 3022 3025 2999
f 3010 3025 3022
f 2989 3022 3026
f 3022 2999 3030
f 3026 3030 3000
f 3022 3030 3026
f 2990 3006 3017
f 3006 2994 3020
f 3017 3020 2998
f 3006 3020 3017
f 2994 3029 3007
f 3029 3000 3028
f 3007 3028 2993
f 3029 3028 3007
f 3000 3030 3027
f 3030 2999 3023
f 3027 3023 2991
f 3030 3023 3027
f 2999 3025 3024
f 3025 2996 3012
f 3024 3012 2995
f 3025 3012 3024
f 2996 3011 3016
f 3011 2990 3013
f 3016 3013 2997
f 3011 3013 3016
f 2992 3018 3004
f 3018 2998 3019
f 3004 3019 2993
f 3018 3019 3004
f 2992 3004 3002
f 3004 2993 3003
f 3002 3003 2991
f 3004 3003 3002
f 2992 3002 3009
f 3002 2991 3008
f 3009 3008 2995
f 3002 3008 3009
f 2992 3009 3014
f 3009 2995 3015
f 3014 3015 2997
f 3009 3015 3014
f 2992 3014 3018
f 3014 2997 3021
f 3018 3021 2998
f 3014 3021 3018
f 2993 3019 3007
f 3019 2998 3020
f 3007 3020 2994
f 3019 3020 3007
f 2991 3003 3027
f 3003 2993 3028
f 3027 3028 3000
f 3003 3028 3027
f 2995 3008 3024
f 3008 2991 3023
f 3024 3023 2999
f 3008 3023 3024
f 2997 3015 3016
f 3015 2995 3012
f 3016 3012 2996
f 3015 3012 3016
f 2998 3021 3017
f 3021 2997 3013
f 3017 3013 2990
f 3021 3013 3017
f 3031 3563 3227
f 3563 3168 3565
f 3227 3565 3084
f 3563 3565 3227
f 3168 3564 3572
f 3564 3068 3570
f 3572 3570 3170
f 3564 3570 3572
f 3084 3571 3228
f 3571 3170 3569
f 3228 3569 3047
f 3571 3569 3228
f 3168 3572 3565
f 3572 3170 3571
f 3565 3571 3084
f 3572 3571 3565
f 3068 3568 3631
f 3568 3169 3633
f 3631 3633 3185
f 3568 3633 3631
f 3169 3567 3619
f 3567 3042 3617
f 3619 3617 3182
f 3567 3617 3619
f 3185 3635 3632
f 3635 3182 3618
f 3632 3618 3071
f 3635 3618 3632
f 3169 3619 3633
f 3619 3182 3635
f 3633 3635 3185
f 3619 3635 3633
f 3047 3621 3231
f 3621 3183 3623
f 3231 3623 3085
f 3621 3623 3231
f 3183 3622 3625
f 3622 3071 3614
f 3625 3614 3181
f 3622 3614 3625
f 3085 3615 3230
f 3615 3181 3613
f 3230 3613 3036
f 3615 3613 3230
f 3183 3625 3623
f 3625 3181 3615
f 3623 3615 3085
f 3625 3615 3623
f 3068 3631 3570
f 3631 3185 3634
f 3570 3634 3170
f 3631 3634 3570
f 3185 3632 3636
f 3632 3071 3622
f 3636 3622 3183
f 3632 3622 3636
f 3170 3624 3569
f 3624 3183 3621
f 3569 3621 3047
f 3624 3621 3569
f 3185 3636 3634
f 3636 3183 3624
f 3634 3624 3170
f 3636 3624 3634
f 3031 3227 3193
f 3227 3084 3229
f 3193 3229 3073
f 3227 3229 3193
f 3084 3228 3235
f 3228 3047 3233
f 3235 3233 3086
f 3228 3233 3235
f 3073 3234 3194
f 3234 3086 3232
f 3194 3232 3043
f 3234 3232 3194
f 3084 3235 3229
f 3235 3086 3234
f 3229 3234 3073
f 3235 3234 3229
f 3047 3231 3247
f 3231 3085 3249
f 3247 3249 3090
f 3231 3249 3247
f 3085 3230 3241
f 3230 3036 3239
f 3241 3239 3088
f 3230 3239 3241
f 3090 3251 3248
f 3251 3088 3240
f 3248 3240 3048
f 3251 3240 3248
f 3085 3241 3249
f 3241 3088 3251
f 3249 3251 3090
f 3241 3251 3249
f 3043 3242 3196
f 3242 3089 3244
f 3196 3244 3074
f 3242 3244 3196
f 3089 3243 3246
f 3243 3048 3237
f 3246 3237 3087
f 3243 3237 3246
f 3074 3238 3195
f 3238 3087 3236
f 3195 3236 3032
f 3238 3236 3195
f 3089 3246 3244
f 3246 3087 3238
f 3244 3238 3074
f 3246 3238 3244
f 3047 3247 3233
f 3247 3090 3250
f 3233 3250 3086
f 3247 3250 3233
f 3090 3248 3252
f 3248 3048 3243
f 3252 3243 3089
f 3248 3243 3252
f 3086 3245 3232
f 3245 3089 3242
f 3232 3242 3043
f 3245 3242 3232
f 3090 3252 3250
f 3252 3089 3245
f 3250 3245 3086
f 3252 3245 3250
f 3031 3193 3283
f 3193 3073 3285
f 3283 3285 3100
f 3193 3285 3283
f 3073 3194 3290
f 3194 3043 3288
f 3290 3288 3102
f 3194 3288 3290
f 3100 3291 3284
f 3291 3102 3289
f 3284 3289 3052
f 3291 3289 3284
f 3073 3290 3285
f 3290 3102 3291
f 3285 3291 3100
f 3290 3291 3285
f 3043 3196 3298
f 3196 3074 3300
f 3298 3300 3105
f 3196 3300 3298
f 3074 3195 3294
f 3195 3032 3292
f 3294 3292 3103
f 3195 3292 3294
f 3105 3302 3299
f 3302 3103 3293
f 3299 3293 3053
f 3302 3293 3299
f 3074 3294 3300
f 3294 3103 3302
f 3300 3302 3105
f 3294 3302 3300
f 3052 3303 3287
f 3303 3106 3305
f 3287 3305 3101
f 3303 3305 3287
f 3106 3304 3307
f 3304 3053 3296
f 3307 3296 3104
f 3304 3296 3307
f 3101 3297 3286
f 3297 3104 3295
f 3286 3295 3038
f 3297 3295 3286
f 3106 3307 3305
f 3307 3104 3297
f 3305 3297 3101
f 3307 3297 3305
f 3043 3298 3288
f 3298 3105 3301
f 3288 3301 3102
f 3298 3301 3288
f 3105 3299 3308
f 3299 3053 3304
f 3308 3304 3106
f 3299 3304 3308
f 3102 3306 3289
f 3306 3106 3303
f 3289 3303 3052
f 3306 3303 3289
f 3105 3308 3301
f 3308 3106 3306
f 3301 3306 3102
f 3308 3306 3301
f 3031 3283 3493
f 3283 3100 3495
f 3493 3495 3151
f 3283 3495 3493
f 3100 3284 3500
f 3284 3052 3498
f 3500 3498 3153
f 3284 3498 3500
f 3151 3501 3494
f 3501 3153 3499
f 3494 3499 3064
f 3501 3499 3494
f 3100 3500 3495
f 3500 3153 3501
f 3495 3501 3151
f 3500 3501 3495
f 3052 3287 3541
f 3287 3101 3543
f 3541 3543 3164
f 3287 3543 3541
f 3101 3286 3535
f 3286 3038 3533
f 3535 3533 3162
f 3286 3533 3535
f 3164 3545 3542
f 3545 3162 3534
f 3542 3534 3067
f 3545 3534 3542
f 3101 3535 3543
f 3535 3162 3545
f 3543 3545 3164
f 3535 3545 3543
f 3064 3551 3497
f 3551 3166 3553
f 3497 3553 3152
f 3551 3553 3497
f 3166 3552 3555
f 3552 3067 3538
f 3555 3538 3163
f 3552 3538 3555
f 3152 3539 3496
f 3539 3163 3537
f 3496 3537 3041
f 3539 3537 3496
f 3166 3555 3553
f 3555 3163 3539
f 3553 3539 3152
f 3555 3539 3553
f 3052 3541 3498
f 3541 3164 3544
f 3498 3544 3153
f 3541 3544 3498
f 3164 3542 3556
f 3542 3067 3552
f 3556 3552 3166
f 3542 3552 3556
f 3153 3554 3499
f 3554 3166 3551
f 3499 3551 3064
f 3554 3551 3499
f 3164 3556 3544
f 3556 3166 3554
f 3544 3554 3153
f 3556 3554 3544
f 3031 3493 3563
f 3493 3151 3566
f 3563 3566 3168
f 3493 3566 3563
f 3151 3494 3575
f 3494 3064 3573
f 3575 3573 3171
f 3494 3573 3575
f 3168 3576 3564
f 3576 3171 3574
f 3564 3574 3068
f 3576 3574 3564
f 3151 3575 3566
f 3575 3171 3576
f 3566 3576 3168
f 3575 3576 3566
f 3064 3497 3651
f 3497 3152 3653
f 3651 3653 3189
f 3497 3653 3651
f 3152 3496 3645
f 3496 3041 3643
f 3645 3643 3187
f 3496 3643 3645
f 3189 3655 3652
f 3655 3187 3644
f 3652 3644 3072
f 3655 3644 3652
f 3152 3645 3653
f 3645 3187 3655
f 3653 3655 3189
f 3645 3655 3653
f 3068 3661 3568
f 3661 3191 3663
f 3568 3663 3169
f 3661 3663 3568
f 3191 3662 3665
f 3662 3072 3648
f 3665 3648 3188
f 3662 3648 3665
f 3169 3649 3567
f 3649 3188 3647
f 3567 3647 3042
f 3649 3647 3567
f 3191 3665 3663
f 3665 3188 3649
f 3663 3649 3169
f 3665 3649 3663
f 3064 3651 3573
f 3651 3189 3654
f 3573 3654 3171
f 3651 3654 3573
f 3189 3652 3666
f 3652 3072 3662
f 3666 3662 3191
f 3652 3662 3666
f 3171 3664 3574
f 3664 3191 3661
f 3574 3661 3068
f 3664 3661 3574
f 3189 3666 3654
f 3666 3191 3664
f 3654 3664 3171
f 3666 3664 3654
f 3032 3236 3383
f 3236 3087 3385
f 3383 3385 3126
f 3236 3385 3383
f 3087 3237 3391
f 3237 3048 3389
f 3391 3389 3128
f 3237 3389 3391
f 3126 3392 3384
f 3392 3128 3390
f 3384 3390 3059
f 3392 3390 3384
f 3087 3391 3385
f 3391 3128 3392
f 3385 3392 3126
f 3391 3392 3385
f 3048 3240 3441
f 3240 3088 3443
f 3441 3443 3141
f 3240 3443 3441
f 3088 3239 3435
f 3239 3036 3433
f 3435 3433 3139
f 3239 3433 3435
f 3141 3445 3442
f 3445 3139 3434
f 3442 3434 3062
f 3445 3434 3442
f 3088 3435 3443
f 3435 3139 3445
f 3443 3445 3141
f 3435 3445 3443
f 3059 3451 3388
f 3451 3143 3453
f 3388 3453 3127
f 3451 3453 3388
f 3143 3452 3455
f 3452 3062 3438
f 3455 3438 3140
f 3452 3438 3455
f 3127 3439 3387
f 3439 3140 3437
f 3387 3437 3040
f 3439 3437 3387
f 3143 3455 3453
f 3455 3140 3439
f 3453 3439 3127
f 3455 3439 3453
f 3048 3441 3389
f 3441 3141 3444
f 3389 3444 3128
f 3441 3444 3389
f 3141 3442 3456
f 3442 3062 3452
f 3456 3452 3143
f 3442 3452 3456
f 3128 3454 3390
f 3454 3143 3451
f 3390 3451 3059
f 3454 3451 3390
f 3141 3456 3444
f 3456 3143 3454
f 3444 3454 3128
f 3456 3454 3444
f 3036 3613 3255
f 3613 3181 3616
f 3255 3616 3092
f 3613 3616 3255
f 3181 3614 3630
f 3614 3071 3627
f 3630 3627 3184
f 3614 3627 3630
f 3092 3628 3256
f 3628 3184 3626
f 3256 3626 3049
f 3628 3626 3256
f 3181 3630 3616
f 3630 3184 3628
f 3616 3628 3092
f 3630 3628 3616
f 3071 3618 3638
f 3618 3182 3641
f 3638 3641 3186
f 3618 3641 3638
f 3182 3617 3620
f 3617 3042 3595
f 3620 3595 3177
f 3617 3595 3620
f 3186 3639 3637
f 3639 3177 3596
f 3637 3596 3070
f 3639 3596 3637
f 3182 3620 3641
f 3620 3177 3639
f 3641 3639 3186
f 3620 3639 3641
f 3049 3603 3254
f 3603 3179 3605
f 3254 3605 3091
f 3603 3605 3254
f 3179 3604 3606
f 3604 3070 3592
f 3606 3592 3176
f 3604 3592 3606
f 3091 3594 3253
f 3594 3176 3591
f 3253 3591 3035
f 3594 3591 3253
f 3179 3606 3605
f 3606 3176 3594
f 3605 3594 3091
f 3606 3594 3605
f 3071 3638 3627
f 3638 3186 3642
f 3627 3642 3184
f 3638 3642 3627
f 3186 3637 3640
f 3637 3070 3604
f 3640 3604 3179
f 3637 3604 3640
f 3184 3629 3626
f 3629 3179 3603
f 3626 3603 3049
f 3629 3603 3626
f 3186 3640 3642
f 3640 3179 3629
f 3642 3629 3184
f 3640 3629 3642
f 3042 3647 3581
f 3647 3188 3650
f 3581 3650 3173
f 3647 3650 3581
f 3188 3648 3671
f 3648 3072 3668
f 3671 3668 3192
f 3648 3668 3671
f 3173 3669 3582
f 3669 3192 3667
f 3582 3667 3069
f 3669 3667 3582
f 3188 3671 3650
f 3671 3192 3669
f 3650 3669 3173
f 3671 3669 3650
f 3072 3644 3657
f 3644 3187 3660
f 3657 3660 3190
f 3644 3660 3657
f 3187 3643 3646
f 3643 3041 3505
f 3646 3505 3155
f 3643 3505 3646
f 3190 3658 3656
f 3658 3155 3506
f 3656 3506 3065
f 3658 3506 3656
f 3187 3646 3660
f 3646 3155 3658
f 3660 3658 3190
f 3646 3658 3660
f 3069 3588 3578
f 3588 3175 3590
f 3578 3590 3172
f 3588 3590 3578
f 3175 3587 3589
f 3587 3065 3503
f 3589 3503 3154
f 3587 3503 3589
f 3172 3580 3577
f 3580 3154 3502
f 3577 3502 3033
f 3580 3502 3577
f 3175 3589 3590
f 3589 3154 3580
f 3590 3580 3172
f 3589 3580 3590
f 3072 3657 3668
f 3657 3190 3672
f 3668 3672 3192
f 3657 3672 3668
f 3190 3656 3659
f 3656 3065 3587
f 3659 3587 3175
f 3656 3587 3659
f 3192 3670 3667
f 3670 3175 3588
f 3667 3588 3069
f 3670 3588 3667
f 3190 3659 3672
f 3659 3175 3670
f 3672 3670 3192
f 3659 3670 3672
f 3041 3537 3515
f 3537 3163 3540
f 3515 3540 3158
f 3537 3540 3515
f 3163 3538 3561
f 3538 3067 3558
f 3561 3558 3167
f 3538 3558 3561
f 3158 3559 3516
f 3559 3167 3557
f 3516 3557 3066
f 3559 3557 3516
f 3163 3561 3540
f 3561 3167 3559
f 3540 3559 3158
f 3561 3559 3540
f 3067 3534 3547
f 3534 3162 3550
f 3547 3550 3165
f 3534 3550 3547
f 3162 3533 3536
f 3533 3038 3311
f 3536 3311 3108
f 3533 3311 3536
f 3165 3548 3546
f 3548 3108 3312
f 3546 3312 3054
f 3548 3312 3546
f 3162 3536 3550
f 3536 3108 3548
f 3550 3548 3165
f 3536 3548 3550
f 3066 3524 3512
f 3524 3160 3526
f 3512 3526 3157
f 3524 3526 3512
f 3160 3523 3525
f 3523 3054 3310
f 3525 3310 3107
f 3523 3310 3525
f 3157 3514 3511
f 3514 3107 3309
f 3511 3309 3037
f 3514 3309 3511
f 3160 3525 3526
f 3525 3107 3514
f 3526 3514 3157
f 3525 3514 3526
f 3067 3547 3558
f 3547 3165 3562
f 3558 3562 3167
f 3547 3562 3558
f 3165 3546 3549
f 3546 3054 3523
f 3549 3523 3160
f 3546 3523 3549
f 3167 3560 3557
f 3560 3160 3524
f 3557 3524 3066
f 3560 3524 3557
f 3165 3549 3562
f 3549 3160 3560
f 3562 3560 3167
f 3549 3560 3562
f 3038 3295 3353
f 3295 3104 3355
f 3353 3355 3120
f 3295 3355 3353
f 3104 3296 3363
f 3296 3053 3361
f 3363 3361 3122
f 3296 3361 3363
f 3120 3365 3354
f 3365 3122 3362
f 3354 3362 3058
f 3365 3362 3354
f 3104 3363 3355
f 3363 3122 3365
f 3355 3365 3120
f 3363 3365 3355
f 3053 3293 3318
f 3293 3103 3320
f 3318 3320 3111
f 3293 3320 3318
f 3103 3292 3315
f 3292 3032 3313
f 3315 3313 3109
f 3292 3313 3315
f 3111 3321 3319
f 3321 3109 3314
f 3319 3314 3055
f 3321 3314 3319
f 3103 3315 3320
f 3315 3109 3321
f 3320 3321 3111
f 3315 3321 3320
f 3058 3372 3358
f 3372 3124 3375
f 3358 3375 3121
f 3372 3375 3358
f 3124 3371 3373
f 3371 3055 3317
f 3373 3317 3110
f 3371 3317 3373
f 3121 3359 3357
f 3359 3110 3316
f 3357 3316 3039
f 3359 3316 3357
f 3124 3373 3375
f 3373 3110 3359
f 3375 3359 3121
f 3373 3359 3375
f 3053 3318 3361
f 3318 3111 3364
f 3361 3364 3122
f 3318 3364 3361
f 3111 3319 3374
f 3319 3055 3371
f 3374 3371 3124
f 3319 3371 3374
f 3122 3376 3362
f 3376 3124 3372
f 3362 3372 3058
f 3376 3372 3362
f 3111 3374 3364
f 3374 3124 3376
f 3364 3376 3122
f 3374 3376 3364
f 3034 3397 3210
f 3397 3130 3399
f 3210 3399 3080
f 3397 3399 3210
f 3130 3398 3406
f 3398 3060 3404
f 3406 3404 3132
f 3398 3404 3406
f 3080 3405 3211
f 3405 3132 3403
f 3211 3403 3046
f 3405 3403 3211
f 3130 3406 3399
f 3406 3132 3405
f 3399 3405 3080
f 3406 3405 3399
f 3060 3402 3427
f 3402 3131 3429
f 3427 3429 3138
f 3402 3429 3427
f 3131 3401 3417
f 3401 3040 3415
f 3417 3415 3135
f 3401 3415 3417
f 3138 3431 3428
f 3431 3135 3416
f 3428 3416 3061
f 3431 3416 3428
f 3131 3417 3429
f 3417 3135 3431
f 3429 3431 3138
f 3417 3431 3429
f 3046 3418 3214
f 3418 3136 3420
f 3214 3420 3081
f 3418 3420 3214
f 3136 3419 3422
f 3419 3061 3412
f 3422 3412 3134
f 3419 3412 3422
f 3081 3413 3213
f 3413 3134 3411
f 3213 3411 3035
f 3413 3411 3213
f 3136 3422 3420
f 3422 3134 3413
f 3420 3413 3081
f 3422 3413 3420
f 3060 3427 3404
f 3427 3138 3430
f 3404 3430 3132
f 3427 3430 3404
f 3138 3428 3432
f 3428 3061 3419
f 3432 3419 3136
f 3428 3419 3432
f 3132 3421 3403
f 3421 3136 3418
f 3403 3418 3046
f 3421 3418 3403
f 3138 3432 3430
f 3432 3136 3421
f 3430 3421 3132
f 3432 3421 3430
f 3034 3210 3199
f 3210 3080 3212
f 3199 3212 3076
f 3210 3212 3199
f 3080 3211 3220
f 3211 3046 3217
f 3220 3217 3082
f 3211 3217 3220
f 3076 3218 3200
f 3218 3082 3216
f 3200 3216 3044
f 3218 3216 3200
f 3080 3220 3212
f 3220 3082 3218
f 3212 3218 3076
f 3220 3218 3212
f 3046 3214 3222
f 3214 3081 3225
f 3222 3225 3083
f 3214 3225 3222
f 3081 3213 3215
f 3213 3035 3204
f 3215 3204 3078
f 3213 3204 3215
f 3083 3223 3221
f 3223 3078 3205
f 3221 3205 3045
f 3223 3205 3221
f 3081 3215 3225
f 3215 3078 3223
f 3225 3223 3083
f 3215 3223 3225
f 3044 3206 3198
f 3206 3079 3208
f 3198 3208 3075
f 3206 3208 3198
f 3079 3207 3209
f 3207 3045 3202
f 3209 3202 3077
f 3207 3202 3209
f 3075 3203 3197
f 3203 3077 3201
f 3197 3201 3033
f 3203 3201 3197
f 3079 3209 3208
f 3209 3077 3203
f 3208 3203 3075
f 3209 3203 3208
f 3046 3222 3217
f 3222 3083 3226
f 3217 3226 3082
f 3222 3226 3217
f 3083 3221 3224
f 3221 3045 3207
f 3224 3207 3079
f 3221 3207 3224
f 3082 3219 3216
f 3219 3079 3206
f 3216 3206 3044
f 3219 3206 3216
f 3083 3224 3226
f 3224 3079 3219
f 3226 3219 3082
f 3224 3219 3226
f 3034 3199 3266
f 3199 3076 3268
f 3266 3268 3096
f 3199 3268 3266
f 3076 3200 3274
f 3200 3044 3272
f 3274 3272 3098
f 3200 3272 3274
f 3096 3276 3267
f 3276 3098 3273
f 3267 3273 3051
f 3276 3273 3267
f 3076 3274 3268
f 3274 3098 3276
f 3268 3276 3096
f 3274 3276 3268
f 3044 3198 3262
f 3198 3075 3264
f 3262 3264 3095
f 3198 3264 3262
f 3075 3197 3259
f 3197 3033 3257
f 3259 3257 3093
f 3197 3257 3259
f 3095 3265 3263
f 3265 3093 3258
f 3263 3258 3050
f 3265 3258 3263
f 3075 3259 3264
f 3259 3093 3265
f 3264 3265 3095
f 3259 3265 3264
f 3051 3278 3270
f 3278 3099 3281
f 3270 3281 3097
f 3278 3281 3270
f 3099 3277 3279
f 3277 3050 3261
f 3279 3261 3094
f 3277 3261 3279
f 3097 3271 3269
f 3271 3094 3260
f 3269 3260 3037
f 3271 3260 3269
f 3099 3279 3281
f 3279 3094 3271
f 3281 3271 3097
f 3279 3271 3281
f 3044 3262 3272
f 3262 3095 3275
f 3272 3275 3098
f 3262 3275 3272
f 3095 3263 3280
f 3263 3050 3277
f 3280 3277 3099
f 3263 3277 3280
f 3098 3282 3273
f 3282 3099 3278
f 3273 3278 3051
f 3282 3278 3273
f 3095 3280 3275
f 3280 3099 3282
f 3275 3282 3098
f 3280 3282 3275
f 3034 3266 3322
f 3266 3096 3324
f 3322 3324 3112
f 3266 3324 3322
f 3096 3267 3329
f 3267 3051 3327
f 3329 3327 3114
f 3267 3327 3329
f 3112 3330 3323
f 3330 3114 3328
f 3323 3328 3056
f 3330 3328 3323
f 3096 3329 3324
f 3329 3114 3330
f 3324 3330 3112
f 3329 3330 3324
f 3051 3270 3338
f 3270 3097 3340
f 3338 3340 3117
f 3270 3340 3338
f 3097 3269 3333
f 3269 3037 3331
f 3333 3331 3115
f 3269 3331 3333
f 3117 3342 3339
f 3342 3115 3332
f 3339 3332 3057
f 3342 3332 3339
f 3097 3333 3340
f 3333 3115 3342
f 3340 3342 3117
f 3333 3342 3340
f 3056 3347 3326
f 3347 3119 3349
f 3326 3349 3113
f 3347 3349 3326
f 3119 3348 3351
f 3348 3057 3336
f 3351 3336 3116
f 3348 3336 3351
f 3113 3337 3325
f 3337 3116 3335
f 3325 3335 3039
f 3337 3335 3325
f 3119 3351 3349
f 3351 3116 3337
f 3349 3337 3113
f 3351 3337 3349
f 3051 3338 3327
f 3338 3117 3341
f 3327 3341 3114
f 3338 3341 3327
f 3117 3339 3352
f 3339 3057 3348
f 3352 3348 3119
f 3339 3348 3352
f 3114 3350 3328
f 3350 3119 3347
f 3328 3347 3056
f 3350 3347 3328
f 3117 3352 3341
f 3352 3119 3350
f 3341 3350 3114
f 3352 3350 3341
f 3034 3322 3397
f 3322 3112 3400
f 3397 3400 3130
f 3322 3400 3397
f 3112 3323 3409
f 3323 3056 3407
f 3409 3407 3133
f 3323 3407 3409
f 3130 3410 3398
f 3410 3133 3408
f 3398 3408 3060
f 3410 3408 3398
f 3112 3409 3400
f 3409 3133 3410
f 3400 3410 3130
f 3409 3410 3400
f 3056 3326 3476
f 3326 3113 3478
f 3476 3478 3148
f 3326 3478 3476
f 3113 3325 3466
f 3325 3039 3463
f 3466 3463 3145
f 3325 3463 3466
f 3148 3480 3477
f 3480 3145 3464
f 3477 3464 3063
f 3480 3464 3477
f 3113 3466 3478
f 3466 3145 3480
f 3478 3480 3148
f 3466 3480 3478
f 3060 3487 3402
f 3487 3150 3489
f 3402 3489 3131
f 3487 3489 3402
f 3150 3488 3491
f 3488 3063 3468
f 3491 3468 3146
f 3488 3468 3491
f 3131 3470 3401
f 3470 3146 3467
f 3401 3467 3040
f 3470 3467 3401
f 3150 3491 3489
f 3491 3146 3470
f 3489 3470 3131
f 3491 3470 3489
f 3056 3476 3407
f 3476 3148 3479
f 3407 3479 3133
f 3476 3479 3407
f 3148 3477 3492
f 3477 3063 3488
f 3492 3488 3150
f 3477 3488 3492
f 3133 3490 3408
f 3490 3150 3487
f 3408 3487 3060
f 3490 3487 3408
f 3148 3492 3479
f 3492 3150 3490
f 3479 3490 3133
f 3492 3490 3479
f 3035 3411 3253
f 3411 3134 3414
f 3253 3414 3091
f 3411 3414 3253
f 3134 3412 3426
f 3412 3061 3424
f 3426 3424 3137
f 3412 3424 3426
f 3091 3425 3254
f 3425 3137 3423
f 3254 3423 3049
f 3425 3423 3254
f 3134 3426 3414
f 3426 3137 3425
f 3414 3425 3091
f 3426 3425 3414
f 3061 3416 3457
f 3416 3135 3459
f 3457 3459 3144
f 3416 3459 3457
f 3135 3415 3440
f 3415 3040 3437
f 3440 3437 3140
f 3415 3437 3440
f 3144 3461 3458
f 3461 3140 3438
f 3458 3438 3062
f 3461 3438 3458
f 3135 3440 3459
f 3440 3140 3461
f 3459 3461 3144
f 3440 3461 3459
f 3049 3446 3256
f 3446 3142 3448
f 3256 3448 3092
f 3446 3448 3256
f 3142 3447 3450
f 3447 3062 3434
f 3450 3434 3139
f 3447 3434 3450
f 3092 3436 3255
f 3436 3139 3433
f 3255 3433 3036
f 3436 3433 3255
f 3142 3450 3448
f 3450 3139 3436
f 3448 3436 3092
f 3450 3436 3448
f 3061 3457 3424
f 3457 3144 3460
f 3424 3460 3137
f 3457 3460 3424
f 3144 3458 3462
f 3458 3062 3447
f 3462 3447 3142
f 3458 3447 3462
f 3137 3449 3423
f 3449 3142 3446
f 3423 3446 3049
f 3449 3446 3423
f 3144 3462 3460
f 3462 3142 3449
f 3460 3449 3137
f 3462 3449 3460
f 3033 3201 3577
f 3201 3077 3579
f 3577 3579 3172
f 3201 3579 3577
f 3077 3202 3585
f 3202 3045 3583
f 3585 3583 3174
f 3202 3583 3585
f 3172 3586 3578
f 3586 3174 3584
f 3578 3584 3069
f 3586 3584 3578
f 3077 3585 3579
f 3585 3174 3586
f 3579 3586 3172
f 3585 3586 3579
f 3045 3205 3598
f 3205 3078 3600
f 3598 3600 3178
f 3205 3600 3598
f 3078 3204 3593
f 3204 3035 3591
f 3593 3591 3176
f 3204 3591 3593
f 3178 3602 3599
f 3602 3176 3592
f 3599 3592 3070
f 3602 3592 3599
f 3078 3593 3600
f 3593 3176 3602
f 3600 3602 3178
f 3593 3602 3600
f 3069 3607 3582
f 3607 3180 3609
f 3582 3609 3173
f 3607 3609 3582
f 3180 3608 3611
f 3608 3070 3596
f 3611 3596 3177
f 3608 3596 3611
f 3173 3597 3581
f 3597 3177 3595
f 3581 3595 3042
f 3597 3595 3581
f 3180 3611 3609
f 3611 3177 3597
f 3609 3597 3173
f 3611 3597 3609
f 3045 3598 3583
f 3598 3178 3601
f 3583 3601 3174
f 3598 3601 3583
f 3178 3599 3612
f 3599 3070 3608
f 3612 3608 3180
f 3599 3608 3612
f 3174 3610 3584
f 3610 3180 3607
f 3584 3607 3069
f 3610 3607 3584
f 3178 3612 3601
f 3612 3180 3610
f 3601 3610 3174
f 3612 3610 3601
f 3037 3260 3511
f 3260 3094 3513
f 3511 3513 3157
f 3260 3513 3511
f 3094 3261 3520
f 3261 3050 3518
f 3520 3518 3159
f 3261 3518 3520
f 3157 3522 3512
f 3522 3159 3519
f 3512 3519 3066
f 3522 3519 3512
f 3094 3520 3513
f 3520 3159 3522
f 3513 3522 3157
f 3520 3522 3513
f 3050 3258 3507
f 3258 3093 3509
f 3507 3509 3156
f 3258 3509 3507
f 3093 3257 3504
f 3257 3033 3502
f 3504 3502 3154
f 3257 3502 3504
f 3156 3510 3508
f 3510 3154 3503
f 3508 3503 3065
f 3510 3503 3508
f 3093 3504 3509
f 3504 3154 3510
f 3509 3510 3156
f 3504 3510 3509
f 3066 3528 3516
f 3528 3161 3531
f 3516 3531 3158
f 3528 3531 3516
f 3161 3527 3529
f 3527 3065 3506
f 3529 3506 3155
f 3527 3506 3529
f 3158 3517 3515
f 3517 3155 3505
f 3515 3505 3041
f 3517 3505 3515
f 3161 3529 3531
f 3529 3155 3517
f 3531 3517 3158
f 3529 3517 3531
f 3050 3507 3518
f 3507 3156 3521
f 3518 3521 3159
f 3507 3521 3518
f 3156 3508 3530
f 3508 3065 3527
f 3530 3527 3161
f 3508 3527 3530
f 3159 3532 3519
f 3532 3161 3528
f 3519 3528 3066
f 3532 3528 3519
f 3156 3530 3521
f 3530 3161 3532
f 3521 3532 3159
f 3530 3532 3521
f 3039 3335 3357
f 3335 3116 3360
f 3357 3360 3121
f 3335 3360 3357
f 3116 3336 3379
f 3336 3057 3377
f 3379 3377 3125
f 3336 3377 3379
f 3121 3381 3358
f 3381 3125 3378
f 3358 3378 3058
f 3381 3378 3358
f 3116 3379 3360
f 3379 3125 3381
f 3360 3381 3121
f 3379 3381 3360
f 3057 3332 3344
f 3332 3115 3346
f 3344 3346 3118
f 3332 3346 3344
f 3115 3331 3334
f 3331 3037 3309
f 3334 3309 3107
f 3331 3309 3334
f 3118 3345 3343
f 3345 3107 3310
f 3343 3310 3054
f 3345 3310 3343
f 3115 3334 3346
f 3334 3107 3345
f 3346 3345 3118
f 3334 3345 3346
f 3058 3367 3354
f 3367 3123 3370
f 3354 3370 3120
f 3367 3370 3354
f 3123 3366 3368
f 3366 3054 3312
f 3368 3312 3108
f 3366 3312 3368
f 3120 3356 3353
f 3356 3108 3311
f 3353 3311 3038
f 3356 3311 3353
f 3123 3368 3370
f 3368 3108 3356
f 3370 3356 3120
f 3368 3356 3370
f 3057 3344 3377
f 3344 3118 3380
f 3377 3380 3125
f 3344 3380 3377
f 3118 3343 3369
f 3343 3054 3366
f 3369 3366 3123
f 3343 3366 3369
f 3125 3382 3378
f 3382 3123 3367
f 3378 3367 3058
f 3382 3367 3378
f 3118 3369 3380
f 3369 3123 3382
f 3380 3382 3125
f 3369 3382 3380
f 3040 3467 3387
f 3467 3146 3469
f 3387 3469 3127
f 3467 3469 3387
f 3146 3468 3485
f 3468 3063 3482
f 3485 3482 3149
f 3468 3482 3485
f 3127 3483 3388
f 3483 3149 3481
f 3388 3481 3059
f 3483 3481 3388
f 3146 3485 3469
f 3485 3149 3483
f 3469 3483 3127
f 3485 3483 3469
f 3063 3464 3472
f 3464 3145 3475
f 3472 3475 3147
f 3464 3475 3472
f 3145 3463 3465
f 3463 3039 3316
f 3465 3316 3110
f 3463 3316 3465
f 3147 3473 3471
f 3473 3110 3317
f 3471 3317 3055
f 3473 3317 3471
f 3145 3465 3475
f 3465 3110 3473
f 3475 3473 3147
f 3465 3473 3475
f 3059 3394 3384
f 3394 3129 3396
f 3384 3396 3126
f 3394 3396 3384
f 3129 3393 3395
f 3393 3055 3314
f 3395 3314 3109
f 3393 3314 3395
f 3126 3386 3383
f 3386 3109 3313
f 3383 3313 3032
f 3386 3313 3383
f 3129 3395 3396
f 3395 3109 3386
f 3396 3386 3126
f 3395 3386 3396
f 3063 3472 3482
f 3472 3147 3486
f 3482 3486 3149
f 3472 3486 3482
f 3147 3471 3474
f 3471 3055 3393
f 3474 3393 3129
f 3471 3393 3474
f 3149 3484 3481
f 3484 3129 3394
f 3481 3394 3059
f 3484 3394 3481
f 3147 3474 3486
f 3474 3129 3484
f 3486 3484 3149
f 3474 3484 3486
f 3673 4205 3869
f 4205 3810 4207
f 3869 4207 3726
f 4205 4207 3869
f 3810 4206 4214
f 4206 3710 4212
f 4214 4212 3812
f 4206 4212 4214
f 3726 4213 3870
f 4213 3812 4211
f 3870 4211 3689
f 4213 4211 3870
f 3810 4214 4207
f 4214 3812 4213
f 4207 4213 3726
f 4214 4213 4207
f 3710 4210 4273
f 4210 3811 4275
f 4273 4275 3827
f 4210 4275 4273
f 3811 4209 4261
f 4209 3684 4259
f 4261 4259 3824
f 4209 4259 4261
f 3827 4277 4274
f 4277 3824 4260
f 4274 4260 3713
f 4277 4260 4274
f 3811 4261 4275
f 4261 3824 4277
f 4275 4277 3827
f 4261 4277 4275
f 3689 4263 3873
f 4263 3825 4265
f 3873 4265 3727
f 4263 4265 3873
f 3825 4264 4267
f 4264 3713 4256
f 4267 4256 3823
f 4264 4256 4267
f 3727 4257 3872
f 4257 3823 4255
f 3872 4255 3678
f 4257 4255 3872
f 3825 4267 4265
f 4267 3823 4257
f 4265 4257 3727
f 4267 4257 4265
f 3710 4273 4212
f 4273 3827 4276
f 4212 4276 3812
f 4273 4276 4212
f 3827 4274 4278
f 4274 3713 4264
f 4278 4264 3825
f 4274 4264 4278
f 3812 4266 4211
f 4266 3825 4263
f 4211 4263 3689
f 4266 4263 4211
f 3827 4278 4276
f 4278 3825 4266
f 4276 4266 3812
f 4278 4266 4276
f 3673 3869 3835
f 3869 3726 3871
f 3835 3871 3715
f 3869 3871 3835
f 3726 3870 3877
f 3870 3689 3875
f 3877 3875 3728
f 3870 3875 3877
f 3715 3876 3836
f 3876 3728 3874
f 3836 3874 3685
f 3876 3874 3836
f 3726 3877 3871
f 3877 3728 3876
f 3871 3876 3715
f 3877 3876 3871
f 3689 3873 3889
f 3873 3727 3891
f 3889 3891 3732
f 3873 3891 3889
f 3727 3872 3883
f 3872 3678 3881
f 3883 3881 3730
f 3872 3881 3883
f 3732 3893 3890
f 3893 3730 3882
f 3890 3882 3690
f 3893 3882 3890
f 3727 3883 3891
f 3883 3730 3893
f 3891 3893 3732
f 3883 3893 3891
f 3685 3884 3838
f 3884 3731 3886
f 3838 3886 3716
f 3884 3886 3838
f 3731 3885 3888
f 3885 3690 3879
f 3888 3879 3729
f 3885 3879 3888
f 3716 3880 3837
f 3880 3729 3878
f 3837 3878 3674
f 3880 3878 3837
f 3731 3888 3886
f 3888 3729 3880
f 3886 3880 3716
f 3888 3880 3886
f 3689 3889 3875
f 3889 3732 3892
f 3875 3892 3728
f 3889 3892 3875
f 3732 3890 3894
f 3890 3690 3885
f 3894 3885 3731
f 3890 3885 3894
f 3728 3887 3874
f 3887 3731 3884
f 3874 3884 3685
f 3887 3884 3874
f 3732 3894 3892
f 3894 3731 3887
f 3892 3887 3728
f 3894 3887 3892
f 3673 3835 3925
f 3835 3715 3927
f 3925 3927 3742
f 3835 3927 3925
f 3715 3836 3932
f 3836 3685 3930
f 3932 3930 3744
f 3836 3930 3932
f 3742 3933 3926
f 3933 3744 3931
f 3926 3931 3694
f 3933 3931 3926
f 3715 3932 3927
f 3932 3744 3933
f 3927 3933 3742
f 3932 3933 3927
f 3685 3838 3940
f 3838 3716 3942
f 3940 3942 3747
f 3838 3942 3940
f 3716 3837 3936
f 3837 3674 3934
f 3936 3934 3745
f 3837 3934 3936
f 3747 3944 3941
f 3944 3745 3935
f 3941 3935 3695
f 3944 3935 3941
f 3716 3936 3942
f 3936 3745 3944
f 3942 3944 3747
f 3936 3944 3942
f 3694 3945 3929
f 3945 3748 3947
f 3929 3947 3743
f 3945 3947 3929
f 3748 3946 3949
f 3946 3695 3938
f 3949 3938 3746
f 3946 3938 3949
f 3743 3939 3928
f 3939 3746 3937
f 3928 3937 3680
f 3939 3937 3928
f 3748 3949 3947
f 3949 3746 3939
f 3947 3939 3743
f 3949 3939 3947
f 3685 3940 3930
f 3940 3747 3943
f 3930 3943 3744
f 3940 3943 3930
f 3747 3941 3950
f 3941 3695 3946
f 3950 3946 3748
f 3941 3946 3950
f 3744 3948 3931
f 3948 3748 3945
f 3931 3945 3694
f 3948 3945 3931
f 3747 3950 3943
f 3950 3748 3948
f 3943 3948 3744
f 3950 3948 3943
f 3673 3925 4135
f 3925 3742 4137
f 4135 4137 3793
f 3925 4137 4135
f 3742 3926 4142
f 3926 3694 4140
f 4142 4140 3795
f 3926 4140 4142
f 3793 4143 4136
f 4143 3795 4141
f 4136 4141 3706
f 4143 4141 4136
f 3742 4142 4137
f 4142 3795 4143
f 4137 4143 3793
f 4142 4143 4137
f 3694 3929 4183
f 3929 3743 4185
f 4183 4185 3806
f 3929 4185 4183
f 3743 3928 4177
f 3928 3680 4175
f 4177 4175 3804
f 3928 4175 4177
f 3806 4187 4184
f 4187 3804 4176
f 4184 4176 3709
f 4187 4176 4184
f 3743 4177 4185
f 4177 3804 4187
f 4185 4187 3806
f 4177 4187 4185
f 3706 4193 4139
f 4193 3808 4195
f 4139 4195 3794
f 4193 4195 4139
f 3808 4194 4197
f 4194 3709 4180
f 4197 4180 3805
f 4194 4180 4197
f 3794 4181 4138
f 4181 3805 4179
f 4138 4179 3683
f 4181 4179 4138
f 3808 4197 4195
f 4197 3805 4181
f 4195 4181 3794
f 4197 4181 4195
f 3694 4183 4140
f 4183 3806 4186
f 4140 4186 3795
f 4183 4186 4140
f 3806 4184 4198
f 4184 3709 4194
f 4198 4194 3808
f 4184 4194 4198
f 3795 4196 4141
f 4196 3808 4193
f 4141 4193 3706
f 4196 4193 4141
f 3806 4198 4186
f 4198 3808 4196
f 4186 4196 3795
f 4198 4196 4186
f 3673 4135 4205
f 4135 3793 4208
f 4205 4208 3810
f 4135 4208 4205
f 3793 4136 4217
f 4136 3706 4215
f 4217 4215 3813
f 4136 4215 4217
f 3810 4218 4206
f 4218 3813 4216
f 4206 4216 3710
f 4218 4216 4206
f 3793 4217 4208
f 4217 3813 4218
f 4208 4218 3810
f 4217 4218 4208
f 3706 4139 4293
f 4139 3794 4295
f 4293 4295 3831
f 4139 4295 4293
f 3794 4138 4287
f 4138 3683 4285
f 4287 4285 3829
f 4138 4285 4287
f 3831 4297 4294
f 4297 3829 4286
f 4294 4286 3714
f 4297 4286 4294
f 3794 4287 4295
f 4287 3829 4297
f 4295 4297 3831
f 4287 4297 4295
f 3710 4303 4210
f 4303 3833 4305
f 4210 4305 3811
f 4303 4305 4210
f 3833 4304 4307
f 4304 3714 4290
f 4307 4290 3830
f 4304 4290 4307
f 3811 4291 4209
f 4291 3830 4289
f 4209 4289 3684
f 4291 4289 4209
f 3833 4307 4305
f 4307 3830 4291
f 4305 4291 3811
f 4307 4291 4305
f 3706 4293 4215
f 4293 3831 4296
f 4215 4296 3813
f 4293 4296 4215
f 3831 4294 4308
f 4294 3714 4304
f 4308 4304 3833
f 4294 4304 4308
f 3813 4306 4216
f 4306 3833 4303
f 4216 4303 3710
f 4306 4303 4216
f 3831 4308 4296
f 4308 3833 4306
f 4296 4306 3813
f 4308 4306 4296
f 3674 3878 4025
f 3878 3729 4027
f 4025 4027 3768
f 3878 4027 4025
f 3729 3879 4033
f 3879 3690 4031
f 4033 4031 3770
f 3879 4031 4033
f 3768 4034 4026
f 4034 3770 4032
f 4026 4032 3701
f 4034 4032 4026
f 3729 4033 4027
f 4033 3770 4034
f 4027 4034 3768
f 4033 4034 4027
f 3690 3882 4083
f 3882 3730 4085
f 4083 4085 3783
f 3882 4085 4083
f 3730 3881 4077
f 3881 3678 4075
f 4077 4075 3781
f 3881 4075 4077
f 3783 4087 4084
f 4087 3781 4076
f 4084 4076 3704
f 4087 4076 4084
f 3730 4077 4085
f 4077 3781 4087
f 4085 4087 3783
f 4077 4087 4085
f 3701 4093 4030
f 4093 3785 4095
f 4030 4095 3769
f 4093 4095 4030
f 3785 4094 4097
f 4094 3704 4080
f 4097 4080 3782
f 4094 4080 4097
f 3769 4081 4029
f 4081 3782 4079
f 4029 4079 3682
f 4081 4079 4029
f 3785 4097 4095
f 4097 3782 4081
f 4095 4081 3769
f 4097 4081 4095
f 3690 4083 4031
f 4083 3783 4086
f 4031 4086 3770
f 4083 4086 4031
f 3783 4084 4098
f 4084 3704 4094
f 4098 4094 3785
f 4084 4094 4098
f 3770 4096 4032
f 4096 3785 4093
f 4032 4093 3701
f 4096 4093 4032
f 3783 4098 4086
f 4098 3785 4096
f 4086 4096 3770
f 4098 4096 4086
f 3678 4255 3897
f 4255 3823 4258
f 3897 4258 3734
f 4255 4258 3897
f 3823 4256 4272
f 4256 3713 4269
f 4272 4269 3826
f 4256 4269 4272
f 3734 4270 3898
f 4270 3826 4268
f 3898 4268 3691
f 4270 4268 3898
f 3823 4272 4258
f 4272 3826 4270
f 4258 4270 3734
f 4272 4270 4258
f 3713 4260 4280
f 4260 3824 4283
f 4280 4283 3828
f 4260 4283 4280
f 3824 4259 4262
f 4259 3684 4237
f 4262 4237 3819
f 4259 4237 4262
f 3828 4281 4279
f 4281 3819 4238
f 4279 4238 3712
f 4281 4238 4279
f 3824 4262 4283
f 4262 3819 4281
f 4283 4281 3828
f 4262 4281 4283
f 3691 4245 3896
f 4245 3821 4247
f 3896 4247 3733
f 4245 4247 3896
f 3821 4246 4248
f 4246 3712 4234
f 4248 4234 3818
f 4246 4234 4248
f 3733 4236 3895
f 4236 3818 4233
f 3895 4233 3677
f 4236 4233 3895
f 3821 4248 4247
f 4248 3818 4236
f 4247 4236 3733
f 4248 4236 4247
f 3713 4280 4269
f 4280 3828 4284
f 4269 4284 3826
f 4280 4284 4269
f 3828 4279 4282
f 4279 3712 4246
f 4282 4246 3821
f 4279 4246 4282
f 3826 4271 4268
f 4271 3821 4245
f 4268 4245 3691
f 4271 4245 4268
f 3828 4282 4284
f 4282 3821 4271
f 4284 4271 3826
f 4282 4271 4284
f 3684 4289 4223
f 4289 3830 4292
f 4223 4292 3815
f 4289 4292 4223
f 3830 4290 4313
f 4290 3714 4310
f 4313 4310 3834
f 4290 4310 4313
f 3815 4311 4224
f 4311 3834 4309
f 4224 4309 3711
f 4311 4309 4224
f 3830 4313 4292
f 4313 3834 4311
f 4292 4311 3815
f 4313 4311 4292
f 3714 4286 4299
f 4286 3829 4302
f 4299 4302 3832
f 4286 4302 4299
f 3829 4285 4288
f 4285 3683 4147
f 4288 4147 3797
f 4285 4147 4288
f 3832 4300 4298
f 4300 3797 4148
f 4298 4148 3707
f 4300 4148 4298
f 3829 4288 4302
f 4288 3797 4300
f 4302 4300 3832
f 4288 4300 4302
f 3711 4230 4220
f 4230 3817 4232
f 4220 4232 3814
f 4230 4232 4220
f 3817 4229 4231
f 4229 3707 4145
f 4231 4145 3796
f 4229 4145 4231
f 3814 4222 4219
f 4222 3796 4144
f 4219 4144 3675
f 4222 4144 4219
f 3817 4231 4232
f 4231 3796 4222
f 4232 4222 3814
f 4231 4222 4232
f 3714 4299 4310
f 4299 3832 4314
f 4310 4314 3834
f 4299 4314 4310
f 3832 4298 4301
f 4298 3707 4229
f 4301 4229 3817
f 4298 4229 4301
f 3834 4312 4309
f 4312 3817 4230
f 4309 4230 3711
f 4312 4230 4309
f 3832 4301 4314
f 4301 3817 4312
f 4314 4312 3834
f 4301 4312 4314
f 3683 4179 4157
f 4179 3805 4182
f 4157 4182 3800
f 4179 4182 4157
f 3805 4180 4203
f 4180 3709 4200
f 4203 4200 3809
f 4180 4200 4203
f 3800 4201 4158
f 4201 3809 4199
f 4158 4199 3708
f 4201 4199 4158
f 3805 4203 4182
f 4203 3809 4201
f 4182 4201 3800
f 4203 4201 4182
f 3709 4176 4189
f 4176 3804 4192
f 4189 4192 3807
f 4176 4192 4189
f 3804 4175 4178
f 4175 3680 3953
f 4178 3953 3750
f 4175 3953 4178
f 3807 4190 4188
f 4190 3750 3954
f 4188 3954 3696
f 4190 3954 4188
f 3804 4178 4192
f 4178 3750 4190
f 4192 4190 3807
f 4178 4190 4192
f 3708 4166 4154
f 4166 3802 4168
f 4154 4168 3799
f 4166 4168 4154
f 3802 4165 4167
f 4165 3696 3952
f 4167 3952 3749
f 4165 3952 4167
f 3799 4156 4153
f 4156 3749 3951
f 4153 3951 3679
f 4156 3951 4153
f 3802 4167 4168
f 4167 3749 4156
f 4168 4156 3799
f 4167 4156 4168
f 3709 4189 4200
f 4189 3807 4204
f 4200 4204 3809
f 4189 4204 4200
f 3807 4188 4191
f 4188 3696 4165
f 4191 4165 3802
f 4188 4165 4191
f 3809 4202 4199
f 4202 3802 4166
f 4199 4166 3708
f 4202 4166 4199
f 3807 4191 4204
f 4191 3802 4202
f 4204 4202 3809
f 4191 4202 4204
f 3680 3937 3995
f 3937 3746 3997
f 3995 3997 3762
f 3937 3997 3995
f 3746 3938 4005
f 3938 3695 4003
f 4005 4003 3764
f 3938 4003 4005
f 3762 4007 3996
f 4007 3764 4004
f 3996 4004 3700
f 4007 4004 3996
f 3746 4005 3997
f 4005 3764 4007
f 3997 4007 3762
f 4005 4007 3997
f 3695 3935 3960
f 3935 3745 3962
f 3960 3962 3753
f 3935 3962 3960
f 3745 3934 3957
f 3934 3674 3955
f 3957 3955 3751
f 3934 3955 3957
f 3753 3963 3961
f 3963 3751 3956
f 3961 3956 3697
f 3963 3956 3961
f 3745 3957 3962
f 3957 3751 3963
f 3962 3963 3753
f 3957 3963 3962
f 3700 4014 4000
f 4014 3766 4017
f 4000 4017 3763
f 4014 4017 4000
f 3766 4013 4015
f 4013 3697 3959
f 4015 3959 3752
f 4013 3959 4015
f 3763 4001 3999
f 4001 3752 3958
f 3999 3958 3681
f 4001 3958 3999
f 3766 4015 4017
f 4015 3752 4001
f 4017 4001 3763
f 4015 4001 4017
f 3695 3960 4003
f 3960 3753 4006
f 4003 4006 3764
f 3960 4006 4003
f 3753 3961 4016
f 3961 3697 4013
f 4016 4013 3766
f 3961 4013 4016
f 3764 4018 4004
f 4018 3766 4014
f 4004 4014 3700
f 4018 4014 4004
f 3753 4016 4006
f 4016 3766 4018
f 4006 4018 3764
f 4016 4018 4006
f 3676 4039 3852
f 4039 3772 4041
f 3852 4041 3722
f 4039 4041 3852
f 3772 4040 4048
f 4040 3702 4046
f 4048 4046 3774
f 4040 4046 4048
f 3722 4047 3853
f 4047 3774 4045
f 3853 4045 3688
f 4047 4045 3853
f 3772 4048 4041
f 4048 3774 4047
f 4041 4047 3722
f 4048 4047 4041
f 3702 4044 4069
f 4044 3773 4071
f 4069 4071 3780
f 4044 4071 4069
f 3773 4043 4059
f 4043 3682 4057
f 4059 4057 3777
f 4043 4057 4059
f 3780 4073 4070
f 4073 3777 4058
f 4070 4058 3703
f 4073 4058 4070
f 3773 4059 4071
f 4059 3777 4073
f 4071 4073 3780
f 4059 4073 4071
f 3688 4060 3856
f 4060 3778 4062
f 3856 4062 3723
f 4060 4062 3856
f 3778 4061 4064
f 4061 3703 4054
f 4064 4054 3776
f 4061 4054 4064
f 3723 4055 3855
f 4055 3776 4053
f 3855 4053 3677
f 4055 4053 3855
f 3778 4064 4062
f 4064 3776 4055
f 4062 4055 3723
f 4064 4055 4062
f 3702 4069 4046
f 4069 3780 4072
f 4046 4072 3774
f 4069 4072 4046
f 3780 4070 4074
f 4070 3703 4061
f 4074 4061 3778
f 4070 4061 4074
f 3774 4063 4045
f 4063 3778 4060
f 4045 4060 3688
f 4063 4060 4045
f 3780 4074 4072
f 4074 3778 4063
f 4072 4063 3774
f 4074 4063 4072
f 3676 3852 3841
f 3852 3722 3854
f 3841 3854 3718
f 3852 3854 3841
f 3722 3853 3862
f 3853 3688 3859
f 3862 3859 3724
f 3853 3859 3862
f 3718 3860 3842
f 3860 3724 3858
f 3842 3858 3686
f 3860 3858 3842
f 3722 3862 3854
f 3862 3724 3860
f 3854 3860 3718
f 3862 3860 3854
f 3688 3856 3864
f 3856 3723 3867
f 3864 3867 3725
f 3856 3867 3864
f 3723 3855 3857
f 3855 3677 3846
f 3857 3846 3720
f 3855 3846 3857
f 3725 3865 3863
f 3865 3720 3847
f 3863 3847 3687
f 3865 3847 3863
f 3723 3857 3867
f 3857 3720 3865
f 3867 3865 3725
f 3857 3865 3867
f 3686 3848 3840
f 3848 3721 3850
f 3840 3850 3717
f 3848 3850 3840
f 3721 3849 3851
f 3849 3687 3844
f 3851 3844 3719
f 3849 3844 3851
f 3717 3845 3839
f 3845 3719 3843
f 3839 3843 3675
f 3845 3843 3839
f 3721 3851 3850
f 3851 3719 3845
f 3850 3845 3717
f 3851 3845 3850
f 3688 3864 3859
f 3864 3725 3868
f 3859 3868 3724
f 3864 3868 3859
f 3725 3863 3866
f 3863 3687 3849
f 3866 3849 3721
f 3863 3849 3866
f 3724 3861 3858
f 3861 3721 3848
f 3858 3848 3686
f 3861 3848 3858
f 3725 3866 3868
f 3866 3721 3861
f 3868 3861 3724
f 3866 3861 3868
f 3676 3841 3908
f 3841 3718 3910
f 3908 3910 3738
f 3841 3910 3908
f 3718 3842 3916
f 3842 3686 3914
f 3916 3914 3740
f 3842 3914 3916
f 3738 3918 3909
f 3918 3740 3915
f 3909 3915 3693
f 3918 3915 3909
f 3718 3916 3910
f 3916 3740 3918
f 3910 3918 3738
f 3916 3918 3910
f 3686 3840 3904
f 3840 3717 3906
f 3904 3906 3737
f 3840 3906 3904
f 3717 3839 3901
f 3839 3675 3899
f 3901 3899 3735
f 3839 3899 3901
f 3737 3907 3905
f 3907 3735 3900
f 3905 3900 3692
f 3907 3900 3905
f 3717 3901 3906
f 3901 3735 3907
f 3906 3907 3737
f 3901 3907 3906
f 3693 3920 3912
f 3920 3741 3923
f 3912 3923 3739
f 3920 3923 3912
f 3741 3919 3921
f 3919 3692 3903
f 3921 3903 3736
f 3919 3903 3921
f 3739 3913 3911
f 3913 3736 3902
f 3911 3902 3679
f 3913 3902 3911
f 3741 3921 3923
f 3921 3736 3913
f 3923 3913 3739
f 3921 3913 3923
f 3686 3904 3914
f 3904 3737 3917
f 3914 3917 3740
f 3904 3917 3914
f 3737 3905 3922
f 3905 3692 3919
f 3922 3919 3741
f 3905 3919 3922
f 3740 3924 3915
f 3924 3741 3920
f 3915 3920 3693
f 3924 3920 3915
f 3737 3922 3917
f 3922 3741 3924
f 3917 3924 3740
f 3922 3924 3917
f 3676 3908 3964
f 3908 3738 3966
f 3964 3966 3754
f 3908 3966 3964
f 3738 3909 3971
f 3909 3693 3969
f 3971 3969 3756
f 3909 3969 3971
f 3754 3972 3965
f 3972 3756 3970
f 3965 3970 3698
f 3972 3970 3965
f 3738 3971 3966
f 3971 3756 3972
f 3966 3972 3754
f 3971 3972 3966
f 3693 3912 3980
f 3912 3739 3982
f 3980 3982 3759
f 3912 3982 3980
f 3739 3911 3975
f 3911 3679 3973
f 3975 3973 3757
f 3911 3973 3975
f 3759 3984 3981
f 3984 3757 3974
f 3981 3974 3699
f 3984 3974 3981
f 3739 3975 3982
f 3975 3757 3984
f 3982 3984 3759
f 3975 3984 3982
f 3698 3989 3968
f 3989 3761 3991
f 3968 3991 3755
f 3989 3991 3968
f 3761 3990 3993
f 3990 3699 3978
f 3993 3978 3758
f 3990 3978 3993
f 3755 3979 3967
f 3979 3758 3977
f 3967 3977 3681
f 3979 3977 3967
f 3761 3993 3991
f 3993 3758 3979
f 3991 3979 3755
f 3993 3979 3991
f 3693 3980 3969
f 3980 3759 3983
f 3969 3983 3756
f 3980 3983 3969
f 3759 3981 3994
f 3981 3699 3990
f 3994 3990 3761
f 3981 3990 3994
f 3756 3992 3970
f 3992 3761 3989
f 3970 3989 3698
f 3992 3989 3970
f 3759 3994 3983
f 3994 3761 3992
f 3983 3992 3756
f 3994 3992 3983
f 3676 3964 4039
f 3964 3754 4042
f 4039 4042 3772
f 3964 4042 4039
f 3754 3965 4051
f 3965 3698 4049
f 4051 4049 3775
f 3965 4049 4051
f 3772 4052 4040
f 4052 3775 4050
f 4040 4050 3702
f 4052 4050 4040
f 3754 4051 4042
f 4051 3775 4052
f 4042 4052 3772
f 4051 4052 4042
f 3698 3968 4118
f 3968 3755 4120
f 4118 4120 3790
f 3968 4120 4118
f 3755 3967 4108
f 3967 3681 4105
f 4108 4105 3787
f 3967 4105 4108
f 3790 4122 4119
f 4122 3787 4106
f 4119 4106 3705
f 4122 4106 4119
f 3755 4108 4120
f 4108 3787 4122
f 4120 4122 3790
f 4108 4122 4120
f 3702 4129 4044
f 4129 3792 4131
f 4044 4131 3773
f 4129 4131 4044
f 3792 4130 4133
f 4130 3705 4110
f 4133 4110 3788
f 4130 4110 4133
f 3773 4112 4043
f 4112 3788 4109
f 4043 4109 3682
f 4112 4109 4043
f 3792 4133 4131
f 4133 3788 4112
f 4131 4112 3773
f 4133 4112 4131
f 3698 4118 4049
f 4118 3790 4121
f 4049 4121 3775
f 4118 4121 4049
f 3790 4119 4134
f 4119 3705 4130
f 4134 4130 3792
f 4119 4130 4134
f 3775 4132 4050
f 4132 3792 4129
f 4050 4129 3702
f 4132 4129 4050
f 3790 4134 4121
f 4134 3792 4132
f 4121 4132 3775
f 4134 4132 4121
f 3677 4053 3895
f 4053 3776 4056
f 3895 4056 3733
f 4053 4056 3895
f 3776 4054 4068
f 4054 3703 4066
f 4068 4066 3779
f 4054 4066 4068
f 3733 4067 3896
f 4067 3779 4065
f 3896 4065 3691
f 4067 4065 3896
f 3776 4068 4056
f 4068 3779 4067
f 4056 4067 3733
f 4068 4067 4056
f 3703 4058 4099
f 4058 3777 4101
f 4099 4101 3786
f 4058 4101 4099
f 3777 4057 4082
f 4057 3682 4079
f 4082 4079 3782
f 4057 4079 4082
f 3786 4103 4100
f 4103 3782 4080
f 4100 4080 3704
f 4103 4080 4100
f 3777 4082 4101
f 4082 3782 4103
f 4101 4103 3786
f 4082 4103 4101
f 3691 4088 3898
f 4088 3784 4090
f 3898 4090 3734
f 4088 4090 3898
f 3784 4089 4092
f 4089 3704 4076
f 4092 4076 3781
f 4089 4076 4092
f 3734 4078 3897
f 4078 3781 4075
f 3897 4075 3678
f 4078 4075 3897
f 3784 4092 4090
f 4092 3781 4078
f 4090 4078 3734
f 4092 4078 4090
f 3703 4099 4066
f 4099 3786 4102
f 4066 4102 3779
f 4099 4102 4066
f 3786 4100 4104
f 4100 3704 4089
f 4104 4089 3784
f 4100 4089 4104
f 3779 4091 4065
f 4091 3784 4088
f 4065 4088 3691
f 4091 4088 4065
f 3786 4104 4102
f 4104 3784 4091
f 4102 4091 3779
f 4104 4091 4102
f 3675 3843 4219
f 3843 3719 4221
f 4219 4221 3814
f 3843 4221 4219
f 3719 3844 4227
f 3844 3687 4225
f 4227 4225 3816
f 3844 4225 4227
f 3814 4228 4220
f 4228 3816 4226
f 4220 4226 3711
f 4228 4226 4220
f 3719 4227 4221
f 4227 3816 4228
f 4221 4228 3814
f 4227 4228 4221
f 3687 3847 4240
f 3847 3720 4242
f 4240 4242 3820
f 3847 4242 4240
f 3720 3846 4235
f 3846 3677 4233
f 4235 4233 3818
f 3846 4233 4235
f 3820 4244 4241
f 4244 3818 4234
f 4241 4234 3712
f 4244 4234 4241
f 3720 4235 4242
f 4235 3818 4244
f 4242 4244 3820
f 4235 4244 4242
f 3711 4249 4224
f 4249 3822 4251
f 4224 4251 3815
f 4249 4251 4224
f 3822 4250 4253
f 4250 3712 4238
f 4253 4238 3819
f 4250 4238 4253
f 3815 4239 4223
f 4239 3819 4237
f 4223 4237 3684
f 4239 4237 4223
f 3822 4253 4251
f 4253 3819 4239
f 4251 4239 3815
f 4253 4239 4251
f 3687 4240 4225
f 4240 3820 4243
f 4225 4243 3816
f 4240 4243 4225
f 3820 4241 4254
f 4241 3712 4250
f 4254 4250 3822
f 4241 4250 4254
f 3816 4252 4226
f 4252 3822 4249
f 4226 4249 3711
f 4252 4249 4226
f 3820 4254 4243
f 4254 3822 4252
f 4243 4252 3816
f 4254 4252 4243
f 3679 3902 4153
f 3902 3736 4155
f 4153 4155 3799
f 3902 4155 4153
f 3736 3903 4162
f 3903 3692 4160
f 4162 4160 3801
f 3903 4160 4162
f 3799 4164 4154
f 4164 3801 4161
f 4154 4161 3708
f 4164 4161 4154
f 3736 4162 4155
f 4162 3801 4164
f 4155 4164 3799
f 4162 4164 4155
f 3692 3900 4149
f 3900 3735 4151
f 4149 4151 3798
f 3900 4151 4149
f 3735 3899 4146
f 3899 3675 4144
f 4146 4144 3796
f 3899 4144 4146
f 3798 4152 4150
f 4152 3796 4145
f 4150 4145 3707
f 4152 4145 4150
f 3735 4146 4151
f 4146 3796 4152
f 4151 4152 3798
f 4146 4152 4151
f 3708 4170 4158
f 4170 3803 4173
f 4158 4173 3800
f 4170 4173 4158
f 3803 4169 4171
f 4169 3707 4148
f 4171 4148 3797
f 4169 4148 4171
f 3800 4159 4157
f 4159 3797 4147
f 4157 4147 3683
f 4159 4147 4157
f 3803 4171 4173
f 4171 3797 4159
f 4173 4159 3800
f 4171 4159 4173
f 3692 4149 4160
f 4149 3798 4163
f 4160 4163 3801
f 4149 4163 4160
f 3798 4150 4172
f 4150 3707 4169
f 4172 4169 3803
f 4150 4169 4172
f 3801 4174 4161
f 4174 3803 4170
f 4161 4170 3708
f 4174 4170 4161
f 3798 4172 4163
f 4172 3803 4174
f 4163 4174 3801
f 4172 4174 4163
f 3681 3977 3999
f 3977 3758 4002
f 3999 4002 3763
f 3977 4002 3999
f 3758 3978 4021
f 3978 3699 4019
f 4021 4019 3767
f 3978 4019 4021
f 3763 4023 4000
f 4023 3767 4020
f 4000 4020 3700
f 4023 4020 4000
f 3758 4021 4002
f 4021 3767 4023
f 4002 4023 3763
f 4021 4023 4002
f 3699 3974 3986
f 3974 3757 3988
f 3986 3988 3760
f 3974 3988 3986
f 3757 3973 3976
f 3973 3679 3951
f 3976 3951 3749
f 3973 3951 3976
f 3760 3987 3985
f 3987 3749 3952
f 3985 3952 3696
f 3987 3952 3985
f 3757 3976 3988
f 3976 3749 3987
f 3988 3987 3760
f 3976 3987 3988
f 3700 4009 3996
f 4009 3765 4012
f 3996 4012 3762
f 4009 4012 3996
f 3765 4008 4010
f 4008 3696 3954
f 4010 3954 3750
f 4008 3954 4010
f 3762 3998 3995
f 3998 3750 3953
f 3995 3953 3680
f 3998 3953 3995
f 3765 4010 4012
f 4010 3750 3998
f 4012 3998 3762
f 4010 3998 4012
f 3699 3986 4019
f 3986 3760 4022
f 4019 4022 3767
f 3986 4022 4019
f 3760 3985 4011
f 3985 3696 4008
f 4011 4008 3765
f 3985 4008 4011
f 3767 4024 4020
f 4024 3765 4009
f 4020 4009 3700
f 4024 4009 4020
f 3760 4011 4022
f 4011 3765 4024
f 4022 4024 3767
f 4011 4024 4022
f 3682 4109 4029
f 4109 3788 4111
f 4029 4111 3769
f 4109 4111 4029
f 3788 4110 4127
f 4110 3705 4124
f 4127 4124 3791
f 4110 4124 4127
f 3769 4125 4030
f 4125 3791 4123
f 4030 4123 3701
f 4125 4123 4030
f 3788 4127 4111
f 4127 3791 4125
f 4111 4125 3769
f 4127 4125 4111
f 3705 4106 4114
f 4106 3787 4117
f 4114 4117 3789
f 4106 4117 4114
f 3787 4105 4107
f 4105 3681 3958
f 4107 3958 3752
f 4105 3958 4107
f 3789 4115 4113
f 4115 3752 3959
f 4113 3959 3697
f 4115 3959 4113
f 3787 4107 4117
f 4107 3752 4115
f 4117 4115 3789
f 4107 4115 4117
f 3701 4036 4026
f 4036 3771 4038
f 4026 4038 3768
f 4036 4038 4026
f 3771 4035 4037
f 4035 3697 3956
f 4037 3956 3751
f 4035 3956 4037
f 3768 4028 4025
f 4028 3751 3955
f 4025 3955 3674
f 4028 3955 4025
f 3771 4037 4038
f 4037 3751 4028
f 4038 4028 3768
f 4037 4028 4038
f 3705 4114 4124
f 4114 3789 4128
f 4124 4128 3791
f 4114 4128 4124
f 3789 4113 4116
f 4113 3697 4035
f 4116 4035 3771
f 4113 4035 4116
f 3791 4126 4123
f 4126 3771 4036
f 4123 4036 3701
f 4126 4036 4123
f 3789 4116 4128
f 4116 3771 4126
f 4128 4126 3791
f 4116 4126 4128
f 4316 4315 4333
f 4316 4333 4317
f 4317 4333 4334
f 4317 4334 4318
f 4318 4334 4335
f 4318 4335 4319
f 4319 4335 4336
f 4319 4336 4320
f 4320 4336 4337
f 4320 4337 4321
f 4321 4337 4338
f 4321 4338 4322
f 4322 4338 4339
f 4322 4339 4323
f 4323 4339 4340
f 4323 4340 4324
f 4324 4340 4341
f 4324 4341 4325
f 4325 4341 4342
f 4325 4342 4326
f 4326 4342 4343
f 4326 4343 4327
f 4327 4343 4344
f 4327 4344 4328
f 4328 4344 4345
f 4328 4345 4329
f 4329 4345 4346
f 4329 4346 4330
f 4330 4346 4347
f 4330 4347 4331
f 4331 4347 4348
f 4331 4348 4332
f 4333 4315 4349
f 4333 4349 4334
f 4334 4349 4350
f 4334 4350 4335
f 4335 4350 4351
f 4335 4351 4336
f 4336 4351 4352
f 4336 4352 4337
f 4337 4352 4353
f 4337 4353 4338
f 4338 4353 4354
f 4338 4354 4339
f 4339 4354 4355
f 4339 4355 4340
f 4340 4355 4356
f 4340 4356 4341
f 4341 4356 4357
f 4341 4357 4342
f 4342 4357 4358
f 4342 4358 4343
f 4343 4358 4359
f 4343 4359 4344
f 4344 4359 4360
f 4344 4360 4345
f 4345 4360 4361
f 4345 4361 4346
f 4346 4361 4362
f 4346 4362 4347
f 4347 4362 4363
f 4347 4363 4348
f 4348 4363 4364
f 4348 4364 4332
f 4349 4315 4365
f 4349 4365 4350
f 4350 4365 4366
f 4350 4366 4351
f 4351 4366 4367
f 4351 4367 4352
f 4352 4367 4368
f 4352 4368 4353
f 4353 4368 4369
f 4353 4369 4354
f 4354 4369 4370
f 4354 4370 4355
f 4355 4370 4371
f 4355 4371 4356
f 4356 4371 4372
f 4356 4372 4357
f 4357 4372 4373
f 4357 4373 4358
f 4358 4373 4374
f 4358 4374 4359
f 4359 4374 4375
f 4359 4375 4360
f 4360 4375 4376
f 4360 4376 4361
f 4361 4376 4377
f 4361 4377 4362
f 4362 4377 4378
f 4362 4378 4363
f 4363 4378 4379
f 4363 4379 4364
f 4364 4379 4380
f 4364 4380 4332
f 4365 4315 4381
f 4365 4381 4366
f 4366 4381 4382
f 4366 4382 4367
f 4367 4382 4383
f 4367 4383 4368
f 4368 4383 4384
f 4368 4384 4369
f 4369 4384 4385
f 4369 4385 4370
f 4370 4385 4386
f 4370 4386 4371
f 4371 4386 4387
f 4371 4387 4372
f 4372 4387 4388
f 4372 4388 4373
f 4373 4388 4389
f 4373 4389 4374
f 4374 4389 4390
f 4374 4390 4375
f 4375 4390 4391
f 4375 4391 4376
f 4376 4391 4392
f 4376 4392 4377
f 4377 4392 4393
f 4377 4393 4378
f 4378 4393 4394
f 4378 4394 4379
f 4379 4394 4395
f 4379 4395 4380
f 4380 4395 4396
f 4380 4396 4332
f 4381 4315 4397
f 4381 4397 4382
f 4382 4397 4398
f 4382 4398 4383
f 4383 4398 4399
f 4383 4399 4384
f 4384 4399 4400
f 4384 4400 4385
f 4385 4400 4401
f 4385 4401 4386
f 4386 4401 4402
f 4386 4402 4387
f 4387 4402 4403
f 4387 4403 4388
f 4388 4403 4404
f 4388 4404 4389
f 4389 4404 4405
f 4389 4405 4390
f 4390 4405 4406
f 4390 4406 4391
f 4391 4406 4407
f 4391 4407 4392
f 4392 4407 4408
f 4392 4408 4393
f 4393 4408 4409
f 4393 4409 4394
f 4394 4409 4410
f 4394 4410 4395
f 4395 4410 4411
f 4395 4411 4396
f 4396 4411 4412
f 4396 4412 4332
f 4397 4315 4413
f 4397 4413 4398
f 4398 4413 4414
f 4398 4414 4399
f 4399 4414 4415
f 4399 4415 4400
f 4400 4415 4416
f 4400 4416 4401
f 4401 4416 4417
f 4401 4417 4402
f 4402 4417 4418
f 4402 4418 4403
f 4403 4418 4419
f 4403 4419 4404
f 4404 4419 4420
f 4404 4420 4405
f 4405 4420 4421
f 4405 4421 4406
f 4406 4421 4422
f 4406 4422 4407
f 4407 4422 4423
f 4407 4423 4408
f 4408 4423 4424
f 4408 4424 4409
f 4409 4424 4425
f 4409 4425 4410
f 4410 4425 4426
f 4410 4426 4411
f 4411 4426 4427
f 4411 4427 4412
f 4412 4427 4428
f 4412 4428 4332
f 4413 4315 4429
f 4413 4429 4414
f 4414 4429 4430
f 4414 4430 4415
f 4415 4430 4431
f 4415 4431 4416
f 4416 4431 4432
f 4416 4432 4417
f 4417 4432 4433
f 4417 4433 4418
f 4418 4433 4434
f 4418 4434 4419
f 4419 4434 4435
f 4419 4435 4420
f 4420 4435 4436
f 4420 4436 4421
f 4421 4436 4437
f 4421 4437 4422
f 4422 4437 4438
f 4422 4438 4423
f 4423 4438 4439
f 4423 4439 4424
f 4424 4439 4440
f 4424 4440 4425
f 4425 4440 4441
f 4425 4441 4426
f 4426 4441 4442
f 4426 4442 4427
f 4427 4442 4443
f 4427 4443 4428
f 4428 4443 4444
f 4428 4444 4332
f 4429 4315 4445
f 4429 4445 4430
f 4430 4445 4446
f 4430 4446 4431
f 4431 4446 4447
f 4431 4447 4432
f 4432 4447 4448
f 4432 4448 4433
f 4433 4448 4449
f 4433 4449 4434
f 4434 4449 4450
f 4434 4450 4435
f 4435 4450 4451
f 4435 4451 4436
f 4436 4451 4452
f 4436 4452 4437
f 4437 4452 4453
f 4437 4453 4438
f 4438 4453 4454
f 4438 4454 4439
f 4439 4454 4455
f 4439 4455 4440
f 4440 4455 4456
f 4440 4456 4441
f 4441 4456 4457
f 4441 4457 4442
f 4442 4457 4458
f 4442 4458 4443
f 4443 4458 4459
f 4443 4459 4444
f 4444 4459 4460
f 4444 4460 4332
f 4445 4315 4461
f 4445 4461 4446
f 4446 4461 4462
f 4446 4462 4447
f 4447 4462 4463
f 4447 4463 4448
f 4448 4463 4464
f 4448 4464 4449
f 4449 4464 4465
f 4449 4465 4450
f 4450 4465 4466
f 4450 4466 4451
f 4451 4466 4467
f 4451 4467 4452
f 4452 4467 4468
f 4452 4468 4453
f 4453 4468 4469
f 4453 4469 4454
f 4454 4469 4470
f 4454 4470 4455
f 4455 4470 4471
f 4455 4471 4456
f 4456 4471 4472
f 4456 4472 4457
f 4457 4472 4473
f 4457 4473 4458
f 4458 4473 4474
f 4458 4474 4459
f 4459 4474 4475
f 4459 4475 4460
f 4460 4475 4476
f 4460 4476 4332
f 4461 4315 4477
f 4461 4477 4462
f 4462 4477 4478
f 4462 4478 4463
f 4463 4478 4479
f 4463 4479 4464
f 4464 4479 4480
f 4464 4480 4465
f 4465 4480 4481
f 4465 4481 4466
f 4466 4481 4482
f 4466 4482 4467
f 4467 4482 4483
f 4467 4483 4468
f 4468 4483 4484
f 4468 4484 4469
f 4469 4484 4485
f 4469 4485 4470
f 4470 4485 4486
f 4470 4486 4471
f 4471 4486 4487
f 4471 4487 4472
f 4472 4487 4488
f 4472 4488 4473
f 4473 4488 4489
f 4473 4489 4474
f 4474 4489 4490
f 4474 4490 4475
f 4475 4490 4491
f 4475 4491 4476
f 4476 4491 4492
f 4476 4492 4332
f 4477 4315 4493
f 4477 4493 4478
f 4478 4493 4494
f 4478 4494 4479
f 4479 4494 4495
f 4479 4495 4480
f 4480 4495 4496
f 4480 4496 4481
f 4481 4496 4497
f 4481 4497 4482
f 4482 4497 4498
f 4482 4498 4483
f 4483 4498 4499
f 4483 4499 4484
f 4484 4499 4500
f 4484 4500 4485
f 4485 4500 4501
f 4485 4501 4486
f 4486 4501 4502
f 4486 4502 4487
f 4487 4502 4503
f 4487 4503 4488
f 4488 4503 4504
f 4488 4504 4489
f 4489 4504 4505
f 4489 4505 4490
f 4490 4505 4506
f 4490 4506 4491
f 4491 4506 4507
f 4491 4507 4492
f 4492 4507 4508
f 4492 4508 4332
f 4493 4315 4509
f 4493 4509 4494
f 4494 4509 4510
f 4494 4510 4495
f 4495 4510 4511
f 4495 4511 4496
f 4496 4511 4512
f 4496 4512 4497
f 4497 4512 4513
f 4497 4513 4498
f 4498 4513 4514
f 4498 4514 4499
f 4499 4514 4515
f 4499 4515 4500
f 4500 4515 4516
f 4500 4516 4501
f 4501 4516 4517
f 4501 4517 4502
f 4502 4517 4518
f 4502 4518 4503
f 4503 4518 4519
f 4503 4519 4504
f 4504 4519 4520
f 4504 4520 4505
f 4505 4520 4521
f 4505 4521 4506
f 4506 4521 4522
f 4506 4522 4507
f 4507 4522 4523
f 4507 4523 4508
f 4508 4523 4524
f 4508 4524 4332
f 4509 4315 4525
f 4509 4525 4510
f 4510 4525 4526
f 4510 4526 4511
f 4511 4526 4527
f 4511 4527 4512
f 4512 4527 4528
f 4512 4528 4513
f 4513 4528 4529
f 4513 4529 4514
f 4514 4529 4530
f 4514 4530 4515
f 4515 4530 4531
f 4515 4531 4516
f 4516 4531 4532
f 4516 4532 4517
f 4517 4532 4533
f 4517 4533 4518
f 4518 4533 4534
f 4518 4534 4519
f 4519 4534 4535
f 4519 4535 4520
f 4520 4535 4536
f 4520 4536 4521
f 4521 4536 4537
f 4521 4537 4522
f 4522 4537 4538
f 4522 4538 4523
f 4523 4538 4539
f 4523 4539 4524
f 4524 4539 4540
f 4524 4540 4332
f 4525 4315 4541
f 4525 4541 4526
f 4526 4541 4542
f 4526 4542 4527
f 4527 4542 4543
f 4527 4543 4528
f 4528 4543 4544
f 4528 4544 4529
f 4529 4544 4545
f 4529 4545 4530
f 4530 4545 4546
f 4530 4546 4531
f 4531 4546 4547
f 4531 4547 4532
f 4532 4547 4548
f 4532 4548 4533
f 4533 4548 4549
f 4533 4549 4534
f 4534 4549 4550
f 4534 4550 4535
f 4535 4550 4551
f 4535 4551 4536
f 4536 4551 4552
f 4536 4552 4537
f 4537 4552 4553
f 4537 4553 4538
f 4538 4553 4554
f 4538 4554 4539
f 4539 4554 4555
f 4539 4555 4540
f 4540 4555 4556
f 4540 4556 4332
f 4541 4315 4557
f 4541 4557 4542
f 4542 4557 4558
f 4542 4558 4543
f 4543 4558 4559
f 4543 4559 4544
f 4544 4559 4560
f 4544 4560 4545
f 4545 4560 4561
f 4545 4561 4546
f 4546 4561 4562
f 4546 4562 4547
f 4547 4562 4563
f 4547 4563 4548
f 4548 4563 4564
f 4548 4564 4549
f 4549 4564 4565
f 4549 4565 4550
f 4550 4565 4566
f 4550 4566 4551
f 4551 4566 4567
f 4551 4567 4552
f 4552 4567 4568
f 4552 4568 4553
f 4553 4568 4569
f 4553 4569 4554
f 4554 4569 4570
f 4554 4570 4555
f 4555 4570 4571
f 4555 4571 4556
f 4556 4571 4572
f 4556 4572 4332
f 4557 4315 4573
f 4557 4573 4558
f 4558 4573 4574
f 4558 4574 4559
f 4559 4574 4575
f 4559 4575 4560
f 4560 4575 4576
f 4560 4576 4561
f 4561 4576 4577
f 4561 4577 4562
f 4562 4577 4578
f 4562 4578 4563
f 4563 4578 4579
f 4563 4579 4564
f 4564 4579 4580
f 4564 4580 4565
f 4565 4580 4581
f 4565 4581 4566
f 4566 4581 4582
f 4566 4582 4567
f 4567 4582 4583
f 4567 4583 4568
f 4568 4583 4584
f 4568 4584 4569
f 4569 4584 4585
f 4569 4585 4570
f 4570 4585 4586
f 4570 4586 4571
f 4571 4586 4587
f 4571 4587 4572
f 4572 4587 4588
f 4572 4588 4332
f 4573 4315 4589
f 4573 4589 4574
f 4574 4589 4590
f 4574 4590 4575
f 4575 4590 4591
f 4575 4591 4576
f 4576 4591 4592
f 4576 4592 4577
f 4577 4592 4593
f 4577 4593 4578
f 4578 4593 4594
f 4578 4594 4579
f 4579 4594 4595
f 4579 4595 4580
f 4580 4595 4596
f 4580 4596 4581
f 4581 4596 4597
f 4581 4597 4582
f 4582 4597 4598
f 4582 4598 4583
f 4583 4598 4599
f 4583 4599 4584
f 4584 4599 4600
f 4584 4600 4585
f 4585 4600 4601
f 4585 4601 4586
f 4586 4601 4602
f 4586 4602 4587
f 4587 4602 4603
f 4587 4603 4588
f 4588 4603 4604
f 4588 4604 4332
f 4589 4315 4316
f 4589 4316 4590
f 4590 4316 4317
f 4590 4317 4591
f 4591 4317 4318
f 4591 4318 4592
f 4592 4318 4319
f 4592 4319 4593
f 4593 4319 4320
f 4593 4320 4594
f 4594 4320 4321
f 4594 4321 4595
f 4595 4321 4322
f 4595 4322 4596
f 4596 4322 4323
f 4596 4323 4597
f 4597 4323 4324
f 4597 4324 4598
f 4598 4324 4325
f 4598 4325 4599
f 4599 4325 4326
f 4599 4326 4600
f 4600 4326 4327
f 4600 4327 4601
f 4601 4327 4328
f 4601 4328 4602
f 4602 4328 4329
f 4602 4329 4603
f 4603 4329 4330
f 4603 4330 4604
f 4604 4330 4331
f 4604 4331 4332
f 4606 4608 4605
f 4609 4606 4605
f 4605 4608 4607
f 4607 4609 4605
f 4606 4612 4608
f 4610 4606 4609
f 4610 4612 4606
f 4608 4612 4607
f 4611 4609 4607
f 4607 4612 4611
f 4611 4610 4609
f 4612 4610 4611
f 4614 4616 4613
f 4617 4614 4613
f 4613 4616 4615
f 4615 4617 4613
f 4614 4620 4616
f 4618 4614 4617
f 4618 4620 4614
f 4616 4620 4615
f 4619 4617 4615
f 4615 4620 4619
f 4619 4618 4617
f 4620 4618 4619
f 4622 4624 4621
f 4625 4622 4621
f 4621 4624 4623
f 4623 4625 4621
f 4622 4628 4624
f 4626 4622 4625
f 4626 4628 4622
f 4624 4628 4623
f 4627 4625 4623
f 4623 4628 4627
f 4627 4626 4625
f 4628 4626 4627
f 4630 4632 4629
f 4633 4630 4629
f 4629 4632 4631
f 4631 4633 4629
f 4630 4636 4632
f 4634 4630 4633
f 4634 4636 4630
f 4632 4636 4631
f 4635 4633 4631
f 4631 4636 4635
f 4635 4634 4633
f 4636 4634 4635
f 4637 4674 4653
f 4674 4648 4677
f 4653 4677 4642
f 4674 4677 4653
f 4637 4653 4649
f 4653 4642 4654
f 4649 4654 4638
f 4653 4654 4649
f 4637 4649 4658
f 4649 4638 4659
f 4658 4659 4644
f 4649 4659 4658
f 4637 4658 4670
f 4658 4644 4673
f 4670 4673 4647
f 4658 4673 4670
f 4637 4670 4674
f 4670 4647 4678
f 4674 4678 4648
f 4670 4678 4674
f 4638 4654 4665
f 4654 4642 4668
f 4665 4668 4646
f 4654 4668 4665
f 4642 4677 4655
f 4677 4648 4676
f 4655 4676 4641
f 4677 4676 4655
f 4648 4678 4675
f 4678 4647 4671
f 4675 4671 4639
f 4678 4671 4675
f 4647 4673 4672
f 4673 4644 4660
f 4672 4660 4643
f 4673 4660 4672
f 4644 4659 4664
f 4659 4638 4661
f 4664 4661 4645
f 4659 4661 4664
f 4640 4666 4652
f 4666 4646 4667
f 4652 4667 4641
f 4666 4667 4652
f 4640 4652 4650
f 4652 4641 4651
f 4650 4651 4639
f 4652 4651 4650
f 4640 4650 4657
f 4650 4639 4656
f 4657 4656 4643
f 4650 4656 4657
f 4640 4657 4662
f 4657 4643 4663
f 4662 4663 4645
f 4657 4663 4662
f 4640 4662 4666
f 4662 4645 4669
f 4666 4669 4646
f 4662 4669 4666
f 4641 4667 4655
f 4667 4646 4668
f 4655 4668 4642
f 4667 4668 4655
f 4639 4651 4675
f 4651 4641 4676
f 4675 4676 4648
f 4651 4676 4675
f 4643 4656 4672
f 4656 4639 4671
f 4672 4671 4647
f 4656 4671 4672
f 4645 4663 4664
f 4663 4643 4660
f 4664 4660 4644
f 4663 4660 4664
f 4646 4669 4665
f 4669 4645 4661
f 4665 4661 4638
f 4669 4661 4665
f 4680 4679 4703
f 4680 4703 4681
f 4681 4703 4704
f 4681 4704 4682
f 4682 4704 4705
f 4682 4705 4683
f 4683 4705 4706
f 4683 4706 4684
f 4684 4706 4707
f 4684 4707 4685
f 4685 4707 4708
f 4685 4708 4686
f 4686 4708 4709
f 4686 4709 4687
f 4687 4709 4710
f 4687 4710 4688
f 4688 4710 4711
f 4688 4711 4689
f 4689 4711 4712
f 4689 4712 4690
f 4690 4712 4713
f 4690 4713 4691
f 4691 4713 4714
f 4691 4714 4692
f 4692 4714 4715
f 4692 4715 4693
f 4693 4715 4716
f 4693 4716 4694
f 4694 4716 4717
f 4694 4717 4695
f 4695 4717 4718
f 4695 4718 4696
f 4696 4718 4719
f 4696 4719 4697
f 4697 4719 4720
f 4697 4720 4698
f 4698 4720 4721
f 4698 4721 4699
f 4699 4721 4722
f 4699 4722 4700
f 4700 4722 4723
f 4700 4723 4701
f 4701 4723 4724
f 4701 4724 4702
f 4703 4679 4725
f 4703 4725 4704
f 4704 4725 4726
f 4704 4726 4705
f 4705 4726 4727
f 4705 4727 4706
f 4706 4727 4728
f 4706 4728 4707
f 4707 4728 4729
f 4707 4729 4708
f 4708 4729 4730
f 4708 4730 4709
f 4709 4730 4731
f 4709 4731 4710
f 4710 4731 4732
f 4710 4732 4711
f 4711 4732 4733
f 4711 4733 4712
f 4712 4733 4734
f 4712 4734 4713
f 4713 4734 4735
f 4713 4735 4714
f 4714 4735 4736
f 4714 4736 4715
f 4715 4736 4737
f 4715 4737 4716
f 4716 4737 4738
f 4716 4738 4717
f 4717 4738 4739
f 4717 4739 4718
f 4718 4739 4740
f 4718 4740 4719
f 4719 4740 4741
f 4719 4741 4720
f 4720 4741 4742
f 4720 4742 4721
f 4721 4742 4743
f 4721 4743 4722
f 4722 4743 4744
f 4722 4744 4723
f 4723 4744 4745
f 4723 4745 4724
f 4724 4745 4746
f 4724 4746 4702
f 4725 4679 4747
f 4725 4747 4726
f 4726 4747 4748
f 4726 4748 4727
f 4727 4748 4749
f 4727 4749 4728
f 4728 4749 4750
f 4728 4750 4729
f 4729 4750 4751
f 4729 4751 4730
f 4730 4751 4752
f 4730 4752 4731
f 4731 4752 4753
f 4731 4753 4732
f 4732 4753 4754
f 4732 4754 4733
f 4733 4754 4755
f 4733 4755 4734
f 4734 4755 4756
f 4734 4756 4735
f 4735 4756 4757
f 4735 4757 4736
f 4736 4757 4758
f 4736 4758 4737
f 4737 4758 4759
f 4737 4759 4738
f 4738 4759 4760
f 4738 4760 4739
f 4739 4760 4761
f 4739 4761 4740
f 4740 4761 4762
f 4740 4762 4741
f 4741 4762 4763
f 4741 4763 4742
f 4742 4763 4764
f 4742 4764 4743
f 4743 4764 4765
f 4743 4765 4744
f 4744 4765 4766
f 4744 4766 4745
f 4745 4766 4767
f 4745 4767 4746
f 4746 4767 4768
f 4746 4768 4702
f 4747 4679 4769
f 4747 4769 4748
f 4748 4769 4770
f 4748 4770 4749
f 4749 4770 4771
f 4749 4771 4750
f 4750 4771 4772
f 4750 4772 4751
f 4751 4772 4773
f 4751 4773 4752
f 4752 4773 4774
f 4752 4774 4753
f 4753 4774 4775
f 4753 4775 4754
f 4754 4775 4776
f 4754 4776 4755
f 4755 4776 4777
f 4755 4777 4756
f 4756 4777 4778
f 4756 4778 4757
f 4757 4778 4779
f 4757 4779 4758
f 4758 4779 4780
f 4758 4780 4759
f 4759 4780 4781
f 4759 4781 4760
f 4760 4781 4782
f 4760 4782 4761
f 4761 4782 4783
f 4761 4783 4762
f 4762 4783 4784
f 4762 4784 4763
f 4763 4784 4785
f 4763 4785 4764
f 4764 4785 4786
f 4764 4786 4765
f 4765 4786 4787
f 4765 4787 4766
f 4766 4787 4788
f 4766 4788 4767
f 4767 4788 4789
f 4767 4789 4768
f 4768 4789 4790
f 4768 4790 4702
f 4769 4679 4791
f 4769 4791 4770
f 4770 4791 4792
f 4770 4792 4771
f 4771 4792 4793
f 4771 4793 4772
f 4772 4793 4794
f 4772 4794 4773
f 4773 4794 4795
f 4773 4795 4774
f 4774 4795 4796
f 4774 4796 4775
f 4775 4796 4797
f 4775 4797 4776
f 4776 4797 4798
f 4776 4798 4777
f 4777 4798 4799
f 4777 4799 4778
f 4778 4799 4800
f 4778 4800 4779
f 4779 4800 4801
f 4779 4801 4780
f 4780 4801 4802
f 4780 4802 4781
f 4781 4802 4803
f 4781 4803 4782
f 4782 4803 4804
f 4782 4804 4783
f 4783 4804 4805
f 4783 4805 4784
f 4784 4805 4806
f 4784 4806 4785
f 4785 4806 4807
f 4785 4807 4786
f 4786 4807 4808
f 4786 4808 4787
f 4787 4808 4809
f 4787 4809 4788
f 4788 4809 4810
f 4788 4810 4789
f 4789 4810 4811
f 4789 4811 4790
f 4790 4811 4812
f 4790 4812 4702
f 4791 4679 4813
f 4791 4813 4792
f 4792 4813 4814
f 4792 4814 4793
f 4793 4814 4815
f 4793 4815 4794
f 4794 4815 4816
f 4794 4816 4795
f 4795 4816 4817
f 4795 4817 4796
f 4796 4817 4818
f 4796 4818 4797
f 4797 4818 4819
f 4797 4819 4798
f 4798 4819 4820
f 4798 4820 4799
f 4799 4820 4821
f 4799 4821 4800
f 4800 4821 4822
f 4800 4822 4801
f 4801 4822 4823
f 4801 4823 4802
f 4802 4823 4824
f 4802 4824 4803
f 4803 4824 4825
f 4803 4825 4804
f 4804 4825 4826
f 4804 4826 4805
f 4805 4826 4827
f 4805 4827 4806
f 4806 4827 4828
f 4806 4828 4807
f 4807 4828 4829
f 4807 4829 4808
f 4808 4829 4830
f 4808 4830 4809
f 4809 4830 4831
f 4809 4831 4810
f 4810 4831 4832
f 4810 4832 4811
f 4811 4832 4833
f 4811 4833 4812
f 4812 4833 4834
f 4812 4834 4702
f 4813 4679 4835
f 4813 4835 4814
f 4814 4835 4836
f 4814 4836 4815
f 4815 4836 4837
f 4815 4837 4816
f 4816 4837 4838
f 4816 4838 4817
f 4817 4838 4839
f 4817 4839 4818
f 4818 4839 4840
f 4818 4840 4819
f 4819 4840 4841
f 4819 4841 4820
f 4820 4841 4842
f 4820 4842 4821
f 4821 4842 4843
f 4821 4843 4822
f 4822 4843 4844
f 4822 4844 4823
f 4823 4844 4845
f 4823 4845 4824
f 4824 4845 4846
f 4824 4846 4825
f 4825 4846 4847
f 4825 4847 4826
f 4826 4847 4848
f 4826 4848 4827
f 4827 4848 4849
f 4827 4849 4828
f 4828 4849 4850
f 4828 4850 4829
f 4829 4850 4851
f 4829 4851 4830
f 4830 4851 4852
f 4830 4852 4831
f 4831 4852 4853
f 4831 4853 4832
f 4832 4853 4854
f 4832 4854 4833
f 4833 4854 4855
f 4833 4855 4834
f 4834 4855 4856
f 4834 4856 4702
f 4835 4679 4857
f 4835 4857 4836
f 4836 4857 4858
f 4836 4858 4837
f 4837 4858 4859
f 4837 4859 4838
f 4838 4859 4860
f 4838 4860 4839
f 4839 4860 4861
f 4839 4861 4840
f 4840 4861 4862
f 4840 4862 4841
f 4841 4862 4863
f 4841 4863 4842
f 4842 4863 4864
f 4842 4864 4843
f 4843 4864 4865
f 4843 4865 4844
f 4844 4865 4866
f 4844 4866 4845
f 4845 4866 4867
f 4845 4867 4846
f 4846 4867 4868
f 4846 4868 4847
f 4847 4868 4869
f 4847 4869 4848
f 4848 4869 4870
f 4848 4870 4849
f 4849 4870 4871
f 4849 4871 4850
f 4850 4871 4872
f 4850 4872 4851
f 4851 4872 4873
f 4851 4873 4852
f 4852 4873 4874
f 4852 4874 4853
f 4853 4874 4875
f 4853 4875 4854
f 4854 4875 4876
f 4854 4876 4855
f 4855 4876 4877
f 4855 4877 4856
f 4856 4877 4878
f 4856 4878 4702
f 4857 4679 4879
f 4857 4879 4858
f 4858 4879 4880
f 4858 4880 4859
f 4859 4880 4881
f 4859 4881 4860
f 4860 4881 4882
f 4860 4882 4861
f 4861 4882 4883
f 4861 4883 4862
f 4862 4883 4884
f 4862 4884 4863
f 4863 4884 4885
f 4863 4885 4864
f 4864 4885 4886
f 4864 4886 4865
f 4865 4886 4887
f 4865 4887 4866
f 4866 4887 4888
f 4866 4888 4867
f 4867 4888 4889
f 4867 4889 4868
f 4868 4889 4890
f 4868 4890 4869
f 4869 4890 4891
f 4869 4891 4870
f 4870 4891 4892
f 4870 4892 4871
f 4871 4892 4893
f 4871 4893 4872
f 4872 4893 4894
f 4872 4894 4873
f 4873 4894 4895
f 4873 4895 4874
f 4874 4895 4896
f 4874 4896 4875
f 4875 4896 4897
f 4875 4897 4876
f 4876 4897 4898
f 4876 4898 4877
f 4877 4898 4899
f 4877 4899 4878
f 4878 4899 4900
f 4878 4900 4702
f 4879 4679 4901
f 4879 4901 4880
f 4880 4901 4902
f 4880 4902 4881
f 4881 4902 4903
f 4881 4903 4882
f 4882 4903 4904
f 4882 4904 4883
f 4883 4904 4905
f 4883 4905 4884
f 4884 4905 4906
f 4884 4906 4885
f 4885 4906 4907
f 4885 4907 4886
f 4886 4907 4908
f 4886 4908 4887
f 4887 4908 4909
f 4887 4909 4888
f 4888 4909 4910
f 4888 4910 4889
f 4889 4910 4911
f 4889 4911 4890
f 4890 4911 4912
f 4890 4912 4891
f 4891 4912 4913
f 4891 4913 4892
f 4892 4913 4914
f 4892 4914 4893
f 4893 4914 4915
f 4893 4915 4894
f 4894 4915 4916
f 4894 4916 4895
f 4895 4916 4917
f 4895 4917 4896
f 4896 4917 4918
f 4896 4918 4897
f 4897 4918 4919
f 4897 4919 4898
f 4898 4919 4920
f 4898 4920 4899
f 4899 4920 4921
f 4899 4921 4900
f 4900 4921 4922
f 4900 4922 4702
f 4901 4679 4923
f 4901 4923 4902
f 4902 4923 4924
f 4902 4924 4903
f 4903 4924 4925
f 4903 4925 4904
f 4904 4925 4926
f 4904 4926 4905
f 4905 4926 4927
f 4905 4927 4906
f 4906 4927 4928
f 4906 4928 4907
f 4907 4928 4929
f 4907 4929 4908
f 4908 4929 4930
f 4908 4930 4909
f 4909 4930 4931
f 4909 4931 4910
f 4910 4931 4932
f 4910 4932 4911
f 4911 4932 4933
f 4911 4933 4912
f 4912 4933 4934
f 4912 4934 4913
f 4913 4934 4935
f 4913 4935 4914
f 4914 4935 4936
f 4914 4936 4915
f 4915 4936 4937
f 4915 4937 4916
f 4916 4937 4938
f 4916 4938 4917
f 4917 4938 4939
f 4917 4939 4918
f 4918 4939 4940
f 4918 4940 4919
f 4919 4940 4941
f 4919 4941 4920
f 4920 4941 4942
f 4920 4942 4921
f 4921 4942 4943
f 4921 4943 4922
f 4922 4943 4944
f 4922 4944 4702
f 4923 4679 4945
f 4923 4945 4924
f 4924 4945 4946
f 4924 4946 4925
f 4925 4946 4947
f 4925 4947 4926
f 4926 4947 4948
f 4926 4948 4927
f 4927 4948 4949
f 4927 4949 4928
f 4928 4949 4950
f 4928 4950 4929
f 4929 4950 4951
f 4929 4951 4930
f 4930 4951 4952
f 4930 4952 4931
f 4931 4952 4953
f 4931 4953 4932
f 4932 4953 4954
f 4932 4954 4933
f 4933 4954 4955
f 4933 4955 4934
f 4934 4955 4956
f 4934 4956 4935
f 4935 4956 4957
f 4935 4957 4936
f 4936 4957 4958
f 4936 4958 4937
f 4937 4958 4959
f 4937 4959 4938
f 4938 4959 4960
f 4938 4960 4939
f 4939 4960 4961
f 4939 4961 4940
f 4940 4961 4962
f 4940 4962 4941
f 4941 4962 4963
f 4941 4963 4942
f 4942 4963 4964
f 4942 4964 4943
f 4943 4964 4965
f 4943 4965 4944
f 4944 4965 4966
f 4944 4966 4702
f 4945 4679 4967
f 4945 4967 4946
f 4946 4967 4968
f 4946 4968 4947
f 4947 4968 4969
f 4947 4969 4948
f 4948 4969 4970
f 4948 4970 4949
f 4949 4970 4971
f 4949 4971 4950
f 4950 4971 4972
f 4950 4972 4951
f 4951 4972 4973
f 4951 4973 4952
f 4952 4973 4974
f 4952 4974 4953
f 4953 4974 4975
f 4953 4975 4954
f 4954 4975 4976
f 4954 4976 4955
f 4955 4976 4977
f 4955 4977 4956
f 4956 4977 4978
f 4956 4978 4957
f 4957 4978 4979
f 4957 4979 4958
f 4958 4979 4980
f 4958 4980 4959
f 4959 4980 4981
f 4959 4981 4960
f 4960 4981 4982
f 4960 4982 4961
f 4961 4982 4983
f 4961 4983 4962
f 4962 4983 4984
f 4962 4984 4963
f 4963 4984 4985
f 4963 4985 4964
f 4964 4985 4986
f 4964 4986 4965
f 4965 4986 4987
f 4965 4987 4966
f 4966 4987 4988
f 4966 4988 4702
f 4967 4679 4989
f 4967 4989 4968
f 4968 4989 4990
f 4968 4990 4969
f 4969 4990 4991
f 4969 4991 4970
f 4970 4991 4992
f 4970 4992 4971
f 4971 4992 4993
f 4971 4993 4972
f 4972 4993 4994
f 4972 4994 4973
f 4973 4994 4995
f 4973 4995 4974
f 4974 4995 4996
f 4974 4996 4975
f 4975 4996 4997
f 4975 4997 4976
f 4976 4997 4998
f 4976 4998 4977
f 4977 4998 4999
f 4977 4999 4978
f 4978 4999 5000
f 4978 5000 4979
f 4979 5000 5001
f 4979 5001 4980
f 4980 5001 5002
f 4980 5002 4981
f 4981 5002 5003
f 4981 5003 4982
f 4982 5003 5004
f 4982 5004 4983
f 4983 5004 5005
f 4983 5005 4984
f 4984 5005 5006
f 4984 5006 4985
f 4985 5006 5007
f 4985 5007 4986
f 4986 5007 5008
f 4986 5008 4987
f 4987 5008 5009
f 4987 5009 4988
f 4988 5009 5010
f 4988 5010 4702
f 4989 4679 5011
f 4989 5011 4990
f 4990 5011 5012
f 4990 5012 4991
f 4991 5012 5013
f 4991 5013 4992
f 4992 5013 5014
f 4992 5014 4993
f 4993 5014 5015
f 4993 5015 4994
f 4994 5015 5016
f 4994 5016 4995
f 4995 5016 5017
f 4995 5017 4996
f 4996 5017 5018
f 4996 5018 4997
f 4997 5018 5019
f 4997 5019 4998
f 4998 5019 5020
f 4998 5020 4999
f 4999 5020 5021
f 4999 5021 5000
f 5000 5021 5022
f 5000 5022 5001
f 5001 5022 5023
f 5001 5023 5002
f 5002 5023 5024
f 5002 5024 5003
f 5003 5024 5025
f 5003 5025 5004
f 5004 5025 5026
f 5004 5026 5005
f 5005 5026 5027
f 5005 5027 5006
f 5006 5027 5028
f 5006 5028 5007
f 5007 5028 5029
f 5007 5029 5008
f 5008 5029 5030
f 5008 5030 5009
f 5009 5030 5031
f 5009 5031 5010
f 5010 5031 5032
f 5010 5032 4702
f 5011 4679 5033
f 5011 5033 5012
f 5012 5033 5034
f 5012 5034 5013
f 5013 5034 5035
f 5013 5035 5014
f 5014 5035 5036
f 5014 5036 5015
f 5015 5036 5037
f 5015 5037 5016
f 5016 5037 5038
f 5016 5038 5017
f 5017 5038 5039
f 5017 5039 5018
f 5018 5039 5040
f 5018 5040 5019
f 5019 5040 5041
f 5019 5041 5020
f 5020 5041 5042
f 5020 5042 5021
f 5021 5042 5043
f 5021 5043 5022
f 5022 5043 5044
f 5022 5044 5023
f 5023 5044 5045
f 5023 5045 5024
f 5024 5045 5046
f 5024 5046 5025
f 5025 5046 5047
f 5025 5047 5026
f 5026 5047 5048
f 5026 5048 5027
f 5027 5048 5049
f 5027 5049 5028
f 5028 5049 5050
f 5028 5050 5029
f 5029 5050 5051
f 5029 5051 5030
f 5030 5051 5052
f 5030 5052 5031
f 5031 5052 5053
f 5031 5053 5032
f 5032 5053 5054
f 5032 5054 4702
f 5033 4679 5055
f 5033 5055 5034
f 5034 5055 5056
f 5034 5056 5035
f 5035 5056 5057
f 5035 5057 5036
f 5036 5057 5058
f 5036 5058 5037
f 5037 5058 5059
f 5037 5059 5038
f 5038 5059 5060
f 5038 5060 5039
f 5039 5060 5061
f 5039 5061 5040
f 5040 5061 5062
f 5040 5062 5041
f 5041 5062 5063
f 5041 5063 5042
f 5042 5063 5064
f 5042 5064 5043
f 5043 5064 5065
f 5043 5065 5044
f 5044 5065 5066
f 5044 5066 5045
f 5045 5066 5067
f 5045 5067 5046
f 5046 5067 5068
f 5046 5068 5047
f 5047 5068 5069
f 5047 5069 5048
f 5048 5069 5070
f 5048 5070 5049
f 5049 5070 5071
f 5049 5071 5050
f 5050 5071 5072
f 5050 5072 5051
f 5051 5072 5073
f 5051 5073 5052
f 5052 5073 5074
f 5052 5074 5053
f 5053 5074 5075
f 5053 5075 5054
f 5054 5075 5076
f 5054 5076 4702
f 5055 4679 5077
f 5055 5077 5056
f 5056 5077 5078
f 5056 5078 5057
f 5057 5078 5079
f 5057 5079 5058
f 5058 5079 5080
f 5058 5080 5059
f 5059 5080 5081
f 5059 5081 5060
f 5060 5081 5082
f 5060 5082 5061
f 5061 5082 5083
f 5061 5083 5062
f 5062 5083 5084
f 5062 5084 5063
f 5063 5084 5085
f 5063 5085 5064
f 5064 5085 5086
f 5064 5086 5065
f 5065 5086 5087
f 5065 5087 5066
f 5066 5087 5088
f 5066 5088 5067
f 5067 5088 5089
f 5067 5089 5068
f 5068 5089 5090
f 5068 5090 5069
f 5069 5090 5091
f 5069 5091 5070
f 5070 5091 5092
f 5070 5092 5071
f 5071 5092 5093
f 5071 5093 5072
f 5072 5093 5094
f 5072 5094 5073
f 5073 5094 5095
f 5073 5095 5074
f 5074 5095 5096
f 5074 5096 5075
f 5075 5096 5097
f 5075 5097 5076
f 5076 5097 5098
f 5076 5098 4702
f 5077 4679 5099
f 5077 5099 5078
f 5078 5099 5100
f 5078 5100 5079
f 5079 5100 5101
f 5079 5101 5080
f 5080 5101 5102
f 5080 5102 5081
f 5081 5102 5103
f 5081 5103 5082
f 5082 5103 5104
f 5082 5104 5083
f 5083 5104 5105
f 5083 5105 5084
f 5084 5105 5106
f 5084 5106 5085
f 5085 5106 5107
f 5085 5107 5086
f 5086 5107 5108
f 5086 5108 5087
f 5087 5108 5109
f 5087 5109 5088
f 5088 5109 5110
f 5088 5110 5089
f 5089 5110 5111
f 5089 5111 5090
f 5090 5111 5112
f 5090 5112 5091
f 5091 5112 5113
f 5091 5113 5092
f 5092 5113 5114
f 5092 5114 5093
f 5093 5114 5115
f 5093 5115 5094
f 5094 5115 5116
f 5094 5116 5095
f 5095 5116 5117
f 5095 5117 5096
f 5096 5117 5118
f 5096 5118 5097
f 5097 5118 5119
f 5097 5119 5098
f 5098 5119 5120
f 5098 5120 4702
f 5099 4679 5121
f 5099 5121 5100
f 5100 5121 5122
f 5100 5122 5101
f 5101 5122 5123
f 5101 5123 5102
f 5102 5123 5124
f 5102 5124 5103
f 5103 5124 5125
f 5103 5125 5104
f 5104 5125 5126
f 5104 5126 5105
f 5105 5126 5127
f 5105 5127 5106
f 5106 5127 5128
f 5106 5128 5107
f 5107 5128 5129
f 5107 5129 5108
f 5108 5129 5130
f 5108 5130 5109
f 5109 5130 5131
f 5109 5131 5110
f 5110 5131 5132
f 5110 5132 5111
f 5111 5132 5133
f 5111 5133 5112
f 5112 5133 5134
f 5112 5134 5113
f 5113 5134 5135
f 5113 5135 5114
f 5114 5135 5136
f 5114 5136 5115
f 5115 5136 5137
f 5115 5137 5116
f 5116 5137 5138
f 5116 5138 5117
f 5117 5138 5139
f 5117 5139 5118
f 5118 5139 5140
f 5118 5140 5119
f 5119 5140 5141
f 5119 5141 5120
f 5120 5141 5142
f 5120 5142 4702
f 5121 4679 5143
f 5121 5143 5122
f 5122 5143 5144
f 5122 5144 5123
f 5123 5144 5145
f 5123 5145 5124
f 5124 5145 5146
f 5124 5146 5125
f 5125 5146 5147
f 5125 5147 5126
f 5126 5147 5148
f 5126 5148 5127
f 5127 5148 5149
f 5127 5149 5128
f 5128 5149 5150
f 5128 5150 5129
f 5129 5150 5151
f 5129 5151 5130
f 5130 5151 5152
f 5130 5152 5131
f 5131 5152 5153
f 5131 5153 5132
f 5132 5153 5154
f 5132 5154 5133
f 5133 5154 5155
f 5133 5155 5134
f 5134 5155 5156
f 5134 5156 5135
f 5135 5156 5157
f 5135 5157 5136
f 5136 5157 5158
f 5136 5158 5137
f 5137 5158 5159
f 5137 5159 5138
f 5138 5159 5160
f 5138 5160 5139
f 5139 5160 5161
f 5139 5161 5140
f 5140 5161 5162
f 5140 5162 5141
f 5141 5162 5163
f 5141 5163 5142
f 5142 5163 5164
f 5142 5164 4702
f 5143 4679 5165
f 5143 5165 5144
f 5144 5165 5166
f 5144 5166 5145
f 5145 5166 5167
f 5145 5167 5146
f 5146 5167 5168
f 5146 5168 5147
f 5147 5168 5169
f 5147 5169 5148
f 5148 5169 5170
f 5148 5170 5149
f 5149 5170 5171
f 5149 5171 5150
f 5150 5171 5172
f 5150 5172 5151
f 5151 5172 5173
f 5151 5173 5152
f 5152 5173 5174
f 5152 5174 5153
f 5153 5174 5175
f 5153 5175 5154
f 5154 5175 5176
f 5154 5176 5155
f 5155 5176 5177
f 5155 5177 5156
f 5156 5177 5178
f 5156 5178 5157
f 5157 5178 5179
f 5157 5179 5158
f 5158 5179 5180
f 5158 5180 5159
f 5159 5180 5181
f 5159 5181 5160
f 5160 5181 5182
f 5160 5182 5161
f 5161 5182 5183
f 5161 5183 5162
f 5162 5183 5184
f 5162 5184 5163
f 5163 5184 5185
f 5163 5185 5164
f 5164 5185 5186
f 5164 5186 4702
f 5165 4679 5187
f 5165 5187 5166
f 5166 5187 5188
f 5166 5188 5167
f 5167 5188 5189
f 5167 5189 5168
f 5168 5189 5190
f 5168 5190 5169
f 5169 5190 5191
f 5169 5191 5170
f 5170 5191 5192
f 5170 5192 5171
f 5171 5192 5193
f 5171 5193 5172
f 5172 5193 5194
f 5172 5194 5173
f 5173 5194 5195
f 5173 5195 5174
f 5174 5195 5196
f 5174 5196 5175
f 5175 5196 5197
f 5175 5197 5176
f 5176 5197 5198
f 5176 5198 5177
f 5177 5198 5199
f 5177 5199 5178
f 5178 5199 5200
f 5178 5200 5179
f 5179 5200 5201
f 5179 5201 5180
f 5180 5201 5202
f 5180 5202 5181
f 5181 5202 5203
f 5181 5203 5182
f 5182 5203 5204
f 5182 5204 5183
f 5183 5204 5205
f 5183 5205 5184
f 5184 5205 5206
f 5184 5206 5185
f 5185 5206 5207
f 5185 5207 5186
f 5186 5207 5208
f 5186 5208 4702
f 5187 4679 4680
f 5187 4680 5188
f 5188 4680 4681
f 5188 4681 5189
f 5189 4681 4682
f 5189 4682 5190
f 5190 4682 4683
f 5190 4683 5191
f 5191 4683 4684
f 5191 4684 5192
f 5192 4684 4685
f 5192 4685 5193
f 5193 4685 4686
f 5193 4686 5194
f 5194 4686 4687
f 5194 4687 5195
f 5195 4687 4688
f 5195 4688 5196
f 5196 4688 4689
f 5196 4689 5197
f 5197 4689 4690
f 5197 4690 5198
f 5198 4690 4691
f 5198 4691 5199
f 5199 4691 4692
f 5199 4692 5200
f 5200 4692 4693
f 5200 4693 5201
f 5201 4693 4694
f 5201 4694 5202
f 5202 4694 4695
f 5202 4695 5203
f 5203 4695 4696
f 5203 4696 5204
f 5204 4696 4697
f 5204 4697 5205
f 5205 4697 4698
f 5205 4698 5206
f 5206 4698 4699
f 5206 4699 5207
f 5207 4699 4700
f 5207 4700 5208
f 5208 4700 4701
f 5208 4701 4702
f 5210 5209 5233
f 5210 5233 5211
f 5211 5233 5234
f 5211 5234 5212
f 5212 5234 5235
f 5212 5235 5213
f 5213 5235 5236
f 5213 5236 5214
f 5214 5236 5237
f 5214 5237 5215
f 5215 5237 5238
f 5215 5238 5216
f 5216 5238 5239
f 5216 5239 5217
f 5217 5239 5240
f 5217 5240 5218
f 5218 5240 5241
f 5218 5241 5219
f 5219 5241 5242
f 5219 5242 5220
f 5220 5242 5243
f 5220 5243 5221
f 5221 5243 5244
f 5221 5244 5222
f 5222 5244 5245
f 5222 5245 5223
f 5223 5245 5246
f 5223 5246 5224
f 5224 5246 5247
f 5224 5247 5225
f 5225 5247 5248
f 5225 5248 5226
f 5226 5248 5249
f 5226 5249 5227
f 5227 5249 5250
f 5227 5250 5228
f 5228 5250 5251
f 5228 5251 5229
f 5229 5251 5252
f 5229 5252 5230
f 5230 5252 5253
f 5230 5253 5231
f 5231 5253 5254
f 5231 5254 5232
f 5233 5209 5255
f 5233 5255 5234
f 5234 5255 5256
f 5234 5256 5235
f 5235 5256 5257
f 5235 5257 5236
f 5236 5257 5258
f 5236 5258 5237
f 5237 5258 5259
f 5237 5259 5238
f 5238 5259 5260
f 5238 5260 5239
f 5239 5260 5261
f 5239 5261 5240
f 5240 5261 5262
f 5240 5262 5241
f 5241 5262 5263
f 5241 5263 5242
f 5242 5263 5264
f 5242 5264 5243
f 5243 5264 5265
f 5243 5265 5244
f 5244 5265 5266
f 5244 5266 5245
f 5245 5266 5267
f 5245 5267 5246
f 5246 5267 5268
f 5246 5268 5247
f 5247 5268 5269
f 5247 5269 5248
f 5248 5269 5270
f 5248 5270 5249
f 5249 5270 5271
f 5249 5271 5250
f 5250 5271 5272
f 5250 5272 5251
f 5251 5272 5273
f 5251 5273 5252
f 5252 5273 5274
f 5252 5274 5253
f 5253 5274 5275
f 5253 5275 5254
f 5254 5275 5276
f 5254 5276 5232
f 5255 5209 5277
f 5255 5277 5256
f 5256 5277 5278
f 5256 5278 5257
f 5257 5278 5279
f 5257 5279 5258
f 5258 5279 5280
f 5258 5280 5259
f 5259 5280 5281
f 5259 5281 5260
f 5260 5281 5282
f 5260 5282 5261
f 5261 5282 5283
f 5261 5283 5262
f 5262 5283 5284
f 5262 5284 5263
f 5263 5284 5285
f 5263 5285 5264
f 5264 5285 5286
f 5264 5286 5265
f 5265 5286 5287
f 5265 5287 5266
f 5266 5287 5288
f 5266 5288 5267
f 5267 5288 5289
f 5267 5289 5268
f 5268 5289 5290
f 5268 5290 5269
f 5269 5290 5291
f 5269 5291 5270
f 5270 5291 5292
f 5270 5292 5271
f 5271 5292 5293
f 5271 5293 5272
f 5272 5293 5294
f 5272 5294 5273
f 5273 5294 5295
f 5273 5295 5274
f 5274 5295 5296
f 5274 5296 5275
f 5275 5296 5297
f 5275 5297 5276
f 5276 5297 5298
f 5276 5298 5232
f 5277 5209 5299
f 5277 5299 5278
f 5278 5299 5300
f 5278 5300 5279
f 5279 5300 5301
f 5279 5301 5280
f 5280 5301 5302
f 5280 5302 5281
f 5281 5302 5303
f 5281 5303 5282
f 5282 5303 5304
f 5282 5304 5283
f 5283 5304 5305
f 5283 5305 5284
f 5284 5305 5306
f 5284 5306 5285
f 5285 5306 5307
f 5285 5307 5286
f 5286 5307 5308
f 5286 5308 5287
f 5287 5308 5309
f 5287 5309 5288
f 5288 5309 5310
f 5288 5310 5289
f 5289 5310 5311
f 5289 5311 5290
f 5290 5311 5312
f 5290 5312 5291
f 5291 5312 5313
f 5291 5313 5292
f 5292 5313 5314
f 5292 5314 5293
f 5293 5314 5315
f 5293 5315 5294
f 5294 5315 5316
f 5294 5316 5295
f 5295 5316 5317
f 5295 5317 5296
f 5296 5317 5318
f 5296 5318 5297
f 5297 5318 5319
f 5297 5319 5298
f 5298 5319 5320
f 5298 5320 5232
f 5299 5209 5321
f 5299 5321 5300
f 5300 5321 5322
f 5300 5322 5301
f 5301 5322 5323
f 5301 5323 5302
f 5302 5323 5324
f 5302 5324 5303
f 5303 5324 5325
f 5303 5325 5304
f 5304 5325 5326
f 5304 5326 5305
f 5305 5326 5327
f 5305 5327 5306
f 5306 5327 5328
f 5306 5328 5307
f 5307 5328 5329
f 5307 5329 5308
f 5308 5329 5330
f 5308 5330 5309
f 5309 5330 5331
f 5309 5331 5310
f 5310 5331 5332
f 5310 5332 5311
f 5311 5332 5333
f 5311 5333 5312
f 5312 5333 5334
f 5312 5334 5313
f 5313 5334 5335
f 5313 5335 5314
f 5314 5335 5336
f 5314 5336 5315
f 5315 5336 5337
f 5315 5337 5316
f 5316 5337 5338
f 5316 5338 5317
f 5317 5338 5339
f 5317 5339 5318
f 5318 5339 5340
f 5318 5340 5319
f 5319 5340 5341
f 5319 5341 5320
f 5320 5341 5342
f 5320 5342 5232
f 5321 5209 5343
f 5321 5343 5322
f 5322 5343 5344
f 5322 5344 5323
f 5323 5344 5345
f 5323 5345 5324
f 5324 5345 5346
f 5324 5346 5325
f 5325 5346 5347
f 5325 5347 5326
f 5326 5347 5348
f 5326 5348 5327
f 5327 5348 5349
f 5327 5349 5328
f 5328 5349 5350
f 5328 5350 5329
f 5329 5350 5351
f 5329 5351 5330
f 5330 5351 5352
f 5330 5352 5331
f 5331 5352 5353
f 5331 5353 5332
f 5332 5353 5354
f 5332 5354 5333
f 5333 5354 5355
f 5333 5355 5334
f 5334 5355 5356
f 5334 5356 5335
f 5335 5356 5357
f 5335 5357 5336
f 5336 5357 5358
f 5336 5358 5337
f 5337 5358 5359
f 5337 5359 5338
f 5338 5359 5360
f 5338 5360 5339
f 5339 5360 5361
f 5339 5361 5340
f 5340 5361 5362
f 5340 5362 5341
f 5341 5362 5363
f 5341 5363 5342
f 5342 5363 5364
f 5342 5364 5232
f 5343 5209 5365
f 5343 5365 5344
f 5344 5365 5366
f 5344 5366 5345
f 5345 5366 5367
f 5345 5367 5346
f 5346 5367 5368
f 5346 5368 5347
f 5347 5368 5369
f 5347 5369 5348
f 5348 5369 5370
f 5348 5370 5349
f 5349 5370 5371
f 5349 5371 5350
f 5350 5371 5372
f 5350 5372 5351
f 5351 5372 5373
f 5351 5373 5352
f 5352 5373 5374
f 5352 5374 5353
f 5353 5374 5375
f 5353 5375 5354
f 5354 5375 5376
f 5354 5376 5355
f 5355 5376 5377
f 5355 5377 5356
f 5356 5377 5378
f 5356 5378 5357
f 5357 5378 5379
f 5357 5379 5358
f 5358 5379 5380
f 5358 5380 5359
f 5359 5380 5381
f 5359 5381 5360
f 5360 5381 5382
f 5360 5382 5361
f 5361 5382 5383
f 5361 5383 5362
f 5362 5383 5384
f 5362 5384 5363
f 5363 5384 5385
f 5363 5385 5364
f 5364 5385 5386
f 5364 5386 5232
f 5365 5209 5387
f 5365 5387 5366
f 5366 5387 5388
f 5366 5388 5367
f 5367 5388 5389
f 5367 5389 5368
f 5368 5389 5390
f 5368 5390 5369
f 5369 5390 5391
f 5369 5391 5370
f 5370 5391 5392
f 5370 5392 5371
f 5371 5392 5393
f 5371 5393 5372
f 5372 5393 5394
f 5372 5394 5373
f 5373 5394 5395
f 5373 5395 5374
f 5374 5395 5396
f 5374 5396 5375
f 5375 5396 5397
f 5375 5397 5376
f 5376 5397 5398
f 5376 5398 5377
f 5377 5398 5399
f 5377 5399 5378
f 5378 5399 5400
f 5378 5400 5379
f 5379 5400 5401
f 5379 5401 5380
f 5380 5401 5402
f 5380 5402 5381
f 5381 5402 5403
f 5381 5403 5382
f 5382 5403 5404
f 5382 5404 5383
f 5383 5404 5405
f 5383 5405 5384
f 5384 5405 5406
f 5384 5406 5385
f 5385 5406 5407
f 5385 5407 5386
f 5386 5407 5408
f 5386 5408 5232
f 5387 5209 5409
f 5387 5409 5388
f 5388 5409 5410
f 5388 5410 5389
f 5389 5410 5411
f 5389 5411 5390
f 5390 5411 5412
f 5390 5412 5391
f 5391 5412 5413
f 5391 5413 5392
f 5392 5413 5414
f 5392 5414 5393
f 5393 5414 5415
f 5393 5415 5394
f 5394 5415 5416
f 5394 5416 5395
f 5395 5416 5417
f 5395 5417 5396
f 5396 5417 5418
f 5396 5418 5397
f 5397 5418 5419
f 5397 5419 5398
f 5398 5419 5420
f 5398 5420 5399
f 5399 5420 5421
f 5399 5421 5400
f 5400 5421 5422
f 5400 5422 5401
f 5401 5422 5423
f 5401 5423 5402
f 5402 5423 5424
f 5402 5424 5403
f 5403 5424 5425
f 5403 5425 5404
f 5404 5425 5426
f 5404 5426 5405
f 5405 5426 5427
f 5405 5427 5406
f 5406 5427 5428
f 5406 5428 5407
f 5407 5428 5429
f 5407 5429 5408
f 5408 5429 5430
f 5408 5430 5232
f 5409 5209 5431
f 5409 5431 5410
f 5410 5431 5432
f 5410 5432 5411
f 5411 5432 5433
f 5411 5433 5412
f 5412 5433 5434
f 5412 5434 5413
f 5413 5434 5435
f 5413 5435 5414
f 5414 5435 5436
f 5414 5436 5415
f 5415 5436 5437
f 5415 5437 5416
f 5416 5437 5438
f 5416 5438 5417
f 5417 5438 5439
f 5417 5439 5418
f 5418 5439 5440
f 5418 5440 5419
f 5419 5440 5441
f 5419 5441 5420
f 5420 5441 5442
f 5420 5442 5421
f 5421 5442 5443
f 5421 5443 5422
f 5422 5443 5444
f 5422 5444 5423
f 5423 5444 5445
f 5423 5445 5424
f 5424 5445 5446
f 5424 5446 5425
f 5425 5446 5447
f 5425 5447 5426
f 5426 5447 5448
f 5426 5448 5427
f 5427 5448 5449
f 5427 5449 5428
f 5428 5449 5450
f 5428 5450 5429
f 5429 5450 5451
f 5429 5451 5430
f 5430 5451 5452
f 5430 5452 5232
f 5431 5209 5453
f 5431 5453 5432
f 5432 5453 5454
f 5432 5454 5433
f 5433 5454 5455
f 5433 5455 5434
f 5434 5455 5456
f 5434 5456 5435
f 5435 5456 5457
f 5435 5457 5436
f 5436 5457 5458
f 5436 5458 5437
f 5437 5458 5459
f 5437 5459 5438
f 5438 5459 5460
f 5438 5460 5439
f 5439 5460 5461
f 5439 5461 5440
f 5440 5461 5462
f 5440 5462 5441
f 5441 5462 5463
f 5441 5463 5442
f 5442 5463 5464
f 5442 5464 5443
f 5443 5464 5465
f 5443 5465 5444
f 5444 5465 5466
f 5444 5466 5445
f 5445 5466 5467
f 5445 5467 5446
f 5446 5467 5468
f 5446 5468 5447
f 5447 5468 5469
f 5447 5469 5448
f 5448 5469 5470
f 5448 5470 5449
f 5449 5470 5471
f 5449 5471 5450
f 5450 5471 5472
f 5450 5472 5451
f 5451 5472 5473
f 5451 5473 5452
f 5452 5473 5474
f 5452 5474 5232
f 5453 5209 5475
f 5453 5475 5454
f 5454 5475 5476
f 5454 5476 5455
f 5455 5476 5477
f 5455 5477 5456
f 5456 5477 5478
f 5456 5478 5457
f 5457 5478 5479
f 5457 5479 5458
f 5458 5479 5480
f 5458 5480 5459
f 5459 5480 5481
f 5459 5481 5460
f 5460 5481 5482
f 5460 5482 5461
f 5461 5482 5483
f 5461 5483 5462
f 5462 5483 5484
f 5462 5484 5463
f 5463 5484 5485
f 5463 5485 5464
f 5464 5485 5486
f 5464 5486 5465
f 5465 5486 5487
f 5465 5487 5466
f 5466 5487 5488
f 5466 5488 5467
f 5467 5488 5489
f 5467 5489 5468
f 5468 5489 5490
f 5468 5490 5469
f 5469 5490 5491
f 5469 5491 5470
f 5470 5491 5492
f 5470 5492 5471
f 5471 5492 5493
f 5471 5493 5472
f 5472 5493 5494
f 5472 5494 5473
f 5473 5494 5495
f 5473 5495 5474
f 5474 5495 5496
f 5474 5496 5232
f 5475 5209 5497
f 5475 5497 5476
f 5476 5497 5498
f 5476 5498 5477
f 5477 5498 5499
f 5477 5499 5478
f 5478 5499 5500
f 5478 5500 5479
f 5479 5500 5501
f 5479 5501 5480
f 5480 5501 5502
f 5480 5502 5481
f 5481 5502 5503
f 5481 5503 5482
f 5482 5503 5504
f 5482 5504 5483
f 5483 5504 5505
f 5483 5505 5484
f 5484 5505 5506
f 5484 5506 5485
f 5485 5506 5507
f 5485 5507 5486
f 5486 5507 5508
f 5486 5508 5487
f 5487 5508 5509
f 5487 5509 5488
f 5488 5509 5510
f 5488 5510 5489
f 5489 5510 5511
f 5489 5511 5490
f 5490 5511 5512
f 5490 5512 5491
f 5491 5512 5513
f 5491 5513 5492
f 5492 5513 5514
f 5492 5514 5493
f 5493 5514 5515
f 5493 5515 5494
f 5494 5515 5516
f 5494 5516 5495
f 5495 5516 5517
f 5495 5517 5496
f 5496 5517 5518
f 5496 5518 5232
f 5497 5209 5519
f 5497 5519 5498
f 5498 5519 5520
f 5498 5520 5499
f 5499 5520 5521
f 5499 5521 5500
f 5500 5521 5522
f 5500 5522 5501
f 5501 5522 5523
f 5501 5523 5502
f 5502 5523 5524
f 5502 5524 5503
f 5503 5524 5525
f 5503 5525 5504
f 5504 5525 5526
f 5504 5526 5505
f 5505 5526 5527
f 5505 5527 5506
f 5506 5527 5528
f 5506 5528 5507
f 5507 5528 5529
f 5507 5529 5508
f 5508 5529 5530
f 5508 5530 5509
f 5509 5530 5531
f 5509 5531 5510
f 5510 5531 5532
f 5510 5532 5511
f 5511 5532 5533
f 5511 5533 5512
f 5512 5533 5534
f 5512 5534 5513
f 5513 5534 5535
f 5513 5535 5514
f 5514 5535 5536
f 5514 5536 5515
f 5515 5536 5537
f 5515 5537 5516
f 5516 5537 5538
f 5516 5538 5517
f 5517 5538 5539
f 5517 5539 5518
f 5518 5539 5540
f 5518 5540 5232
f 5519 5209 5541
f 5519 5541 5520
f 5520 5541 5542
f 5520 5542 5521
f 5521 5542 5543
f 5521 5543 5522
f 5522 5543 5544
f 5522 5544 5523
f 5523 5544 5545
f 5523 5545 5524
f 5524 5545 5546
f 5524 5546 5525
f 5525 5546 5547
f 5525 5547 5526
f 5526 5547 5548
f 5526 5548 5527
f 5527 5548 5549
f 5527 5549 5528
f 5528 5549 5550
f 5528 5550 5529
f 5529 5550 5551
f 5529 5551 5530
f 5530 5551 5552
f 5530 5552 5531
f 5531 5552 5553
f 5531 5553 5532
f 5532 5553 5554
f 5532 5554 5533
f 5533 5554 5555
f 5533 5555 5534
f 5534 5555 5556
f 5534 5556 5535
f 5535 5556 5557
f 5535 5557 5536
f 5536 5557 5558
f 5536 5558 5537
f 5537 5558 5559
f 5537 5559 5538
f 5538 5559 5560
f 5538 5560 5539
f 5539 5560 5561
f 5539 5561 5540
f 5540 5561 5562
f 5540 5562 5232
f 5541 5209 5563
f 5541 5563 5542
f 5542 5563 5564
f 5542 5564 5543
f 5543 5564 5565
f 5543 5565 5544
f 5544 5565 5566
f 5544 5566 5545
f 5545 5566 5567
f 5545 5567 5546
f 5546 5567 5568
f 5546 5568 5547
f 5547 5568 5569
f 5547 5569 5548
f 5548 5569 5570
f 5548 5570 5549
f 5549 5570 5571
f 5549 5571 5550
f 5550 5571 5572
f 5550 5572 5551
f 5551 5572 5573
f 5551 5573 5552
f 5552 5573 5574
f 5552 5574 5553
f 5553 5574 5575
f 5553 5575 5554
f 5554 5575 5576
f 5554 5576 5555
f 5555 5576 5577
f 5555 5577 5556
f 5556 5577 5578
f 5556 5578 5557
f 5557 5578 5579
f 5557 5579 5558
f 5558 5579 5580
f 5558 5580 5559
f 5559 5580 5581
f 5559 5581 5560
f 5560 5581 5582
f 5560 5582 5561
f 5561 5582 5583
f 5561 5583 5562
f 5562 5583 5584
f 5562 5584 5232
f 5563 5209 5585
f 5563 5585 5564
f 5564 5585 5586
f 5564 5586 5565
f 5565 5586 5587
f 5565 5587 5566
f 5566 5587 5588
f 5566 5588 5567
f 5567 5588 5589
f 5567 5589 5568
f 5568 5589 5590
f 5568 5590 5569
f 5569 5590 5591
f 5569 5591 5570
f 5570 5591 5592
f 5570 5592 5571
f 5571 5592 5593
f 5571 5593 5572
f 5572 5593 5594
f 5572 5594 5573
f 5573 5594 5595
f 5573 5595 5574
f 5574 5595 5596
f 5574 5596 5575
f 5575 5596 5597
f 5575 5597 5576
f 5576 5597 5598
f 5576 5598 5577
f 5577 5598 5599
f 5577 5599 5578
f 5578 5599 5600
f 5578 5600 5579
f 5579 5600 5601
f 5579 5601 5580
f 5580 5601 5602
f 5580 5602 5581
f 5581 5602 5603
f 5581 5603 5582
f 5582 5603 5604
f 5582 5604 5583
f 5583 5604 5605
f 5583 5605 5584
f 5584 5605 5606
f 5584 5606 5232
f 5585 5209 5607
f 5585 5607 5586
f 5586 5607 5608
f 5586 5608 5587
f 5587 5608 5609
f 5587 5609 5588
f 5588 5609 5610
f 5588 5610 5589
f 5589 5610 5611
f 5589 5611 5590
f 5590 5611 5612
f 5590 5612 5591
f 5591 5612 5613
f 5591 5613 5592
f 5592 5613 5614
f 5592 5614 5593
f 5593 5614 5615
f 5593 5615 5594
f 5594 5615 5616
f 5594 5616 5595
f 5595 5616 5617
f 5595 5617 5596
f 5596 5617 5618
f 5596 5618 5597
f 5597 5618 5619
f 5597 5619 5598
f 5598 5619 5620
f 5598 5620 5599
f 5599 5620 5621
f 5599 5621 5600
f 5600 5621 5622
f 5600 5622 5601
f 5601 5622 5623
f 5601 5623 5602
f 5602 5623 5624
f 5602 5624 5603
f 5603 5624 5625
f 5603 5625 5604
f 5604 5625 5626
f 5604 5626 5605
f 5605 5626 5627
f 5605 5627 5606
f 5606 5627 5628
f 5606 5628 5232
f 5607 5209 5629
f 5607 5629 5608
f 5608 5629 5630
f 5608 5630 5609
f 5609 5630 5631
f 5609 5631 5610
f 5610 5631 5632
f 5610 5632 5611
f 5611 5632 5633
f 5611 5633 5612
f 5612 5633 5634
f 5612 5634 5613
f 5613 5634 5635
f 5613 5635 5614
f 5614 5635 5636
f 5614 5636 5615
f 5615 5636 5637
f 5615 5637 5616
f 5616 5637 5638
f 5616 5638 5617
f 5617 5638 5639
f 5617 5639 5618
f 5618 5639 5640
f 5618 5640 5619
f 5619 5640 5641
f 5619 5641 5620
f 5620 5641 5642
f 5620 5642 5621
f 5621 5642 5643
f 5621 5643 5622
f 5622 5643 5644
f 5622 5644 5623
f 5623 5644 5645
f 5623 5645 5624
f 5624 5645 5646
f 5624 5646 5625
f 5625 5646 5647
f 5625 5647 5626
f 5626 5647 5648
f 5626 5648 5627
f 5627 5648 5649
f 5627 5649 5628
f 5628 5649 5650
f 5628 5650 5232
f 5629 5209 5651
f 5629 5651 5630
f 5630 5651 5652
f 5630 5652 5631
f 5631 5652 5653
f 5631 5653 5632
f 5632 5653 5654
f 5632 5654 5633
f 5633 5654 5655
f 5633 5655 5634
f 5634 5655 5656
f 5634 5656 5635
f 5635 5656 5657
f 5635 5657 5636
f 5636 5657 5658
f 5636 5658 5637
f 5637 5658 5659
f 5637 5659 5638
f 5638 5659 5660
f 5638 5660 5639
f 5639 5660 5661
f 5639 5661 5640
f 5640 5661 5662
f 5640 5662 5641
f 5641 5662 5663
f 5641 5663 5642
f 5642 5663 5664
f 5642 5664 5643
f 5643 5664 5665
f 5643 5665 5644
f 5644 5665 5666
f 5644 5666 5645
f 5645 5666 5667
f 5645 5667 5646
f 5646 5667 5668
f 5646 5668 5647
f 5647 5668 5669
f 5647 5669 5648
f 5648 5669 5670
f 5648 5670 5649
f 5649 5670 5671
f 5649 5671 5650
f 5650 5671 5672
f 5650 5672 5232
f 5651 5209 5673
f 5651 5673 5652
f 5652 5673 5674
f 5652 5674 5653
f 5653 5674 5675
f 5653 5675 5654
f 5654 5675 5676
f 5654 5676 5655
f 5655 5676 5677
f 5655 5677 5656
f 5656 5677 5678
f 5656 5678 5657
f 5657 5678 5679
f 5657 5679 5658
f 5658 5679 5680
f 5658 5680 5659
f 5659 5680 5681
f 5659 5681 5660
f 5660 5681 5682
f 5660 5682 5661
f 5661 5682 5683
f 5661 5683 5662
f 5662 5683 5684
f 5662 5684 5663
f 5663 5684 5685
f 5663 5685 5664
f 5664 5685 5686
f 5664 5686 5665
f 5665 5686 5687
f 5665 5687 5666
f 5666 5687 5688
f 5666 5688 5667
f 5667 5688 5689
f 5667 5689 5668
f 5668 5689 5690
f 5668 5690 5669
f 5669 5690 5691
f 5669 5691 5670
f 5670 5691 5692
f 5670 5692 5671
f 5671 5692 5693
f 5671 5693 5672
f 5672 5693 5694
f 5672 5694 5232
f 5673 5209 5695
f 5673 5695 5674
f 5674 5695 5696
f 5674 5696 5675
f 5675 5696 5697
f 5675 5697 5676
f 5676 5697 5698
f 5676 5698 5677
f 5677 5698 5699
f 5677 5699 5678
f 5678 5699 5700
f 5678 5700 5679
f 5679 5700 5701
f 5679 5701 5680
f 5680 5701 5702
f 5680 5702 5681
f 5681 5702 5703
f 5681 5703 5682
f 5682 5703 5704
f 5682 5704 5683
f 5683 5704 5705
f 5683 5705 5684
f 5684 5705 5706
f 5684 5706 5685
f 5685 5706 5707
f 5685 5707 5686
f 5686 5707 5708
f 5686 5708 5687
f 5687 5708 5709
f 5687 5709 5688
f 5688 5709 5710
f 5688 5710 5689
f 5689 5710 5711
f 5689 5711 5690
f 5690 5711 5712
f 5690 5712 5691
f 5691 5712 5713
f 5691 5713 5692
f 5692 5713 5714
f 5692 5714 5693
f 5693 5714 5715
f 5693 5715 5694
f 5694 5715 5716
f 5694 5716 5232
f 5695 5209 5717
f 5695 5717 5696
f 5696 5717 5718
f 5696 5718 5697
f 5697 5718 5719
f 5697 5719 5698
f 5698 5719 5720
f 5698 5720 5699
f 5699 5720 5721
f 5699 5721 5700
f 5700 5721 5722
f 5700 5722 5701
f 5701 5722 5723
f 5701 5723 5702
f 5702 5723 5724
f 5702 5724 5703
f 5703 5724 5725
f 5703 5725 5704
f 5704 5725 5726
f 5704 5726 5705
f 5705 5726 5727
f 5705 5727 5706
f 5706 5727 5728
f 5706 5728 5707
f 5707 5728 5729
f 5707 5729 5708
f 5708 5729 5730
f 5708 5730 5709
f 5709 5730 5731
f 5709 5731 5710
f 5710 5731 5732
f 5710 5732 5711
f 5711 5732 5733
f 5711 5733 5712
f 5712 5733 5734
f 5712 5734 5713
f 5713 5734 5735
f 5713 5735 5714
f 5714 5735 5736
f 5714 5736 5715
f 5715 5736 5737
f 5715 5737 5716
f 5716 5737 5738
f 5716 5738 5232
f 5717 5209 5210
f 5717 5210 5718
f 5718 5210 5211
f 5718 5211 5719
f 5719 5211 5212
f 5719 5212 5720
f 5720 5212 5213
f 5720 5213 5721
f 5721 5213 5214
f 5721 5214 5722
f 5722 5214 5215
f 5722 5215 5723
f 5723 5215 5216
f 5723 5216 5724
f 5724 5216 5217
f 5724 5217 5725
f 5725 5217 5218
f 5725 5218 5726
f 5726 5218 5219
f 5726 5219 5727
f 5727 5219 5220
f 5727 5220 5728
f 5728 5220 5221
f 5728 5221 5729
f 5729 5221 5222
f 5729 5222 5730
f 5730 5222 5223
f 5730 5223 5731
f 5731 5223 5224
f 5731 5224 5732
f 5732 5224 5225
f 5732 5225 5733
f 5733 5225 5226
f 5733 5226 5734
f 5734 5226 5227
f 5734 5227 5735
f 5735 5227 5228
f 5735 5228 5736
f 5736 5228 5229
f 5736 5229 5737
f 5737 5229 5230
f 5737 5230 5738
f 5738 5230 5231
f 5738 5231 5232
f 5739 5876 5792
f 5876 5776 5878
f 5792 5878 5755
f 5876 5878 5792
f 5776 5877 5893
f 5877 5750 5890
f 5893 5890 5779
f 5877 5890 5893
f 5755 5891 5793
f 5891 5779 5889
f 5793 5889 5744
f 5891 5889 5793
f 5776 5893 5878
f 5893 5779 5891
f 5878 5891 5755
f 5893 5891 5878
f 5739 5792 5781
f 5792 5755 5794
f 5781 5794 5751
f 5792 5794 5781
f 5755 5793 5798
f 5793 5744 5796
f 5798 5796 5756
f 5793 5796 5798
f 5751 5797 5782
f 5797 5756 5795
f 5782 5795 5740
f 5797 5795 5782
f 5755 5798 5794
f 5798 5756 5797
f 5794 5797 5751
f 5798 5797 5794
f 5739 5781 5808
f 5781 5751 5810
f 5808 5810 5760
f 5781 5810 5808
f 5751 5782 5813
f 5782 5740 5811
f 5813 5811 5761
f 5782 5811 5813
f 5760 5814 5809
f 5814 5761 5812
f 5809 5812 5746
f 5814 5812 5809
f 5751 5813 5810
f 5813 5761 5814
f 5810 5814 5760
f 5813 5814 5810
f 5739 5808 5859
f 5808 5760 5861
f 5859 5861 5772
f 5808 5861 5859
f 5760 5809 5872
f 5809 5746 5870
f 5872 5870 5775
f 5809 5870 5872
f 5772 5874 5860
f 5874 5775 5871
f 5860 5871 5749
f 5874 5871 5860
f 5760 5872 5861
f 5872 5775 5874
f 5861 5874 5772
f 5872 5874 5861
f 5739 5859 5876
f 5859 5772 5879
f 5876 5879 5776
f 5859 5879 5876
f 5772 5860 5897
f 5860 5749 5895
f 5897 5895 5780
f 5860 5895 5897
f 5776 5899 5877
f 5899 5780 5896
f 5877 5896 5750
f 5899 5896 5877
f 5772 5897 5879
f 5897 5780 5899
f 5879 5899 5776
f 5897 5899 5879
f 5740 5795 5834
f 5795 5756 5836
f 5834 5836 5767
f 5795 5836 5834
f 5756 5796 5849
f 5796 5744 5847
f 5849 5847 5770
f 5796 5847 5849
f 5767 5851 5835
f 5851 5770 5848
f 5835 5848 5748
f 5851 5848 5835
f 5756 5849 5836
f 5849 5770 5851
f 5836 5851 5767
f 5849 5851 5836
f 5744 5889 5800
f 5889 5779 5892
f 5800 5892 5757
f 5889 5892 5800
f 5779 5890 5894
f 5890 5750 5885
f 5894 5885 5778
f 5890 5885 5894
f 5757 5887 5799
f 5887 5778 5884
f 5799 5884 5743
f 5887 5884 5799
f 5779 5894 5892
f 5894 5778 5887
f 5892 5887 5757
f 5894 5887 5892
f 5750 5896 5881
f 5896 5780 5900
f 5881 5900 5777
f 5896 5900 5881
f 5780 5895 5898
f 5895 5749 5863
f 5898 5863 5773
f 5895 5863 5898
f 5777 5883 5880
f 5883 5773 5862
f 5880 5862 5741
f 5883 5862 5880
f 5780 5898 5900
f 5898 5773 5883
f 5900 5883 5777
f 5898 5883 5900
f 5749 5871 5866
f 5871 5775 5875
f 5866 5875 5774
f 5871 5875 5866
f 5775 5870 5873
f 5870 5746 5816
f 5873 5816 5762
f 5870 5816 5873
f 5774 5868 5865
f 5868 5762 5815
f 5865 5815 5745
f 5868 5815 5865
f 5775 5873 5875
f 5873 5762 5868
f 5875 5868 5774
f 5873 5868 5875
f 5746 5812 5828
f 5812 5761 5830
f 5828 5830 5766
f 5812 5830 5828
f 5761 5811 5819
f 5811 5740 5817
f 5819 5817 5763
f 5811 5817 5819
f 5766 5832 5829
f 5832 5763 5818
f 5829 5818 5747
f 5832 5818 5829
f 5761 5819 5830
f 5819 5763 5832
f 5830 5832 5766
f 5819 5832 5830
f 5742 5838 5788
f 5838 5768 5840
f 5788 5840 5754
f 5838 5840 5788
f 5768 5839 5846
f 5839 5748 5843
f 5846 5843 5769
f 5839 5843 5846
f 5754 5844 5789
f 5844 5769 5842
f 5789 5842 5743
f 5844 5842 5789
f 5768 5846 5840
f 5846 5769 5844
f 5840 5844 5754
f 5846 5844 5840
f 5742 5788 5784
f 5788 5754 5790
f 5784 5790 5752
f 5788 5790 5784
f 5754 5789 5791
f 5789 5743 5786
f 5791 5786 5753
f 5789 5786 5791
f 5752 5787 5783
f 5787 5753 5785
f 5783 5785 5741
f 5787 5785 5783
f 5754 5791 5790
f 5791 5753 5787
f 5790 5787 5752
f 5791 5787 5790
f 5742 5784 5804
f 5784 5752 5806
f 5804 5806 5759
f 5784 5806 5804
f 5752 5783 5803
f 5783 5741 5801
f 5803 5801 5758
f 5783 5801 5803
f 5759 5807 5805
f 5807 5758 5802
f 5805 5802 5745
f 5807 5802 5805
f 5752 5803 5806
f 5803 5758 5807
f 5806 5807 5759
f 5803 5807 5806
f 5742 5804 5820
f 5804 5759 5822
f 5820 5822 5764
f 5804 5822 5820
f 5759 5805 5825
f 5805 5745 5823
f 5825 5823 5765
f 5805 5823 5825
f 5764 5827 5821
f 5827 5765 5824
f 5821 5824 5747
f 5827 5824 5821
f 5759 5825 5822
f 5825 5765 5827
f 5822 5827 5764
f 5825 5827 5822
f 5742 5820 5838
f 5820 5764 5841
f 5838 5841 5768
f 5820 5841 5838
f 5764 5821 5856
f 5821 5747 5853
f 5856 5853 5771
f 5821 5853 5856
f 5768 5858 5839
f 5858 5771 5854
f 5839 5854 5748
f 5858 5854 5839
f 5764 5856 5841
f 5856 5771 5858
f 5841 5858 5768
f 5856 5858 5841
f 5743 5842 5799
f 5842 5769 5845
f 5799 5845 5757
f 5842 5845 5799
f 5769 5843 5852
f 5843 5748 5848
f 5852 5848 5770
f 5843 5848 5852
f 5757 5850 5800
f 5850 5770 5847
f 5800 5847 5744
f 5850 5847 5800
f 5769 5852 5845
f 5852 5770 5850
f 5845 5850 5757
f 5852 5850 5845
f 5741 5785 5880
f 5785 5753 5882
f 5880 5882 5777
f 5785 5882 5880
f 5753 5786 5886
f 5786 5743 5884
f 5886 5884 5778
f 5786 5884 5886
f 5777 5888 5881
f 5888 5778 5885
f 5881 5885 5750
f 5888 5885 5881
f 5753 5886 5882
f 5886 5778 5888
f 5882 5888 5777
f 5886 5888 5882
f 5745 5802 5865
f 5802 5758 5867
f 5865 5867 5774
f 5802 5867 5865
f 5758 5801 5864
f 5801 5741 5862
f 5864 5862 5773
f 5801 5862 5864
f 5774 5869 5866
f 5869 5773 5863
f 5866 5863 5749
f 5869 5863 5866
f 5758 5864 5867
f 5864 5773 5869
f 5867 5869 5774
f 5864 5869 5867
f 5747 5824 5829
f 5824 5765 5833
f 5829 5833 5766
f 5824 5833 5829
f 5765 5823 5826
f 5823 5745 5815
f 5826 5815 5762
f 5823 5815 5826
f 5766 5831 5828
f 5831 5762 5816
f 5828 5816 5746
f 5831 5816 5828
f 5765 5826 5833
f 5826 5762 5831
f 5833 5831 5766
f 5826 5831 5833
f 5748 5854 5835
f 5854 5771 5857
f 5835 5857 5767
f 5854 5857 5835
f 5771 5853 5855
f 5853 5747 5818
f 5855 5818 5763
f 5853 5818 5855
f 5767 5837 5834
f 5837 5763 5817
f 5834 5817 5740
f 5837 5817 5834
f 5771 5855 5857
f 5855 5763 5837
f 5857 5837 5767
f 5855 5837 5857
f 5902 5901 5925
f 5902 5925 5903
f 5903 5925 5926
f 5903 5926 5904
f 5904 5926 5927
f 5904 5927 5905
f 5905 5927 5928
f 5905 5928 5906
f 5906 5928 5929
f 5906 5929 5907
f 5907 5929 5930
f 5907 5930 5908
f 5908 5930 5931
f 5908 5931 5909
f 5909 5931 5932
f 5909 5932 5910
f 5910 5932 5933
f 5910 5933 5911
f 5911 5933 5934
f 5911 5934 5912
f 5912 5934 5935
f 5912 5935 5913
f 5913 5935 5936
f 5913 5936 5914
f 5914 5936 5937
f 5914 5937 5915
f 5915 5937 5938
f 5915 5938 5916
f 5916 5938 5939
f 5916 5939 5917
f 5917 5939 5940
f 5917 5940 5918
f 5918 5940 5941
f 5918 5941 5919
f 5919 5941 5942
f 5919 5942 5920
f 5920 5942 5943
f 5920 5943 5921
f 5921 5943 5944
f 5921 5944 5922
f 5922 5944 5945
f 5922 5945 5923
f 5923 5945 5946
f 5923 5946 5924
f 5925 5901 5947
f 5925 5947 5926
f 5926 5947 5948
f 5926 5948 5927
f 5927 5948 5949
f 5927 5949 5928
f 5928 5949 5950
f 5928 5950 5929
f 5929 5950 5951
f 5929 5951 5930
f 5930 5951 5952
f 5930 5952 5931
f 5931 5952 5953
f 5931 5953 5932
f 5932 5953 5954
f 5932 5954 5933
f 5933 5954 5955
f 5933 5955 5934
f 5934 5955 5956
f 5934 5956 5935
f 5935 5956 5957
f 5935 5957 5936
f 5936 5957 5958
f 5936 5958 5937
f 5937 5958 5959
f 5937 5959 5938
f 5938 5959 5960
f 5938 5960 5939
f 5939 5960 5961
f 5939 5961 5940
f 5940 5961 5962
f 5940 5962 5941
f 5941 5962 5963
f 5941 5963 5942
f 5942 5963 5964
f 5942 5964 5943
f 5943 5964 5965
f 5943 5965 5944
f 5944 5965 5966
f 5944 5966 5945
f 5945 5966 5967
f 5945 5967 5946
f 5946 5967 5968
f 5946 5968 5924
f 5947 5901 5969
f 5947 5969 5948
f 5948 5969 5970
f 5948 5970 5949
f 5949 5970 5971
f 5949 5971 5950
f 5950 5971 5972
f 5950 5972 5951
f 5951 5972 5973
f 5951 5973 5952
f 5952 5973 5974
f 5952 5974 5953
f 5953 5974 5975
f 5953 5975 5954
f 5954 5975 5976
f 5954 5976 5955
f 5955 5976 5977
f 5955 5977 5956
f 5956 5977 5978
f 5956 5978 5957
f 5957 5978 5979
f 5957 5979 5958
f 5958 5979 5980
f 5958 5980 5959
f 5959 5980 5981
f 5959 5981 5960
f 5960 5981 5982
f 5960 5982 5961
f 5961 5982 5983
f 5961 5983 5962
f 5962 5983 5984
f 5962 5984 5963
f 5963 5984 5985
f 5963 5985 5964
f 5964 5985 5986
f 5964 5986 5965
f 5965 5986 5987
f 5965 5987 5966
f 5966 5987 5988
f 5966 5988 5967
f 5967 5988 5989
f 5967 5989 5968
f 5968 5989 5990
f 5968 5990 5924
f 5969 5901 5991
f 5969 5991 5970
f 5970 5991 5992
f 5970 5992 5971
f 5971 5992 5993
f 5971 5993 5972
f 5972 5993 5994
f 5972 5994 5973
f 5973 5994 5995
f 5973 5995 5974
f 5974 5995 5996
f 5974 5996 5975
f 5975 5996 5997
f 5975 5997 5976
f 5976 5997 5998
f 5976 5998 5977
f 5977 5998 5999
f 5977 5999 5978
f 5978 5999 6000
f 5978 6000 5979
f 5979 6000 6001
f 5979 6001 5980
f 5980 6001 6002
f 5980 6002 5981
f 5981 6002 6003
f 5981 6003 5982
f 5982 6003 6004
f 5982 6004 5983
f 5983 6004 6005
f 5983 6005 5984
f 5984 6005 6006
f 5984 6006 5985
f 5985 6006 6007
f 5985 6007 5986
f 5986 6007 6008
f 5986 6008 5987
f 5987 6008 6009
f 5987 6009 5988
f 5988 6009 6010
f 5988 6010 5989
f 5989 6010 6011
f 5989 6011 5990
f 5990 6011 6012
f 5990 6012 5924
f 5991 5901 6013
f 5991 6013 5992
f 5992 6013 6014
f 5992 6014 5993
f 5993 6014 6015
f 5993 6015 5994
f 5994 6015 6016
f 5994 6016 5995
f 5995 6016 6017
f 5995 6017 5996
f 5996 6017 6018
f 5996 6018 5997
f 5997 6018 6019
f 5997 6019 5998
f 5998 6019 6020
f 5998 6020 5999
f 5999 6020 6021
f 5999 6021 6000
f 6000 6021 6022
f 6000 6022 6001
f 6001 6022 6023
f 6001 6023 6002
f 6002 6023 6024
f 6002 6024 6003
f 6003 6024 6025
f 6003 6025 6004
f 6004 6025 6026
f 6004 6026 6005
f 6005 6026 6027
f 6005 6027 6006
f 6006 6027 6028
f 6006 6028 6007
f 6007 6028 6029
f 6007 6029 6008
f 6008 6029 6030
f 6008 6030 6009
f 6009 6030 6031
f 6009 6031 6010
f 6010 6031 6032
f 6010 6032 6011
f 6011 6032 6033
f 6011 6033 6012
f 6012 6033 6034
f 6012 6034 5924
f 6013 5901 6035
f 6013 6035 6014
f 6014 6035 6036
f 6014 6036 6015
f 6015 6036 6037
f 6015 6037 6016
f 6016 6037 6038
f 6016 6038 6017
f 6017 6038 6039
f 6017 6039 6018
f 6018 6039 6040
f 6018 6040 6019
f 6019 6040 6041
f 6019 6041 6020
f 6020 6041 6042
f 6020 6042 6021
f 6021 6042 6043
f 6021 6043 6022
f 6022 6043 6044
f 6022 6044 6023
f 6023 6044 6045
f 6023 6045 6024
f 6024 6045 6046
f 6024 6046 6025
f 6025 6046 6047
f 6025 6047 6026
f 6026 6047 6048
f 6026 6048 6027
f 6027 6048 6049
f 6027 6049 6028
f 6028 6049 6050
f 6028 6050 6029
f 6029 6050 6051
f 6029 6051 6030
f 6030 6051 6052
f 6030 6052 6031
f 6031 6052 6053
f 6031 6053 6032
f 6032 6053 6054
f 6032 6054 6033
f 6033 6054 6055
f 6033 6055 6034
f 6034 6055 6056
f 6034 6056 5924
f 6035 5901 6057
f 6035 6057 6036
f 6036 6057 6058
f 6036 6058 6037
f 6037 6058 6059
f 6037 6059 6038
f 6038 6059 6060
f 6038 6060 6039
f 6039 6060 6061
f 6039 6061 6040
f 6040 6061 6062
f 6040 6062 6041
f 6041 6062 6063
f 6041 6063 6042
f 6042 6063 6064
f 6042 6064 6043
f 6043 6064 6065
f 6043 6065 6044
f 6044 6065 6066
f 6044 6066 6045
f 6045 6066 6067
f 6045 6067 6046
f 6046 6067 6068
f 6046 6068 6047
f 6047 6068 6069
f 6047 6069 6048
f 6048 6069 6070
f 6048 6070 6049
f 6049 6070 6071
f 6049 6071 6050
f 6050 6071 6072
f 6050 6072 6051
f 6051 6072 6073
f 6051 6073 6052
f 6052 6073 6074
f 6052 6074 6053
f 6053 6074 6075
f 6053 6075 6054
f 6054 6075 6076
f 6054 6076 6055
f 6055 6076 6077
f 6055 6077 6056
f 6056 6077 6078
f 6056 6078 5924
f 6057 5901 6079
f 6057 6079 6058
f 6058 6079 6080
f 6058 6080 6059
f 6059 6080 6081
f 6059 6081 6060
f 6060 6081 6082
f 6060 6082 6061
f 6061 6082 6083
f 6061 6083 6062
f 6062 6083 6084
f 6062 6084 6063
f 6063 6084 6085
f 6063 6085 6064
f 6064 6085 6086
f 6064 6086 6065
f 6065 6086 6087
f 6065 6087 6066
f 6066 6087 6088
f 6066 6088 6067
f 6067 6088 6089
f 6067 6089 6068
f 6068 6089 6090
f 6068 6090 6069
f 6069 6090 6091
f 6069 6091 6070
f 6070 6091 6092
f 6070 6092 6071
f 6071 6092 6093
f 6071 6093 6072
f 6072 6093 6094
f 6072 6094 6073
f 6073 6094 6095
f 6073 6095 6074
f 6074 6095 6096
f 6074 6096 6075
f 6075 6096 6097
f 6075 6097 6076
f 6076 6097 6098
f 6076 6098 6077
f 6077 6098 6099
f 6077 6099 6078
f 6078 6099 6100
f 6078 6100 5924
f 6079 5901 6101
f 6079 6101 6080
f 6080 6101 6102
f 6080 6102 6081
f 6081 6102 6103
f 6081 6103 6082
f 6082 6103 6104
f 6082 6104 6083
f 6083 6104 6105
f 6083 6105 6084
f 6084 6105 6106
f 6084 6106 6085
f 6085 6106 6107
f 6085 6107 6086
f 6086 6107 6108
f 6086 6108 6087
f 6087 6108 6109
f 6087 6109 6088
f 6088 6109 6110
f 6088 6110 6089
f 6089 6110 6111
f 6089 6111 6090
f 6090 6111 6112
f 6090 6112 6091
f 6091 6112 6113
f 6091 6113 6092
f 6092 6113 6114
f 6092 6114 6093
f 6093 6114 6115
f 6093 6115 6094
f 6094 6115 6116
f 6094 6116 6095
f 6095 6116 6117
f 6095 6117 6096
f 6096 6117 6118
f 6096 6118 6097
f 6097 6118 6119
f 6097 6119 6098
f 6098 6119 6120
f 6098 6120 6099
f 6099 6120 6121
f 6099 6121 6100
f 6100 6121 6122
f 6100 6122 5924
f 6101 5901 6123
f 6101 6123 6102
f 6102 6123 6124
f 6102 6124 6103
f 6103 6124 6125
f 6103 6125 6104
f 6104 6125 6126
f 6104 6126 6105
f 6105 6126 6127
f 6105 6127 6106
f 6106 6127 6128
f 6106 6128 6107
f 6107 6128 6129
f 6107 6129 6108
f 6108 6129 6130
f 6108 6130 6109
f 6109 6130 6131
f 6109 6131 6110
f 6110 6131 6132
f 6110 6132 6111
f 6111 6132 6133
f 6111 6133 6112
f 6112 6133 6134
f 6112 6134 6113
f 6113 6134 6135
f 6113 6135 6114
f 6114 6135 6136
f 6114 6136 6115
f 6115 6136 6137
f 6115 6137 6116
f 6116 6137 6138
f 6116 6138 6117
f 6117 6138 6139
f 6117 6139 6118
f 6118 6139 6140
f 6118 6140 6119
f 6119 6140 6141
f 6119 6141 6120
f 6120 6141 6142
f 6120 6142 6121
f 6121 6142 6143
f 6121 6143 6122
f 6122 6143 6144
f 6122 6144 5924
f 6123 5901 6145
f 6123 6145 6124
f 6124 6145 6146
f 6124 6146 6125
f 6125 6146 6147
f 6125 6147 6126
f 6126 6147 6148
f 6126 6148 6127
f 6127 6148 6149
f 6127 6149 6128
f 6128 6149 6150
f 6128 6150 6129
f 6129 6150 6151
f 6129 6151 6130
f 6130 6151 6152
f 6130 6152 6131
f 6131 6152 6153
f 6131 6153 6132
f 6132 6153 6154
f 6132 6154 6133
f 6133 6154 6155
f 6133 6155 6134
f 6134 6155 6156
f 6134 6156 6135
f 6135 6156 6157
f 6135 6157 6136
f 6136 6157 6158
f 6136 6158 6137
f 6137 6158 6159
f 6137 6159 6138
f 6138 6159 6160
f 6138 6160 6139
f 6139 6160 6161
f 6139 6161 6140
f 6140 6161 6162
f 6140 6162 6141
f 6141 6162 6163
f 6141 6163 6142
f 6142 6163 6164
f 6142 6164 6143
f 6143 6164 6165
f 6143 6165 6144
f 6144 6165 6166
f 6144 6166 5924
f 6145 5901 6167
f 6145 6167 6146
f 6146 6167 6168
f 6146 6168 6147
f 6147 6168 6169
f 6147 6169 6148
f 6148 6169 6170
f 6148 6170 6149
f 6149 6170 6171
f 6149 6171 6150
f 6150 6171 6172
f 6150 6172 6151
f 6151 6172 6173
f 6151 6173 6152
f 6152 6173 6174
f 6152 6174 6153
f 6153 6174 6175
f 6153 6175 6154
f 6154 6175 6176
f 6154 6176 6155
f 6155 6176 6177
f 6155 6177 6156
f 6156 6177 6178
f 6156 6178 6157
f 6157 6178 6179
f 6157 6179 6158
f 6158 6179 6180
f 6158 6180 6159
f 6159 6180 6181
f 6159 6181 6160
f 6160 6181 6182
f 6160 6182 6161
f 6161 6182 6183
f 6161 6183 6162
f 6162 6183 6184
f 6162 6184 6163
f 6163 6184 6185
f 6163 6185 6164
f 6164 6185 6186
f 6164 6186 6165
f 6165 6186 6187
f 6165 6187 6166
f 6166 6187 6188
f 6166 6188 5924
f 6167 5901 6189
f 6167 6189 6168
f 6168 6189 6190
f 6168 6190 6169
f 6169 6190 6191
f 6169 6191 6170
f 6170 6191 6192
f 6170 6192 6171
f 6171 6192 6193
f 6171 6193 6172
f 6172 6193 6194
f 6172 6194 6173
f 6173 6194 6195
f 6173 6195 6174
f 6174 6195 6196
f 6174 6196 6175
f 6175 6196 6197
f 6175 6197 6176
f 6176 6197 6198
f 6176 6198 6177
f 6177 6198 6199
f 6177 6199 6178
f 6178 6199 6200
f 6178 6200 6179
f 6179 6200 6201
f 6179 6201 6180
f 6180 6201 6202
f 6180 6202 6181
f 6181 6202 6203
f 6181 6203 6182
f 6182 6203 6204
f 6182 6204 6183
f 6183 6204 6205
f 6183 6205 6184
f 6184 6205 6206
f 6184 6206 6185
f 6185 6206 6207
f 6185 6207 6186
f 6186 6207 6208
f 6186 6208 6187
f 6187 6208 6209
f 6187 6209 6188
f 6188 6209 6210
f 6188 6210 5924
f 6189 5901 6211
f 6189 6211 6190
f 6190 6211 6212
f 6190 6212 6191
f 6191 6212 6213
f 6191 6213 6192
f 6192 6213 6214
f 6192 6214 6193
f 6193 6214 6215
f 6193 6215 6194
f 6194 6215 6216
f 6194 6216 6195
f 6195 6216 6217
f 6195 6217 6196
f 6196 6217 6218
f 6196 6218 6197
f 6197 6218 6219
f 6197 6219 6198
f 6198 6219 6220
f 6198 6220 6199
f 6199 6220 6221
f 6199 6221 6200
f 6200 6221 6222
f 6200 6222 6201
f 6201 6222 6223
f 6201 6223 6202
f 6202 6223 6224
f 6202 6224 6203
f 6203 6224 6225
f 6203 6225 6204
f 6204 6225 6226
f 6204 6226 6205
f 6205 6226 6227
f 6205 6227 6206
f 6206 6227 6228
f 6206 6228 6207
f 6207 6228 6229
f 6207 6229 6208
f 6208 6229 6230
f 6208 6230 6209
f 6209 6230 6231
f 6209 6231 6210
f 6210 6231 6232
f 6210 6232 5924
f 6211 5901 6233
f 6211 6233 6212
f 6212 6233 6234
f 6212 6234 6213
f 6213 6234 6235
f 6213 6235 6214
f 6214 6235 6236
f 6214 6236 6215
f 6215 6236 6237
f 6215 6237 6216
f 6216 6237 6238
f 6216 6238 6217
f 6217 6238 6239
f 6217 6239 6218
f 6218 6239 6240
f 6218 6240 6219
f 6219 6240 6241
f 6219 6241 6220
f 6220 6241 6242
f 6220 6242 6221
f 6221 6242 6243
f 6221 6243 6222
f 6222 6243 6244
f 6222 6244 6223
f 6223 6244 6245
f 6223 6245 6224
f 6224 6245 6246
f 6224 6246 6225
f 6225 6246 6247
f 6225 6247 6226
f 6226 6247 6248
f 6226 6248 6227
f 6227 6248 6249
f 6227 6249 6228
f 6228 6249 6250
f 6228 6250 6229
f 6229 6250 6251
f 6229 6251 6230
f 6230 6251 6252
f 6230 6252 6231
f 6231 6252 6253
f 6231 6253 6232
f 6232 6253 6254
f 6232 6254 5924
f 6233 5901 6255
f 6233 6255 6234
f 6234 6255 6256
f 6234 6256 6235
f 6235 6256 6257
f 6235 6257 6236
f 6236 6257 6258
f 6236 6258 6237
f 6237 6258 6259
f 6237 6259 6238
f 6238 6259 6260
f 6238 6260 6239
f 6239 6260 6261
f 6239 6261 6240
f 6240 6261 6262
f 6240 6262 6241
f 6241 6262 6263
f 6241 6263 6242
f 6242 6263 6264
f 6242 6264 6243
f 6243 6264 6265
f 6243 6265 6244
f 6244 6265 6266
f 6244 6266 6245
f 6245 6266 6267
f 6245 6267 6246
f 6246 6267 6268
f 6246 6268 6247
f 6247 6268 6269
f 6247 6269 6248
f 6248 6269 6270
f 6248 6270 6249
f 6249 6270 6271
f 6249 6271 6250
f 6250 6271 6272
f 6250 6272 6251
f 6251 6272 6273
f 6251 6273 6252
f 6252 6273 6274
f 6252 6274 6253
f 6253 6274 6275
f 6253 6275 6254
f 6254 6275 6276
f 6254 6276 5924
f 6255 5901 6277
f 6255 6277 6256
f 6256 6277 6278
f 6256 6278 6257
f 6257 6278 6279
f 6257 6279 6258
f 6258 6279 6280
f 6258 6280 6259
f 6259 6280 6281
f 6259 6281 6260
f 6260 6281 6282
f 6260 6282 6261
f 6261 6282 6283
f 6261 6283 6262
f 6262 6283 6284
f 6262 6284 6263
f 6263 6284 6285
f 6263 6285 6264
f 6264 6285 6286
f 6264 6286 6265
f 6265 6286 6287
f 6265 6287 6266
f 6266 6287 6288
f 6266 6288 6267
f 6267 6288 6289
f 6267 6289 6268
f 6268 6289 6290
f 6268 6290 6269
f 6269 6290 6291
f 6269 6291 6270
f 6270 6291 6292
f 6270 6292 6271
f 6271 6292 6293
f 6271 6293 6272
f 6272 6293 6294
f 6272 6294 6273
f 6273 6294 6295
f 6273 6295 6274
f 6274 6295 6296
f 6274 6296 6275
f 6275 6296 6297
f 6275 6297 6276
f 6276 6297 6298
f 6276 6298 5924
f 6277 5901 6299
f 6277 6299 6278
f 6278 6299 6300
f 6278 6300 6279
f 6279 6300 6301
f 6279 6301 6280
f 6280 6301 6302
f 6280 6302 6281
f 6281 6302 6303
f 6281 6303 6282
f 6282 6303 6304
f 6282 6304 6283
f 6283 6304 6305
f 6283 6305 6284
f 6284 6305 6306
f 6284 6306 6285
f 6285 6306 6307
f 6285 6307 6286
f 6286 6307 6308
f 6286 6308 6287
f 6287 6308 6309
f 6287 6309 6288
f 6288 6309 6310
f 6288 6310 6289
f 6289 6310 6311
f 6289 6311 6290
f 6290 6311 6312
f 6290 6312 6291
f 6291 6312 6313
f 6291 6313 6292
f 6292 6313 6314
f 6292 6314 6293
f 6293 6314 6315
f 6293 6315 6294
f 6294 6315 6316
f 6294 6316 6295
f 6295 6316 6317
f 6295 6317 6296
f 6296 6317 6318
f 6296 6318 6297
f 6297 6318 6319
f 6297 6319 6298
f 6298 6319 6320
f 6298 6320 5924
f 6299 5901 6321
f 6299 6321 6300
f 6300 6321 6322
f 6300 6322 6301
f 6301 6322 6323
f 6301 6323 6302
f 6302 6323 6324
f 6302 6324 6303
f 6303 6324 6325
f 6303 6325 6304
f 6304 6325 6326
f 6304 6326 6305
f 6305 6326 6327
f 6305 6327 6306
f 6306 6327 6328
f 6306 6328 6307
f 6307 6328 6329
f 6307 6329 6308
f 6308 6329 6330
f 6308 6330 6309
f 6309 6330 6331
f 6309 6331 6310
f 6310 6331 6332
f 6310 6332 6311
f 6311 6332 6333
f 6311 6333 6312
f 6312 6333 6334
f 6312 6334 6313
f 6313 6334 6335
f 6313 6335 6314
f 6314 6335 6336
f 6314 6336 6315
f 6315 6336 6337
f 6315 6337 6316
f 6316 6337 6338
f 6316 6338 6317
f 6317 6338 6339
f 6317 6339 6318
f 6318 6339 6340
f 6318 6340 6319
f 6319 6340 6341
f 6319 6341 6320
f 6320 6341 6342
f 6320 6342 5924
f 6321 5901 6343
f 6321 6343 6322
f 6322 6343 6344
f 6322 6344 6323
f 6323 6344 6345
f 6323 6345 6324
f 6324 6345 6346
f 6324 6346 6325
f 6325 6346 6347
f 6325 6347 6326
f 6326 6347 6348
f 6326 6348 6327
f 6327 6348 6349
f 6327 6349 6328
f 6328 6349 6350
f 6328 6350 6329
f 6329 6350 6351
f 6329 6351 6330
f 6330 6351 6352
f 6330 6352 6331
f 6331 6352 6353
f 6331 6353 6332
f 6332 6353 6354
f 6332 6354 6333
f 6333 6354 6355
f 6333 6355 6334
f 6334 6355 6356
f 6334 6356 6335
f 6335 6356 6357
f 6335 6357 6336
f 6336 6357 6358
f 6336 6358 6337
f 6337 6358 6359
f 6337 6359 6338
f 6338 6359 6360
f 6338 6360 6339
f 6339 6360 6361
f 6339 6361 6340
f 6340 6361 6362
f 6340 6362 6341
f 6341 6362 6363
f 6341 6363 6342
f 6342 6363 6364
f 6342 6364 5924
f 6343 5901 6365
f 6343 6365 6344
f 6344 6365 6366
f 6344 6366 6345
f 6345 6366 6367
f 6345 6367 6346
f 6346 6367 6368
f 6346 6368 6347
f 6347 6368 6369
f 6347 6369 6348
f 6348 6369 6370
f 6348 6370 6349
f 6349 6370 6371
f 6349 6371 6350
f 6350 6371 6372
f 6350 6372 6351
f 6351 6372 6373
f 6351 6373 6352
f 6352 6373 6374
f 6352 6374 6353
f 6353 6374 6375
f 6353 6375 6354
f 6354 6375 6376
f 6354 6376 6355
f 6355 6376 6377
f 6355 6377 6356
f 6356 6377 6378
f 6356 6378 6357
f 6357 6378 6379
f 6357 6379 6358
f 6358 6379 6380
f 6358 6380 6359
f 6359 6380 6381
f 6359 6381 6360
f 6360 6381 6382
f 6360 6382 6361
f 6361 6382 6383
f 6361 6383 6362
f 6362 6383 6384
f 6362 6384 6363
f 6363 6384 6385
f 6363 6385 6364
f 6364 6385 6386
f 6364 6386 5924
f 6365 5901 6387
f 6365 6387 6366
f 6366 6387 6388
f 6366 6388 6367
f 6367 6388 6389
f 6367 6389 6368
f 6368 6389 6390
f 6368 6390 6369
f 6369 6390 6391
f 6369 6391 6370
f 6370 6391 6392
f 6370 6392 6371
f 6371 6392 6393
f 6371 6393 6372
f 6372 6393 6394
f 6372 6394 6373
f 6373 6394 6395
f 6373 6395 6374
f 6374 6395 6396
f 6374 6396 6375
f 6375 6396 6397
f 6375 6397 6376
f 6376 6397 6398
f 6376 6398 6377
f 6377 6398 6399
f 6377 6399 6378
f 6378 6399 6400
f 6378 6400 6379
f 6379 6400 6401
f 6379 6401 6380
f 6380 6401 6402
f 6380 6402 6381
f 6381 6402 6403
f 6381 6403 6382
f 6382 6403 6404
f 6382 6404 6383
f 6383 6404 6405
f 6383 6405 6384
f 6384 6405 6406
f 6384 6406 6385
f 6385 6406 6407
f 6385 6407 6386
f 6386 6407 6408
f 6386 6408 5924
f 6387 5901 6409
f 6387 6409 6388
f 6388 6409 6410
f 6388 6410 6389
f 6389 6410 6411
f 6389 6411 6390
f 6390 6411 6412
f 6390 6412 6391
f 6391 6412 6413
f 6391 6413 6392
f 6392 6413 6414
f 6392 6414 6393
f 6393 6414 6415
f 6393 6415 6394
f 6394 6415 6416
f 6394 6416 6395
f 6395 6416 6417
f 6395 6417 6396
f 6396 6417 6418
f 6396 6418 6397
f 6397 6418 6419
f 6397 6419 6398
f 6398 6419 6420
f 6398 6420 6399
f 6399 6420 6421
f 6399 6421 6400
f 6400 6421 6422
f 6400 6422 6401
f 6401 6422 6423
f 6401 6423 6402
f 6402 6423 6424
f 6402 6424 6403
f 6403 6424 6425
f 6403 6425 6404
f 6404 6425 6426
f 6404 6426 6405
f 6405 6426 6427
f 6405 6427 6406
f 6406 6427 6428
f 6406 6428 6407
f 6407 6428 6429
f 6407 6429 6408
f 6408 6429 6430
f 6408 6430 5924
f 6409 5901 5902
f 6409 5902 6410
f 6410 5902 5903
f 6410 5903 6411
f 6411 5903 5904
f 6411 5904 6412
f 6412 5904 5905
f 6412 5905 6413
f 6413 5905 5906
f 6413 5906 6414
f 6414 5906 5907
f 6414 5907 6415
f 6415 5907 5908
f 6415 5908 6416
f 6416 5908 5909
f 6416 5909 6417
f 6417 5909 5910
f 6417 5910 6418
f 6418 5910 5911
f 6418 5911 6419
f 6419 5911 5912
f 6419 5912 6420
f 6420 5912 5913
f 6420 5913 6421
f 6421 5913 5914
f 6421 5914 6422
f 6422 5914 5915
f 6422 5915 6423
f 6423 5915 5916
f 6423 5916 6424
f 6424 5916 5917
f 6424 5917 6425
f 6425 5917 5918
f 6425 5918 6426
f 6426 5918 5919
f 6426 5919 6427
f 6427 5919 5920
f 6427 5920 6428
f 6428 5920 5921
f 6428 5921 6429
f 6429 5921 5922
f 6429 5922 6430
f 6430 5922 5923
f 6430 5923 5924
f 6432 6431 6455
f 6432 6455 6433
f 6433 6455 6456
f 6433 6456 6434
f 6434 6456 6457
f 6434 6457 6435
f 6435 6457 6458
f 6435 6458 6436
f 6436 6458 6459
f 6436 6459 6437
f 6437 6459 6460
f 6437 6460 6438
f 6438 6460 6461
f 6438 6461 6439
f 6439 6461 6462
f 6439 6462 6440
f 6440 6462 6463
f 6440 6463 6441
f 6441 6463 6464
f 6441 6464 6442
f 6442 6464 6465
f 6442 6465 6443
f 6443 6465 6466
f 6443 6466 6444
f 6444 6466 6467
f 6444 6467 6445
f 6445 6467 6468
f 6445 6468 6446
f 6446 6468 6469
f 6446 6469 6447
f 6447 6469 6470
f 6447 6470 6448
f 6448 6470 6471
f 6448 6471 6449
f 6449 6471 6472
f 6449 6472 6450
f 6450 6472 6473
f 6450 6473 6451
f 6451 6473 6474
f 6451 6474 6452
f 6452 6474 6475
f 6452 6475 6453
f 6453 6475 6476
f 6453 6476 6454
f 6455 6431 6477
f 6455 6477 6456
f 6456 6477 6478
f 6456 6478 6457
f 6457 6478 6479
f 6457 6479 6458
f 6458 6479 6480
f 6458 6480 6459
f 6459 6480 6481
f 6459 6481 6460
f 6460 6481 6482
f 6460 6482 6461
f 6461 6482 6483
f 6461 6483 6462
f 6462 6483 6484
f 6462 6484 6463
f 6463 6484 6485
f 6463 6485 6464
f 6464 6485 6486
f 6464 6486 6465
f 6465 6486 6487
f 6465 6487 6466
f 6466 6487 6488
f 6466 6488 6467
f 6467 6488 6489
f 6467 6489 6468
f 6468 6489 6490
f 6468 6490 6469
f 6469 6490 6491
f 6469 6491 6470
f 6470 6491 6492
f 6470 6492 6471
f 6471 6492 6493
f 6471 6493 6472
f 6472 6493 6494
f 6472 6494 6473
f 6473 6494 6495
f 6473 6495 6474
f 6474 6495 6496
f 6474 6496 6475
f 6475 6496 6497
f 6475 6497 6476
f 6476 6497 6498
f 6476 6498 6454
f 6477 6431 6499
f 6477 6499 6478
f 6478 6499 6500
f 6478 6500 6479
f 6479 6500 6501
f 6479 6501 6480
f 6480 6501 6502
f 6480 6502 6481
f 6481 6502 6503
f 6481 6503 6482
f 6482 6503 6504
f 6482 6504 6483
f 6483 6504 6505
f 6483 6505 6484
f 6484 6505 6506
f 6484 6506 6485
f 6485 6506 6507
f 6485 6507 6486
f 6486 6507 6508
f 6486 6508 6487
f 6487 6508 6509
f 6487 6509 6488
f 6488 6509 6510
f 6488 6510 6489
f 6489 6510 6511
f 6489 6511 6490
f 6490 6511 6512
f 6490 6512 6491
f 6491 6512 6513
f 6491 6513 6492
f 6492 6513 6514
f 6492 6514 6493
f 6493 6514 6515
f 6493 6515 6494
f 6494 6515 6516
f 6494 6516 6495
f 6495 6516 6517
f 6495 6517 6496
f 6496 6517 6518
f 6496 6518 6497
f 6497 6518 6519
f 6497 6519 6498
f 6498 6519 6520
f 6498 6520 6454
f 6499 6431 6521
f 6499 6521 6500
f 6500 6521 6522
f 6500 6522 6501
f 6501 6522 6523
f 6501 6523 6502
f 6502 6523 6524
f 6502 6524 6503
f 6503 6524 6525
f 6503 6525 6504
f 6504 6525 6526
f 6504 6526 6505
f 6505 6526 6527
f 6505 6527 6506
f 6506 6527 6528
f 6506 6528 6507
f 6507 6528 6529
f 6507 6529 6508
f 6508 6529 6530
f 6508 6530 6509
f 6509 6530 6531
f 6509 6531 6510
f 6510 6531 6532
f 6510 6532 6511
f 6511 6532 6533
f 6511 6533 6512
f 6512 6533 6534
f 6512 6534 6513
f 6513 6534 6535
f 6513 6535 6514
f 6514 6535 6536
f 6514 6536 6515
f 6515 6536 6537
f 6515 6537 6516
f 6516 6537 6538
f 6516 6538 6517
f 6517 6538 6539
f 6517 6539 6518
f 6518 6539 6540
f 6518 6540 6519
f 6519 6540 6541
f 6519 6541 6520
f 6520 6541 6542
f 6520 6542 6454
f 6521 6431 6543
f 6521 6543 6522
f 6522 6543 6544
f 6522 6544 6523
f 6523 6544 6545
f 6523 6545 6524
f 6524 6545 6546
f 6524 6546 6525
f 6525 6546 6547
f 6525 6547 6526
f 6526 6547 6548
f 6526 6548 6527
f 6527 6548 6549
f 6527 6549 6528
f 6528 6549 6550
f 6528 6550 6529
f 6529 6550 6551
f 6529 6551 6530
f 6530 6551 6552
f 6530 6552 6531
f 6531 6552 6553
f 6531 6553 6532
f 6532 6553 6554
f 6532 6554 6533
f 6533 6554 6555
f 6533 6555 6534
f 6534 6555 6556
f 6534 6556 6535
f 6535 6556 6557
f 6535 6557 6536
f 6536 6557 6558
f 6536 6558 6537
f 6537 6558 6559
f 6537 6559 6538
f 6538 6559 6560
f 6538 6560 6539
f 6539 6560 6561
f 6539 6561 6540
f 6540 6561 6562
f 6540 6562 6541
f 6541 6562 6563
f 6541 6563 6542
f 6542 6563 6564
f 6542 6564 6454
f 6543 6431 6565
f 6543 6565 6544
f 6544 6565 6566
f 6544 6566 6545
f 6545 6566 6567
f 6545 6567 6546
f 6546 6567 6568
f 6546 6568 6547
f 6547 6568 6569
f 6547 6569 6548
f 6548 6569 6570
f 6548 6570 6549
f 6549 6570 6571
f 6549 6571 6550
f 6550 6571 6572
f 6550 6572 6551
f 6551 6572 6573
f 6551 6573 6552
f 6552 6573 6574
f 6552 6574 6553
f 6553 6574 6575
f 6553 6575 6554
f 6554 6575 6576
f 6554 6576 6555
f 6555 6576 6577
f 6555 6577 6556
f 6556 6577 6578
f 6556 6578 6557
f 6557 6578 6579
f 6557 6579 6558
f 6558 6579 6580
f 6558 6580 6559
f 6559 6580 6581
f 6559 6581 6560
f 6560 6581 6582
f 6560 6582 6561
f 6561 6582 6583
f 6561 6583 6562
f 6562 6583 6584
f 6562 6584 6563
f 6563 6584 6585
f 6563 6585 6564
f 6564 6585 6586
f 6564 6586 6454
f 6565 6431 6587
f 6565 6587 6566
f 6566 6587 6588
f 6566 6588 6567
f 6567 6588 6589
f 6567 6589 6568
f 6568 6589 6590
f 6568 6590 6569
f 6569 6590 6591
f 6569 6591 6570
f 6570 6591 6592
f 6570 6592 6571
f 6571 6592 6593
f 6571 6593 6572
f 6572 6593 6594
f 6572 6594 6573
f 6573 6594 6595
f 6573 6595 6574
f 6574 6595 6596
f 6574 6596 6575
f 6575 6596 6597
f 6575 6597 6576
f 6576 6597 6598
f 6576 6598 6577
f 6577 6598 6599
f 6577 6599 6578
f 6578 6599 6600
f 6578 6600 6579
f 6579 6600 6601
f 6579 6601 6580
f 6580 6601 6602
f 6580 6602 6581
f 6581 6602 6603
f 6581 6603 6582
f 6582 6603 6604
f 6582 6604 6583
f 6583 6604 6605
f 6583 6605 6584
f 6584 6605 6606
f 6584 6606 6585
f 6585 6606 6607
f 6585 6607 6586
f 6586 6607 6608
f 6586 6608 6454
f 6587 6431 6609
f 6587 6609 6588
f 6588 6609 6610
f 6588 6610 6589
f 6589 6610 6611
f 6589 6611 6590
f 6590 6611 6612
f 6590 6612 6591
f 6591 6612 6613
f 6591 6613 6592
f 6592 6613 6614
f 6592 6614 6593
f 6593 6614 6615
f 6593 6615 6594
f 6594 6615 6616
f 6594 6616 6595
f 6595 6616 6617
f 6595 6617 6596
f 6596 6617 6618
f 6596 6618 6597
f 6597 6618 6619
f 6597 6619 6598
f 6598 6619 6620
f 6598 6620 6599
f 6599 6620 6621
f 6599 6621 6600
f 6600 6621 6622
f 6600 6622 6601
f 6601 6622 6623
f 6601 6623 6602
f 6602 6623 6624
f 6602 6624 6603
f 6603 6624 6625
f 6603 6625 6604
f 6604 6625 6626
f 6604 6626 6605
f 6605 6626 6627
f 6605 6627 6606
f 6606 6627 6628
f 6606 6628 6607
f 6607 6628 6629
f 6607 6629 6608
f 6608 6629 6630
f 6608 6630 6454
f 6609 6431 6631
f 6609 6631 6610
f 6610 6631 6632
f 6610 6632 6611
f 6611 6632 6633
f 6611 6633 6612
f 6612 6633 6634
f 6612 6634 6613
f 6613 6634 6635
f 6613 6635 6614
f 6614 6635 6636
f 6614 6636 6615
f 6615 6636 6637
f 6615 6637 6616
f 6616 6637 6638
f 6616 6638 6617
f 6617 6638 6639
f 6617 6639 6618
f 6618 6639 6640
f 6618 6640 6619
f 6619 6640 6641
f 6619 6641 6620
f 6620 6641 6642
f 6620 6642 6621
f 6621 6642 6643
f 6621 6643 6622
f 6622 6643 6644
f 6622 6644 6623
f 6623 6644 6645
f 6623 6645 6624
f 6624 6645 6646
f 6624 6646 6625
f 6625 6646 6647
f 6625 6647 6626
f 6626 6647 6648
f 6626 6648 6627
f 6627 6648 6649
f 6627 6649 6628
f 6628 6649 6650
f 6628 6650 6629
f 6629 6650 6651
f 6629 6651 6630
f 6630 6651 6652
f 6630 6652 6454
f 6631 6431 6653
f 6631 6653 6632
f 6632 6653 6654
f 6632 6654 6633
f 6633 6654 6655
f 6633 6655 6634
f 6634 6655 6656
f 6634 6656 6635
f 6635 6656 6657
f 6635 6657 6636
f 6636 6657 6658
f 6636 6658 6637
f 6637 6658 6659
f 6637 6659 6638
f 6638 6659 6660
f 6638 6660 6639
f 6639 6660 6661
f 6639 6661 6640
f 6640 6661 6662
f 6640 6662 6641
f 6641 6662 6663
f 6641 6663 6642
f 6642 6663 6664
f 6642 6664 6643
f 6643 6664 6665
f 6643 6665 6644
f 6644 6665 6666
f 6644 6666 6645
f 6645 6666 6667
f 6645 6667 6646
f 6646 6667 6668
f 6646 6668 6647
f 6647 6668 6669
f 6647 6669 6648
f 6648 6669 6670
f 6648 6670 6649
f 6649 6670 6671
f 6649 6671 6650
f 6650 6671 6672
f 6650 6672 6651
f 6651 6672 6673
f 6651 6673 6652
f 6652 6673 6674
f 6652 6674 6454
f 6653 6431 6675
f 6653 6675 6654
f 6654 6675 6676
f 6654 6676 6655
f 6655 6676 6677
f 6655 6677 6656
f 6656 6677 6678
f 6656 6678 6657
f 6657 6678 6679
f 6657 6679 6658
f 6658 6679 6680
f 6658 6680 6659
f 6659 6680 6681
f 6659 6681 6660
f 6660 6681 6682
f 6660 6682 6661
f 6661 6682 6683
f 6661 6683 6662
f 6662 6683 6684
f 6662 6684 6663
f 6663 6684 6685
f 6663 6685 6664
f 6664 6685 6686
f 6664 6686 6665
f 6665 6686 6687
f 6665 6687 6666
f 6666 6687 6688
f 6666 6688 6667
f 6667 6688 6689
f 6667 6689 6668
f 6668 6689 6690
f 6668 6690 6669
f 6669 6690 6691
f 6669 6691 6670
f 6670 6691 6692
f 6670 6692 6671
f 6671 6692 6693
f 6671 6693 6672
f 6672 6693 6694
f 6672 6694 6673
f 6673 6694 6695
f 6673 6695 6674
f 6674 6695 6696
f 6674 6696 6454
f 6675 6431 6697
f 6675 6697 6676
f 6676 6697 6698
f 6676 6698 6677
f 6677 6698 6699
f 6677 6699 6678
f 6678 6699 6700
f 6678 6700 6679
f 6679 6700 6701
f 6679 6701 6680
f 6680 6701 6702
f 6680 6702 6681
f 6681 6702 6703
f 6681 6703 6682
f 6682 6703 6704
f 6682 6704 6683
f 6683 6704 6705
f 6683 6705 6684
f 6684 6705 6706
f 6684 6706 6685
f 6685 6706 6707
f 6685 6707 6686
f 6686 6707 6708
f 6686 6708 6687
f 6687 6708 6709
f 6687 6709 6688
f 6688 6709 6710
f 6688 6710 6689
f 6689 6710 6711
f 6689 6711 6690
f 6690 6711 6712
f 6690 6712 6691
f 6691 6712 6713
f 6691 6713 6692
f 6692 6713 6714
f 6692 6714 6693
f 6693 6714 6715
f 6693 6715 6694
f 6694 6715 6716
f 6694 6716 6695
f 6695 6716 6717
f 6695 6717 6696
f 6696 6717 6718
f 6696 6718 6454
f 6697 6431 6719
f 6697 6719 6698
f 6698 6719 6720
f 6698 6720 6699
f 6699 6720 6721
f 6699 6721 6700
f 6700 6721 6722
f 6700 6722 6701
f 6701 6722 6723
f 6701 6723 6702
f 6702 6723 6724
f 6702 6724 6703
f 6703 6724 6725
f 6703 6725 6704
f 6704 6725 6726
f 6704 6726 6705
f 6705 6726 6727
f 6705 6727 6706
f 6706 6727 6728
f 6706 6728 6707
f 6707 6728 6729
f 6707 6729 6708
f 6708 6729 6730
f 6708 6730 6709
f 6709 6730 6731
f 6709 6731 6710
f 6710 6731 6732
f 6710 6732 6711
f 6711 6732 6733
f 6711 6733 6712
f 6712 6733 6734
f 6712 6734 6713
f 6713 6734 6735
f 6713 6735 6714
f 6714 6735 6736
f 6714 6736 6715
f 6715 6736 6737
f 6715 6737 6716
f 6716 6737 6738
f 6716 6738 6717
f 6717 6738 6739
f 6717 6739 6718
f 6718 6739 6740
f 6718 6740 6454
f 6719 6431 6741
f 6719 6741 6720
f 6720 6741 6742
f 6720 6742 6721
f 6721 6742 6743
f 6721 6743 6722
f 6722 6743 6744
f 6722 6744 6723
f 6723 6744 6745
f 6723 6745 6724
f 6724 6745 6746
f 6724 6746 6725
f 6725 6746 6747
f 6725 6747 6726
f 6726 6747 6748
f 6726 6748 6727
f 6727 6748 6749
f 6727 6749 6728
f 6728 6749 6750
f 6728 6750 6729
f 6729 6750 6751
f 6729 6751 6730
f 6730 6751 6752
f 6730 6752 6731
f 6731 6752 6753
f 6731 6753 6732
f 6732 6753 6754
f 6732 6754 6733
f 6733 6754 6755
f 6733 6755 6734
f 6734 6755 6756
f 6734 6756 6735
f 6735 6756 6757
f 6735 6757 6736
f 6736 6757 6758
f 6736 6758 6737
f 6737 6758 6759
f 6737 6759 6738
f 6738 6759 6760
f 6738 6760 6739
f 6739 6760 6761
f 6739 6761 6740
f 6740 6761 6762
f 6740 6762 6454
f 6741 6431 6763
f 6741 6763 6742
f 6742 6763 6764
f 6742 6764 6743
f 6743 6764 6765
f 6743 6765 6744
f 6744 6765 6766
f 6744 6766 6745
f 6745 6766 6767
f 6745 6767 6746
f 6746 6767 6768
f 6746 6768 6747
f 6747 6768 6769
f 6747 6769 6748
f 6748 6769 6770
f 6748 6770 6749
f 6749 6770 6771
f 6749 6771 6750
f 6750 6771 6772
f 6750 6772 6751
f 6751 6772 6773
f 6751 6773 6752
f 6752 6773 6774
f 6752 6774 6753
f 6753 6774 6775
f 6753 6775 6754
f 6754 6775 6776
f 6754 6776 6755
f 6755 6776 6777
f 6755 6777 6756
f 6756 6777 6778
f 6756 6778 6757
f 6757 6778 6779
f 6757 6779 6758
f 6758 6779 6780
f 6758 6780 6759
f 6759 6780 6781
f 6759 6781 6760
f 6760 6781 6782
f 6760 6782 6761
f 6761 6782 6783
f 6761 6783 6762
f 6762 6783 6784
f 6762 6784 6454
f 6763 6431 6785
f 6763 6785 6764
f 6764 6785 6786
f 6764 6786 6765
f 6765 6786 6787
f 6765 6787 6766
f 6766 6787 6788
f 6766 6788 6767
f 6767 6788 6789
f 6767 6789 6768
f 6768 6789 6790
f 6768 6790 6769
f 6769 6790 6791
f 6769 6791 6770
f 6770 6791 6792
f 6770 6792 6771
f 6771 6792 6793
f 6771 6793 6772
f 6772 6793 6794
f 6772 6794 6773
f 6773 6794 6795
f 6773 6795 6774
f 6774 6795 6796
f 6774 6796 6775
f 6775 6796 6797
f 6775 6797 6776
f 6776 6797 6798
f 6776 6798 6777
f 6777 6798 6799
f 6777 6799 6778
f 6778 6799 6800
f 6778 6800 6779
f 6779 6800 6801
f 6779 6801 6780
f 6780 6801 6802
f 6780 6802 6781
f 6781 6802 6803
f 6781 6803 6782
f 6782 6803 6804
f 6782 6804 6783
f 6783 6804 6805
f 6783 6805 6784
f 6784 6805 6806
f 6784 6806 6454
f 6785 6431 6807
f 6785 6807 6786
f 6786 6807 6808
f 6786 6808 6787
f 6787 6808 6809
f 6787 6809 6788
f 6788 6809 6810
f 6788 6810 6789
f 6789 6810 6811
f 6789 6811 6790
f 6790 6811 6812
f 6790 6812 6791
f 6791 6812 6813
f 6791 6813 6792
f 6792 6813 6814
f 6792 6814 6793
f 6793 6814 6815
f 6793 6815 6794
f 6794 6815 6816
f 6794 6816 6795
f 6795 6816 6817
f 6795 6817 6796
f 6796 6817 6818
f 6796 6818 6797
f 6797 6818 6819
f 6797 6819 6798
f 6798 6819 6820
f 6798 6820 6799
f 6799 6820 6821
f 6799 6821 6800
f 6800 6821 6822
f 6800 6822 6801
f 6801 6822 6823
f 6801 6823 6802
f 6802 6823 6824
f 6802 6824 6803
f 6803 6824 6825
f 6803 6825 6804
f 6804 6825 6826
f 6804 6826 6805
f 6805 6826 6827
f 6805 6827 6806
f 6806 6827 6828
f 6806 6828 6454
f 6807 6431 6829
f 6807 6829 6808
f 6808 6829 6830
f 6808 6830 6809
f 6809 6830 6831
f 6809 6831 6810
f 6810 6831 6832
f 6810 6832 6811
f 6811 6832 6833
f 6811 6833 6812
f 6812 6833 6834
f 6812 6834 6813
f 6813 6834 6835
f 6813 6835 6814
f 6814 6835 6836
f 6814 6836 6815
f 6815 6836 6837
f 6815 6837 6816
f 6816 6837 6838
f 6816 6838 6817
f 6817 6838 6839
f 6817 6839 6818
f 6818 6839 6840
f 6818 6840 6819
f 6819 6840 6841
f 6819 6841 6820
f 6820 6841 6842
f 6820 6842 6821
f 6821 6842 6843
f 6821 6843 6822
f 6822 6843 6844
f 6822 6844 6823
f 6823 6844 6845
f 6823 6845 6824
f 6824 6845 6846
f 6824 6846 6825
f 6825 6846 6847
f 6825 6847 6826
f 6826 6847 6848
f 6826 6848 6827
f 6827 6848 6849
f 6827 6849 6828
f 6828 6849 6850
f 6828 6850 6454
f 6829 6431 6851
f 6829 6851 6830
f 6830 6851 6852
f 6830 6852 6831
f 6831 6852 6853
f 6831 6853 6832
f 6832 6853 6854
f 6832 6854 6833
f 6833 6854 6855
f 6833 6855 6834
f 6834 6855 6856
f 6834 6856 6835
f 6835 6856 6857
f 6835 6857 6836
f 6836 6857 6858
f 6836 6858 6837
f 6837 6858 6859
f 6837 6859 6838
f 6838 6859 6860
f 6838 6860 6839
f 6839 6860 6861
f 6839 6861 6840
f 6840 6861 6862
f 6840 6862 6841
f 6841 6862 6863
f 6841 6863 6842
f 6842 6863 6864
f 6842 6864 6843
f 6843 6864 6865
f 6843 6865 6844
f 6844 6865 6866
f 6844 6866 6845
f 6845 6866 6867
f 6845 6867 6846
f 6846 6867 6868
f 6846 6868 6847
f 6847 6868 6869
f 6847 6869 6848
f 6848 6869 6870
f 6848 6870 6849
f 6849 6870 6871
f 6849 6871 6850
f 6850 6871 6872
f 6850 6872 6454
f 6851 6431 6873
f 6851 6873 6852
f 6852 6873 6874
f 6852 6874 6853
f 6853 6874 6875
f 6853 6875 6854
f 6854 6875 6876
f 6854 6876 6855
f 6855 6876 6877
f 6855 6877 6856
f 6856 6877 6878
f 6856 6878 6857
f 6857 6878 6879
f 6857 6879 6858
f 6858 6879 6880
f 6858 6880 6859
f 6859 6880 6881
f 6859 6881 6860
f 6860 6881 6882
f 6860 6882 6861
f 6861 6882 6883
f 6861 6883 6862
f 6862 6883 6884
f 6862 6884 6863
f 6863 6884 6885
f 6863 6885 6864
f 6864 6885 6886
f 6864 6886 6865
f 6865 6886 6887
f 6865 6887 6866
f 6866 6887 6888
f 6866 6888 6867
f 6867 6888 6889
f 6867 6889 6868
f 6868 6889 6890
f 6868 6890 6869
f 6869 6890 6891
f 6869 6891 6870
f 6870 6891 6892
f 6870 6892 6871
f 6871 6892 6893
f 6871 6893 6872
f 6872 6893 6894
f 6872 6894 6454
f 6873 6431 6895
f 6873 6895 6874
f 6874 6895 6896
f 6874 6896 6875
f 6875 6896 6897
f 6875 6897 6876
f 6876 6897 6898
f 6876 6898 6877
f 6877 6898 6899
f 6877 6899 6878
f 6878 6899 6900
f 6878 6900 6879
f 6879 6900 6901
f 6879 6901 6880
f 6880 6901 6902
f 6880 6902 6881
f 6881 6902 6903
f 6881 6903 6882
f 6882 6903 6904
f 6882 6904 6883
f 6883 6904 6905
f 6883 6905 6884
f 6884 6905 6906
f 6884 6906 6885
f 6885 6906 6907
f 6885 6907 6886
f 6886 6907 6908
f 6886 6908 6887
f 6887 6908 6909
f 6887 6909 6888
f 6888 6909 6910
f 6888 6910 6889
f 6889 6910 6911
f 6889 6911 6890
f 6890 6911 6912
f 6890 6912 6891
f 6891 6912 6913
f 6891 6913 6892
f 6892 6913 6914
f 6892 6914 6893
f 6893 6914 6915
f 6893 6915 6894
f 6894 6915 6916
f 6894 6916 6454
f 6895 6431 6917
f 6895 6917 6896
f 6896 6917 6918
f 6896 6918 6897
f 6897 6918 6919
f 6897 6919 6898
f 6898 6919 6920
f 6898 6920 6899
f 6899 6920 6921
f 6899 6921 6900
f 6900 6921 6922
f 6900 6922 6901
f 6901 6922 6923
f 6901 6923 6902
f 6902 6923 6924
f 6902 6924 6903
f 6903 6924 6925
f 6903 6925 6904
f 6904 6925 6926
f 6904 6926 6905
f 6905 6926 6927
f 6905 6927 6906
f 6906 6927 6928
f 6906 6928 6907
f 6907 6928 6929
f 6907 6929 6908
f 6908 6929 6930
f 6908 6930 6909
f 6909 6930 6931
f 6909 6931 6910
f 6910 6931 6932
f 6910 6932 6911
f 6911 6932 6933
f 6911 6933 6912
f 6912 6933 6934
f 6912 6934 6913
f 6913 6934 6935
f 6913 6935 6914
f 6914 6935 6936
f 6914 6936 6915
f 6915 6936 6937
f 6915 6937 6916
f 6916 6937 6938
f 6916 6938 6454
f 6917 6431 6939
f 6917 6939 6918
f 6918 6939 6940
f 6918 6940 6919
f 6919 6940 6941
f 6919 6941 6920
f 6920 6941 6942
f 6920 6942 6921
f 6921 6942 6943
f 6921 6943 6922
f 6922 6943 6944
f 6922 6944 6923
f 6923 6944 6945
f 6923 6945 6924
f 6924 6945 6946
f 6924 6946 6925
f 6925 6946 6947
f 6925 6947 6926
f 6926 6947 6948
f 6926 6948 6927
f 6927 6948 6949
f 6927 6949 6928
f 6928 6949 6950
f 6928 6950 6929
f 6929 6950 6951
f 6929 6951 6930
f 6930 6951 6952
f 6930 6952 6931
f 6931 6952 6953
f 6931 6953 6932
f 6932 6953 6954
f 6932 6954 6933
f 6933 6954 6955
f 6933 6955 6934
f 6934 6955 6956
f 6934 6956 6935
f 6935 6956 6957
f 6935 6957 6936
f 6936 6957 6958
f 6936 6958 6937
f 6937 6958 6959
f 6937 6959 6938
f 6938 6959 6960
f 6938 6960 6454
f 6939 6431 6432
f 6939 6432 6940
f 6940 6432 6433
f 6940 6433 6941
f 6941 6433 6434
f 6941 6434 6942
f 6942 6434 6435
f 6942 6435 6943
f 6943 6435 6436
f 6943 6436 6944
f 6944 6436 6437
f 6944 6437 6945
f 6945 6437 6438
f 6945 6438 6946
f 6946 6438 6439
f 6946 6439 6947
f 6947 6439 6440
f 6947 6440 6948
f 6948 6440 6441
f 6948 6441 6949
f 6949 6441 6442
f 6949 6442 6950
f 6950 6442 6443
f 6950 6443 6951
f 6951 6443 6444
f 6951 6444 6952
f 6952 6444 6445
f 6952 6445 6953
f 6953 6445 6446
f 6953 6446 6954
f 6954 6446 6447
f 6954 6447 6955
f 6955 6447 6448
f 6955 6448 6956
f 6956 6448 6449
f 6956 6449 6957
f 6957 6449 6450
f 6957 6450 6958
f 6958 6450 6451
f 6958 6451 6959
f 6959 6451 6452
f 6959 6452 6960
f 6960 6452 6453
f 6960 6453 6454
f 6961 7098 7014
f 7098 6998 7100
f 7014 7100 6977
f 7098 7100 7014
f 6998 7099 7115
f 7099 6972 7112
f 7115 7112 7001
f 7099 7112 7115
f 6977 7113 7015
f 7113 7001 7111
f 7015 7111 6966
f 7113 7111 7015
f 6998 7115 7100
f 7115 7001 7113
f 7100 7113 6977
f 7115 7113 7100
f 6961 7014 7003
f 7014 6977 7016
f 7003 7016 6973
f 7014 7016 7003
f 6977 7015 7020
f 7015 6966 7018
f 7020 7018 6978
f 7015 7018 7020
f 6973 7019 7004
f 7019 6978 7017
f 7004 7017 6962
f 7019 7017 7004
f 6977 7020 7016
f 7020 6978 7019
f 7016 7019 6973
f 7020 7019 7016
f 6961 7003 7030
f 7003 6973 7032
f 7030 7032 6982
f 7003 7032 7030
f 6973 7004 7035
f 7004 6962 7033
f 7035 7033 6983
f 7004 7033 7035
f 6982 7036 7031
f 7036 6983 7034
f 7031 7034 6968
f 7036 7034 7031
f 6973 7035 7032
f 7035 6983 7036
f 7032 7036 6982
f 7035 7036 7032
f 6961 7030 7081
f 7030 6982 7083
f 7081 7083 6994
f 7030 7083 7081
f 6982 7031 7094
f 7031 6968 7092
f 7094 7092 6997
f 7031 7092 7094
f 6994 7096 7082
f 7096 6997 7093
f 7082 7093 6971
f 7096 7093 7082
f 6982 7094 7083
f 7094 6997 7096
f 7083 7096 6994
f 7094 7096 7083
f 6961 7081 7098
f 7081 6994 7101
f 7098 7101 6998
f 7081 7101 7098
f 6994 7082 7119
f 7082 6971 7117
f 7119 7117 7002
f 7082 7117 7119
f 6998 7121 7099
f 7121 7002 7118
f 7099 7118 6972
f 7121 7118 7099
f 6994 7119 7101
f 7119 7002 7121
f 7101 7121 6998
f 7119 7121 7101
f 6962 7017 7056
f 7017 6978 7058
f 7056 7058 6989
f 7017 7058 7056
f 6978 7018 7071
f 7018 6966 7069
f 7071 7069 6992
f 7018 7069 7071
f 6989 7073 7057
f 7073 6992 7070
f 7057 7070 6970
f 7073 7070 7057
f 6978 7071 7058
f 7071 6992 7073
f 7058 7073 6989
f 7071 7073 7058
f 6966 7111 7022
f 7111 7001 7114
f 7022 7114 6979
f 7111 7114 7022
f 7001 7112 7116
f 7112 6972 7107
f 7116 7107 7000
f 7112 7107 7116
f 6979 7109 7021
f 7109 7000 7106
f 7021 7106 6965
f 7109 7106 7021
f 7001 7116 7114
f 7116 7000 7109
f 7114 7109 6979
f 7116 7109 7114
f 6972 7118 7103
f 7118 7002 7122
f 7103 7122 6999
f 7118 7122 7103
f 7002 7117 7120
f 7117 6971 7085
f 7120 7085 6995
f 7117 7085 7120
f 6999 7105 7102
f 7105 6995 7084
f 7102 7084 6963
f 7105 7084 7102
f 7002 7120 7122
f 7120 6995 7105
f 7122 7105 6999
f 7120 7105 7122
f 6971 7093 7088
f 7093 6997 7097
f 7088 7097 6996
f 7093 7097 7088
f 6997 7092 7095
f 7092 6968 7038
f 7095 7038 6984
f 7092 7038 7095
f 6996 7090 7087
f 7090 6984 7037
f 7087 7037 6967
f 7090 7037 7087
f 6997 7095 7097
f 7095 6984 7090
f 7097 7090 6996
f 7095 7090 7097
f 6968 7034 7050
f 7034 6983 7052
f 7050 7052 6988
f 7034 7052 7050
f 6983 7033 7041
f 7033 6962 7039
f 7041 7039 6985
f 7033 7039 7041
f 6988 7054 7051
f 7054 6985 7040
f 7051 7040 6969
f 7054 7040 7051
f 6983 7041 7052
f 7041 6985 7054
f 7052 7054 6988
f 7041 7054 7052
f 6964 7060 7010
f 7060 6990 7062
f 7010 7062 6976
f 7060 7062 7010
f 6990 7061 7068
f 7061 6970 7065
f 7068 7065 6991
f 7061 7065 7068
f 6976 7066 7011
f 7066 6991 7064
f 7011 7064 6965
f 7066 7064 7011
f 6990 7068 7062
f 7068 6991 7066
f 7062 7066 6976
f 7068 7066 7062
f 6964 7010 7006
f 7010 6976 7012
f 7006 7012 6974
f 7010 7012 7006
f 6976 7011 7013
f 7011 6965 7008
f 7013 7008 6975
f 7011 7008 7013
f 6974 7009 7005
f 7009 6975 7007
f 7005 7007 6963
f 7009 7007 7005
f 6976 7013 7012
f 7013 6975 7009
f 7012 7009 6974
f 7013 7009 7012
f 6964 7006 7026
f 7006 6974 7028
f 7026 7028 6981
f 7006 7028 7026
f 6974 7005 7025
f 7005 6963 7023
f 7025 7023 6980
f 7005 7023 7025
f 6981 7029 7027
f 7029 6980 7024
f 7027 7024 6967
f 7029 7024 7027
f 6974 7025 7028
f 7025 6980 7029
f 7028 7029 6981
f 7025 7029 7028
f 6964 7026 7042
f 7026 6981 7044
f 7042 7044 6986
f 7026 7044 7042
f 6981 7027 7047
f 7027 6967 7045
f 7047 7045 6987
f 7027 7045 7047
f 6986 7049 7043
f 7049 6987 7046
f 7043 7046 6969
f 7049 7046 7043
f 6981 7047 7044
f 7047 6987 7049
f 7044 7049 6986
f 7047 7049 7044
f 6964 7042 7060
f 7042 6986 7063
f 7060 7063 6990
f 7042 7063 7060
f 6986 7043 7078
f 7043 6969 7075
f 7078 7075 6993
f 7043 7075 7078
f 6990 7080 7061
f 7080 6993 7076
f 7061 7076 6970
f 7080 7076 7061
f 6986 7078 7063
f 7078 6993 7080
f 7063 7080 6990
f 7078 7080 7063
f 6965 7064 7021
f 7064 6991 7067
f 7021 7067 6979
f 7064 7067 7021
f 6991 7065 7074
f 7065 6970 7070
f 7074 7070 6992
f 7065 7070 7074
f 6979 7072 7022
f 7072 6992 7069
f 7022 7069 6966
f 7072 7069 7022
f 6991 7074 7067
f 7074 6992 7072
f 7067 7072 6979
f 7074 7072 7067
f 6963 7007 7102
f 7007 6975 7104
f 7102 7104 6999
f 7007 7104 7102
f 6975 7008 7108
f 7008 6965 7106
f 7108 7106 7000
f 7008 7106 7108
f 6999 7110 7103
f 7110 7000 7107
f 7103 7107 6972
f 7110 7107 7103
f 6975 7108 7104
f 7108 7000 7110
f 7104 7110 6999
f 7108 7110 7104
f 6967 7024 7087
f 7024 6980 7089
f 7087 7089 6996
f 7024 7089 7087
f 6980 7023 7086
f 7023 6963 7084
f 7086 7084 6995
f 7023 7084 7086
f 6996 7091 7088
f 7091 6995 7085
f 7088 7085 6971
f 7091 7085 7088
f 6980 7086 7089
f 7086 6995 7091
f 7089 7091 6996
f 7086 7091 7089
f 6969 7046 7051
f 7046 6987 7055
f 7051 7055 6988
f 7046 7055 7051
f 6987 7045 7048
f 7045 6967 7037
f 7048 7037 6984
f 7045 7037 7048
f 6988 7053 7050
f 7053 6984 7038
f 7050 7038 6968
f 7053 7038 7050
f 6987 7048 7055
f 7048 6984 7053
f 7055 7053 6988
f 7048 7053 7055
f 6970 7076 7057
f 7076 6993 7079
f 7057 7079 6989
f 7076 7079 7057
f 6993 7075 7077
f 7075 6969 7040
f 7077 7040 6985
f 7075 7040 7077
f 6989 7059 7056
f 7059 6985 7039
f 7056 7039 6962
f 7059 7039 7056
f 6993 7077 7079
f 7077 6985 7059
f 7079 7059 6989
f 7077 7059 7079
f 7124 7123 7147
f 7124 7147 7125
f 7125 7147 7148
f 7125 7148 7126
f 7126 7148 7149
f 7126 7149 7127
f 7127 7149 7150
f 7127 7150 7128
f 7128 7150 7151
f 7128 7151 7129
f 7129 7151 7152
f 7129 7152 7130
f 7130 7152 7153
f 7130 7153 7131
f 7131 7153 7154
f 7131 7154 7132
f 7132 7154 7155
f 7132 7155 7133
f 7133 7155 7156
f 7133 7156 7134
f 7134 7156 7157
f 7134 7157 7135
f 7135 7157 7158
f 7135 7158 7136
f 7136 7158 7159
f 7136 7159 7137
f 7137 7159 7160
f 7137 7160 7138
f 7138 7160 7161
f 7138 7161 7139
f 7139 7161 7162
f 7139 7162 7140
f 7140 7162 7163
f 7140 7163 7141
f 7141 7163 7164
f 7141 7164 7142
f 7142 7164 7165
f 7142 7165 7143
f 7143 7165 7166
f 7143 7166 7144
f 7144 7166 7167
f 7144 7167 7145
f 7145 7167 7168
f 7145 7168 7146
f 7147 7123 7169
f 7147 7169 7148
f 7148 7169 7170
f 7148 7170 7149
f 7149 7170 7171
f 7149 7171 7150
f 7150 7171 7172
f 7150 7172 7151
f 7151 7172 7173
f 7151 7173 7152
f 7152 7173 7174
f 7152 7174 7153
f 7153 7174 7175
f 7153 7175 7154
f 7154 7175 7176
f 7154 7176 7155
f 7155 7176 7177
f 7155 7177 7156
f 7156 7177 7178
f 7156 7178 7157
f 7157 7178 7179
f 7157 7179 7158
f 7158 7179 7180
f 7158 7180 7159
f 7159 7180 7181
f 7159 7181 7160
f 7160 7181 7182
f 7160 7182 7161
f 7161 7182 7183
f 7161 7183 7162
f 7162 7183 7184
f 7162 7184 7163
f 7163 7184 7185
f 7163 7185 7164
f 7164 7185 7186
f 7164 7186 7165
f 7165 7186 7187
f 7165 7187 7166
f 7166 7187 7188
f 7166 7188 7167
f 7167 7188 7189
f 7167 7189 7168
f 7168 7189 7190
f 7168 7190 7146
f 7169 7123 7191
f 7169 7191 7170
f 7170 7191 7192
f 7170 7192 7171
f 7171 7192 7193
f 7171 7193 7172
f 7172 7193 7194
f 7172 7194 7173
f 7173 7194 7195
f 7173 7195 7174
f 7174 7195 7196
f 7174 7196 7175
f 7175 7196 7197
f 7175 7197 7176
f 7176 7197 7198
f 7176 7198 7177
f 7177 7198 7199
f 7177 7199 7178
f 7178 7199 7200
f 7178 7200 7179
f 7179 7200 7201
f 7179 7201 7180
f 7180 7201 7202
f 7180 7202 7181
f 7181 7202 7203
f 7181 7203 7182
f 7182 7203 7204
f 7182 7204 7183
f 7183 7204 7205
f 7183 7205 7184
f 7184 7205 7206
f 7184 7206 7185
f 7185 7206 7207
f 7185 7207 7186
f 7186 7207 7208
f 7186 7208 7187
f 7187 7208 7209
f 7187 7209 7188
f 7188 7209 7210
f 7188 7210 7189
f 7189 7210 7211
f 7189 7211 7190
f 7190 7211 7212
f 7190 7212 7146
f 7191 7123 7213
f 7191 7213 7192
f 7192 7213 7214
f 7192 7214 7193
f 7193 7214 7215
f 7193 7215 7194
f 7194 7215 7216
f 7194 7216 7195
f 7195 7216 7217
f 7195 7217 7196
f 7196 7217 7218
f 7196 7218 7197
f 7197 7218 7219
f 7197 7219 7198
f 7198 7219 7220
f 7198 7220 7199
f 7199 7220 7221
f 7199 7221 7200
f 7200 7221 7222
f 7200 7222 7201
f 7201 7222 7223
f 7201 7223 7202
f 7202 7223 7224
f 7202 7224 7203
f 7203 7224 7225
f 7203 7225 7204
f 7204 7225 7226
f 7204 7226 7205
f 7205 7226 7227
f 7205 7227 7206
f 7206 7227 7228
f 7206 7228 7207
f 7207 7228 7229
f 7207 7229 7208
f 7208 7229 7230
f 7208 7230 7209
f 7209 7230 7231
f 7209 7231 7210
f 7210 7231 7232
f 7210 7232 7211
f 7211 7232 7233
f 7211 7233 7212
f 7212 7233 7234
f 7212 7234 7146
f 7213 7123 7235
f 7213 7235 7214
f 7214 7235 7236
f 7214 7236 7215
f 7215 7236 7237
f 7215 7237 7216
f 7216 7237 7238
f 7216 7238 7217
f 7217 7238 7239
f 7217 7239 7218
f 7218 7239 7240
f 7218 7240 7219
f 7219 7240 7241
f 7219 7241 7220
f 7220 7241 7242
f 7220 7242 7221
f 7221 7242 7243
f 7221 7243 7222
f 7222 7243 7244
f 7222 7244 7223
f 7223 7244 7245
f 7223 7245 7224
f 7224 7245 7246
f 7224 7246 7225
f 7225 7246 7247
f 7225 7247 7226
f 7226 7247 7248
f 7226 7248 7227
f 7227 7248 7249
f 7227 7249 7228
f 7228 7249 7250
f 7228 7250 7229
f 7229 7250 7251
f 7229 7251 7230
f 7230 7251 7252
f 7230 7252 7231
f 7231 7252 7253
f 7231 7253 7232
f 7232 7253 7254
f 7232 7254 7233
f 7233 7254 7255
f 7233 7255 7234
f 7234 7255 7256
f 7234 7256 7146
f 7235 7123 7257
f 7235 7257 7236
f 7236 7257 7258
f 7236 7258 7237
f 7237 7258 7259
f 7237 7259 7238
f 7238 7259 7260
f 7238 7260 7239
f 7239 7260 7261
f 7239 7261 7240
f 7240 7261 7262
f 7240 7262 7241
f 7241 7262 7263
f 7241 7263 7242
f 7242 7263 7264
f 7242 7264 7243
f 7243 7264 7265
f 7243 7265 7244
f 7244 7265 7266
f 7244 7266 7245
f 7245 7266 7267
f 7245 7267 7246
f 7246 7267 7268
f 7246 7268 7247
f 7247 7268 7269
f 7247 7269 7248
f 7248 7269 7270
f 7248 7270 7249
f 7249 7270 7271
f 7249 7271 7250
f 7250 7271 7272
f 7250 7272 7251
f 7251 7272 7273
f 7251 7273 7252
f 7252 7273 7274
f 7252 7274 7253
f 7253 7274 7275
f 7253 7275 7254
f 7254 7275 7276
f 7254 7276 7255
f 7255 7276 7277
f 7255 7277 7256
f 7256 7277 7278
f 7256 7278 7146
f 7257 7123 7279
f 7257 7279 7258
f 7258 7279 7280
f 7258 7280 7259
f 7259 7280 7281
f 7259 7281 7260
f 7260 7281 7282
f 7260 7282 7261
f 7261 7282 7283
f 7261 7283 7262
f 7262 7283 7284
f 7262 7284 7263
f 7263 7284 7285
f 7263 7285 7264
f 7264 7285 7286
f 7264 7286 7265
f 7265 7286 7287
f 7265 7287 7266
f 7266 7287 7288
f 7266 7288 7267
f 7267 7288 7289
f 7267 7289 7268
f 7268 7289 7290
f 7268 7290 7269
f 7269 7290 7291
f 7269 7291 7270
f 7270 7291 7292
f 7270 7292 7271
f 7271 7292 7293
f 7271 7293 7272
f 7272 7293 7294
f 7272 7294 7273
f 7273 7294 7295
f 7273 7295 7274
f 7274 7295 7296
f 7274 7296 7275
f 7275 7296 7297
f 7275 7297 7276
f 7276 7297 7298
f 7276 7298 7277
f 7277 7298 7299
f 7277 7299 7278
f 7278 7299 7300
f 7278 7300 7146
f 7279 7123 7301
f 7279 7301 7280
f 7280 7301 7302
f 7280 7302 7281
f 7281 7302 7303
f 7281 7303 7282
f 7282 7303 7304
f 7282 7304 7283
f 7283 7304 7305
f 7283 7305 7284
f 7284 7305 7306
f 7284 7306 7285
f 7285 7306 7307
f 7285 7307 7286
f 7286 7307 7308
f 7286 7308 7287
f 7287 7308 7309
f 7287 7309 7288
f 7288 7309 7310
f 7288 7310 7289
f 7289 7310 7311
f 7289 7311 7290
f 7290 7311 7312
f 7290 7312 7291
f 7291 7312 7313
f 7291 7313 7292
f 7292 7313 7314
f 7292 7314 7293
f 7293 7314 7315
f 7293 7315 7294
f 7294 7315 7316
f 7294 7316 7295
f 7295 7316 7317
f 7295 7317 7296
f 7296 7317 7318
f 7296 7318 7297
f 7297 7318 7319
f 7297 7319 7298
f 7298 7319 7320
f 7298 7320 7299
f 7299 7320 7321
f 7299 7321 7300
f 7300 7321 7322
f 7300 7322 7146
f 7301 7123 7323
f 7301 7323 7302
f 7302 7323 7324
f 7302 7324 7303
f 7303 7324 7325
f 7303 7325 7304
f 7304 7325 7326
f 7304 7326 7305
f 7305 7326 7327
f 7305 7327 7306
f 7306 7327 7328
f 7306 7328 7307
f 7307 7328 7329
f 7307 7329 7308
f 7308 7329 7330
f 7308 7330 7309
f 7309 7330 7331
f 7309 7331 7310
f 7310 7331 7332
f 7310 7332 7311
f 7311 7332 7333
f 7311 7333 7312
f 7312 7333 7334
f 7312 7334 7313
f 7313 7334 7335
f 7313 7335 7314
f 7314 7335 7336
f 7314 7336 7315
f 7315 7336 7337
f 7315 7337 7316
f 7316 7337 7338
f 7316 7338 7317
f 7317 7338 7339
f 7317 7339 7318
f 7318 7339 7340
f 7318 7340 7319
f 7319 7340 7341
f 7319 7341 7320
f 7320 7341 7342
f 7320 7342 7321
f 7321 7342 7343
f 7321 7343 7322
f 7322 7343 7344
f 7322 7344 7146
f 7323 7123 7345
f 7323 7345 7324
f 7324 7345 7346
f 7324 7346 7325
f 7325 7346 7347
f 7325 7347 7326
f 7326 7347 7348
f 7326 7348 7327
f 7327 7348 7349
f 7327 7349 7328
f 7328 7349 7350
f 7328 7350 7329
f 7329 7350 7351
f 7329 7351 7330
f 7330 7351 7352
f 7330 7352 7331
f 7331 7352 7353
f 7331 7353 7332
f 7332 7353 7354
f 7332 7354 7333
f 7333 7354 7355
f 7333 7355 7334
f 7334 7355 7356
f 7334 7356 7335
f 7335 7356 7357
f 7335 7357 7336
f 7336 7357 7358
f 7336 7358 7337
f 7337 7358 7359
f 7337 7359 7338
f 7338 7359 7360
f 7338 7360 7339
f 7339 7360 7361
f 7339 7361 7340
f 7340 7361 7362
f 7340 7362 7341
f 7341 7362 7363
f 7341 7363 7342
f 7342 7363 7364
f 7342 7364 7343
f 7343 7364 7365
f 7343 7365 7344
f 7344 7365 7366
f 7344 7366 7146
f 7345 7123 7367
f 7345 7367 7346
f 7346 7367 7368
f 7346 7368 7347
f 7347 7368 7369
f 7347 7369 7348
f 7348 7369 7370
f 7348 7370 7349
f 7349 7370 7371
f 7349 7371 7350
f 7350 7371 7372
f 7350 7372 7351
f 7351 7372 7373
f 7351 7373 7352
f 7352 7373 7374
f 7352 7374 7353
f 7353 7374 7375
f 7353 7375 7354
f 7354 7375 7376
f 7354 7376 7355
f 7355 7376 7377
f 7355 7377 7356
f 7356 7377 7378
f 7356 7378 7357
f 7357 7378 7379
f 7357 7379 7358
f 7358 7379 7380
f 7358 7380 7359
f 7359 7380 7381
f 7359 7381 7360
f 7360 7381 7382
f 7360 7382 7361
f 7361 7382 7383
f 7361 7383 7362
f 7362 7383 7384
f 7362 7384 7363
f 7363 7384 7385
f 7363 7385 7364
f 7364 7385 7386
f 7364 7386 7365
f 7365 7386 7387
f 7365 7387 7366
f 7366 7387 7388
f 7366 7388 7146
f 7367 7123 7389
f 7367 7389 7368
f 7368 7389 7390
f 7368 7390 7369
f 7369 7390 7391
f 7369 7391 7370
f 7370 7391 7392
f 7370 7392 7371
f 7371 7392 7393
f 7371 7393 7372
f 7372 7393 7394
f 7372 7394 7373
f 7373 7394 7395
f 7373 7395 7374
f 7374 7395 7396
f 7374 7396 7375
f 7375 7396 7397
f 7375 7397 7376
f 7376 7397 7398
f 7376 7398 7377
f 7377 7398 7399
f 7377 7399 7378
f 7378 7399 7400
f 7378 7400 7379
f 7379 7400 7401
f 7379 7401 7380
f 7380 7401 7402
f 7380 7402 7381
f 7381 7402 7403
f 7381 7403 7382
f 7382 7403 7404
f 7382 7404 7383
f 7383 7404 7405
f 7383 7405 7384
f 7384 7405 7406
f 7384 7406 7385
f 7385 7406 7407
f 7385 7407 7386
f 7386 7407 7408
f 7386 7408 7387
f 7387 7408 7409
f 7387 7409 7388
f 7388 7409 7410
f 7388 7410 7146
f 7389 7123 7411
f 7389 7411 7390
f 7390 7411 7412
f 7390 7412 7391
f 7391 7412 7413
f 7391 7413 7392
f 7392 7413 7414
f 7392 7414 7393
f 7393 7414 7415
f 7393 7415 7394
f 7394 7415 7416
f 7394 7416 7395
f 7395 7416 7417
f 7395 7417 7396
f 7396 7417 7418
f 7396 7418 7397
f 7397 7418 7419
f 7397 7419 7398
f 7398 7419 7420
f 7398 7420 7399
f 7399 7420 7421
f 7399 7421 7400
f 7400 7421 7422
f 7400 7422 7401
f 7401 7422 7423
f 7401 7423 7402
f 7402 7423 7424
f 7402 7424 7403
f 7403 7424 7425
f 7403 7425 7404
f 7404 7425 7426
f 7404 7426 7405
f 7405 7426 7427
f 7405 7427 7406
f 7406 7427 7428
f 7406 7428 7407
f 7407 7428 7429
f 7407 7429 7408
f 7408 7429 7430
f 7408 7430 7409
f 7409 7430 7431
f 7409 7431 7410
f 7410 7431 7432
f 7410 7432 7146
f 7411 7123 7433
f 7411 7433 7412
f 7412 7433 7434
f 7412 7434 7413
f 7413 7434 7435
f 7413 7435 7414
f 7414 7435 7436
f 7414 7436 7415
f 7415 7436 7437
f 7415 7437 7416
f 7416 7437 7438
f 7416 7438 7417
f 7417 7438 7439
f 7417 7439 7418
f 7418 7439 7440
f 7418 7440 7419
f 7419 7440 7441
f 7419 7441 7420
f 7420 7441 7442
f 7420 7442 7421
f 7421 7442 7443
f 7421 7443 7422
f 7422 7443 7444
f 7422 7444 7423
f 7423 7444 7445
f 7423 7445 7424
f 7424 7445 7446
f 7424 7446 7425
f 7425 7446 7447
f 7425 7447 7426
f 7426 7447 7448
f 7426 7448 7427
f 7427 7448 7449
f 7427 7449 7428
f 7428 7449 7450
f 7428 7450 7429
f 7429 7450 7451
f 7429 7451 7430
f 7430 7451 7452
f 7430 7452 7431
f 7431 7452 7453
f 7431 7453 7432
f 7432 7453 7454
f 7432 7454 7146
f 7433 7123 7455
f 7433 7455 7434
f 7434 7455 7456
f 7434 7456 7435
f 7435 7456 7457
f 7435 7457 7436
f 7436 7457 7458
f 7436 7458 7437
f 7437 7458 7459
f 7437 7459 7438
f 7438 7459 7460
f 7438 7460 7439
f 7439 7460 7461
f 7439 7461 7440
f 7440 7461 7462
f 7440 7462 7441
f 7441 7462 7463
f 7441 7463 7442
f 7442 7463 7464
f 7442 7464 7443
f 7443 7464 7465
f 7443 7465 7444
f 7444 7465 7466
f 7444 7466 7445
f 7445 7466 7467
f 7445 7467 7446
f 7446 7467 7468
f 7446 7468 7447
f 7447 7468 7469
f 7447 7469 7448
f 7448 7469 7470
f 7448 7470 7449
f 7449 7470 7471
f 7449 7471 7450
f 7450 7471 7472
f 7450 7472 7451
f 7451 7472 7473
f 7451 7473 7452
f 7452 7473 7474
f 7452 7474 7453
f 7453 7474 7475
f 7453 7475 7454
f 7454 7475 7476
f 7454 7476 7146
f 7455 7123 7477
f 7455 7477 7456
f 7456 7477 7478
f 7456 7478 7457
f 7457 7478 7479
f 7457 7479 7458
f 7458 7479 7480
f 7458 7480 7459
f 7459 7480 7481
f 7459 7481 7460
f 7460 7481 7482
f 7460 7482 7461
f 7461 7482 7483
f 7461 7483 7462
f 7462 7483 7484
f 7462 7484 7463
f 7463 7484 7485
f 7463 7485 7464
f 7464 7485 7486
f 7464 7486 7465
f 7465 7486 7487
f 7465 7487 7466
f 7466 7487 7488
f 7466 7488 7467
f 7467 7488 7489
f 7467 7489 7468
f 7468 7489 7490
f 7468 7490 7469
f 7469 7490 7491
f 7469 7491 7470
f 7470 7491 7492
f 7470 7492 7471
f 7471 7492 7493
f 7471 7493 7472
f 7472 7493 7494
f 7472 7494 7473
f 7473 7494 7495
f 7473 7495 7474
f 7474 7495 7496
f 7474 7496 7475
f 7475 7496 7497
f 7475 7497 7476
f 7476 7497 7498
f 7476 7498 7146
f 7477 7123 7499
f 7477 7499 7478
f 7478 7499 7500
f 7478 7500 7479
f 7479 7500 7501
f 7479 7501 7480
f 7480 7501 7502
f 7480 7502 7481
f 7481 7502 7503
f 7481 7503 7482
f 7482 7503 7504
f 7482 7504 7483
f 7483 7504 7505
f 7483 7505 7484
f 7484 7505 7506
f 7484 7506 7485
f 7485 7506 7507
f 7485 7507 7486
f 7486 7507 7508
f 7486 7508 7487
f 7487 7508 7509
f 7487 7509 7488
f 7488 7509 7510
f 7488 7510 7489
f 7489 7510 7511
f 7489 7511 7490
f 7490 7511 7512
f 7490 7512 7491
f 7491 7512 7513
f 7491 7513 7492
f 7492 7513 7514
f 7492 7514 7493
f 7493 7514 7515
f 7493 7515 7494
f 7494 7515 7516
f 7494 7516 7495
f 7495 7516 7517
f 7495 7517 7496
f 7496 7517 7518
f 7496 7518 7497
f 7497 7518 7519
f 7497 7519 7498
f 7498 7519 7520
f 7498 7520 7146
f 7499 7123 7521
f 7499 7521 7500
f 7500 7521 7522
f 7500 7522 7501
f 7501 7522 7523
f 7501 7523 7502
f 7502 7523 7524
f 7502 7524 7503
f 7503 7524 7525
f 7503 7525 7504
f 7504 7525 7526
f 7504 7526 7505
f 7505 7526 7527
f 7505 7527 7506
f 7506 7527 7528
f 7506 7528 7507
f 7507 7528 7529
f 7507 7529 7508
f 7508 7529 7530
f 7508 7530 7509
f 7509 7530 7531
f 7509 7531 7510
f 7510 7531 7532
f 7510 7532 7511
f 7511 7532 7533
f 7511 7533 7512
f 7512 7533 7534
f 7512 7534 7513
f 7513 7534 7535
f 7513 7535 7514
f 7514 7535 7536
f 7514 7536 7515
f 7515 7536 7537
f 7515 7537 7516
f 7516 7537 7538
f 7516 7538 7517
f 7517 7538 7539
f 7517 7539 7518
f 7518 7539 7540
f 7518 7540 7519
f 7519 7540 7541
f 7519 7541 7520
f 7520 7541 7542
f 7520 7542 7146
f 7521 7123 7543
f 7521 7543 7522
f 7522 7543 7544
f 7522 7544 7523
f 7523 7544 7545
f 7523 7545 7524
f 7524 7545 7546
f 7524 7546 7525
f 7525 7546 7547
f 7525 7547 7526
f 7526 7547 7548
f 7526 7548 7527
f 7527 7548 7549
f 7527 7549 7528
f 7528 7549 7550
f 7528 7550 7529
f 7529 7550 7551
f 7529 7551 7530
f 7530 7551 7552
f 7530 7552 7531
f 7531 7552 7553
f 7531 7553 7532
f 7532 7553 7554
f 7532 7554 7533
f 7533 7554 7555
f 7533 7555 7534
f 7534 7555 7556
f 7534 7556 7535
f 7535 7556 7557
f 7535 7557 7536
f 7536 7557 7558
f 7536 7558 7537
f 7537 7558 7559
f 7537 7559 7538
f 7538 7559 7560
f 7538 7560 7539
f 7539 7560 7561
f 7539 7561 7540
f 7540 7561 7562
f 7540 7562 7541
f 7541 7562 7563
f 7541 7563 7542
f 7542 7563 7564
f 7542 7564 7146
f 7543 7123 7565
f 7543 7565 7544
f 7544 7565 7566
f 7544 7566 7545
f 7545 7566 7567
f 7545 7567 7546
f 7546 7567 7568
f 7546 7568 7547
f 7547 7568 7569
f 7547 7569 7548
f 7548 7569 7570
f 7548 7570 7549
f 7549 7570 7571
f 7549 7571 7550
f 7550 7571 7572
f 7550 7572 7551
f 7551 7572 7573
f 7551 7573 7552
f 7552 7573 7574
f 7552 7574 7553
f 7553 7574 7575
f 7553 7575 7554
f 7554 7575 7576
f 7554 7576 7555
f 7555 7576 7577
f 7555 7577 7556
f 7556 7577 7578
f 7556 7578 7557
f 7557 7578 7579
f 7557 7579 7558
f 7558 7579 7580
f 7558 7580 7559
f 7559 7580 7581
f 7559 7581 7560
f 7560 7581 7582
f 7560 7582 7561
f 7561 7582 7583
f 7561 7583 7562
f 7562 7583 7584
f 7562 7584 7563
f 7563 7584 7585
f 7563 7585 7564
f 7564 7585 7586
f 7564 7586 7146
f 7565 7123 7587
f 7565 7587 7566
f 7566 7587 7588
f 7566 7588 7567
f 7567 7588 7589
f 7567 7589 7568
f 7568 7589 7590
f 7568 7590 7569
f 7569 7590 7591
f 7569 7591 7570
f 7570 7591 7592
f 7570 7592 7571
f 7571 7592 7593
f 7571 7593 7572
f 7572 7593 7594
f 7572 7594 7573
f 7573 7594 7595
f 7573 7595 7574
f 7574 7595 7596
f 7574 7596 7575
f 7575 7596 7597
f 7575 7597 7576
f 7576 7597 7598
f 7576 7598 7577
f 7577 7598 7599
f 7577 7599 7578
f 7578 7599 7600
f 7578 7600 7579
f 7579 7600 7601
f 7579 7601 7580
f 7580 7601 7602
f 7580 7602 7581
f 7581 7602 7603
f 7581 7603 7582
f 7582 7603 7604
f 7582 7604 7583
f 7583 7604 7605
f 7583 7605 7584
f 7584 7605 7606
f 7584 7606 7585
f 7585 7606 7607
f 7585 7607 7586
f 7586 7607 7608
f 7586 7608 7146
f 7587 7123 7609
f 7587 7609 7588
f 7588 7609 7610
f 7588 7610 7589
f 7589 7610 7611
f 7589 7611 7590
f 7590 7611 7612
f 7590 7612 7591
f 7591 7612 7613
f 7591 7613 7592
f 7592 7613 7614
f 7592 7614 7593
f 7593 7614 7615
f 7593 7615 7594
f 7594 7615 7616
f 7594 7616 7595
f 7595 7616 7617
f 7595 7617 7596
f 7596 7617 7618
f 7596 7618 7597
f 7597 7618 7619
f 7597 7619 7598
f 7598 7619 7620
f 7598 7620 7599
f 7599 7620 7621
f 7599 7621 7600
f 7600 7621 7622
f 7600 7622 7601
f 7601 7622 7623
f 7601 7623 7602
f 7602 7623 7624
f 7602 7624 7603
f 7603 7624 7625
f 7603 7625 7604
f 7604 7625 7626
f 7604 7626 7605
f 7605 7626 7627
f 7605 7627 7606
f 7606 7627 7628
f 7606 7628 7607
f 7607 7628 7629
f 7607 7629 7608
f 7608 7629 7630
f 7608 7630 7146
f 7609 7123 7631
f 7609 7631 7610
f 7610 7631 7632
f 7610 7632 7611
f 7611 7632 7633
f 7611 7633 7612
f 7612 7633 7634
f 7612 7634 7613
f 7613 7634 7635
f 7613 7635 7614
f 7614 7635 7636
f 7614 7636 7615
f 7615 7636 7637
f 7615 7637 7616
f 7616 7637 7638
f 7616 7638 7617
f 7617 7638 7639
f 7617 7639 7618
f 7618 7639 7640
f 7618 7640 7619
f 7619 7640 7641
f 7619 7641 7620
f 7620 7641 7642
f 7620 7642 7621
f 7621 7642 7643
f 7621 7643 7622
f 7622 7643 7644
f 7622 7644 7623
f 7623 7644 7645
f 7623 7645 7624
f 7624 7645 7646
f 7624 7646 7625
f 7625 7646 7647
f 7625 7647 7626
f 7626 7647 7648
f 7626 7648 7627
f 7627 7648 7649
f 7627 7649 7628
f 7628 7649 7650
f 7628 7650 7629
f 7629 7650 7651
f 7629 7651 7630
f 7630 7651 7652
f 7630 7652 7146
f 7631 7123 7124
f 7631 7124 7632
f 7632 7124 7125
f 7632 7125 7633
f 7633 7125 7126
f 7633 7126 7634
f 7634 7126 7127
f 7634 7127 7635
f 7635 7127 7128
f 7635 7128 7636
f 7636 7128 7129
f 7636 7129 7637
f 7637 7129 7130
f 7637 7130 7638
f 7638 7130 7131
f 7638 7131 7639
f 7639 7131 7132
f 7639 7132 7640
f 7640 7132 7133
f 7640 7133 7641
f 7641 7133 7134
f 7641 7134 7642
f 7642 7134 7135
f 7642 7135 7643
f 7643 7135 7136
f 7643 7136 7644
f 7644 7136 7137
f 7644 7137 7645
f 7645 7137 7138
f 7645 7138 7646
f 7646 7138 7139
f 7646 7139 7647
f 7647 7139 7140
f 7647 7140 7648
f 7648 7140 7141
f 7648 7141 7649
f 7649 7141 7142
f 7649 7142 7650
f 7650 7142 7143
f 7650 7143 7651
f 7651 7143 7144
f 7651 7144 7652
f 7652 7144 7145
f 7652 7145 7146
f 7654 7653 7677
f 7654 7677 7655
f 7655 7677 7678
f 7655 7678 7656
f 7656 7678 7679
f 7656 7679 7657
f 7657 7679 7680
f 7657 7680 7658
f 7658 7680 7681
f 7658 7681 7659
f 7659 7681 7682
f 7659 7682 7660
f 7660 7682 7683
f 7660 7683 7661
f 7661 7683 7684
f 7661 7684 7662
f 7662 7684 7685
f 7662 7685 7663
f 7663 7685 7686
f 7663 7686 7664
f 7664 7686 7687
f 7664 7687 7665
f 7665 7687 7688
f 7665 7688 7666
f 7666 7688 7689
f 7666 7689 7667
f 7667 7689 7690
f 7667 7690 7668
f 7668 7690 7691
f 7668 7691 7669
f 7669 7691 7692
f 7669 7692 7670
f 7670 7692 7693
f 7670 7693 7671
f 7671 7693 7694
f 7671 7694 7672
f 7672 7694 7695
f 7672 7695 7673
f 7673 7695 7696
f 7673 7696 7674
f 7674 7696 7697
f 7674 7697 7675
f 7675 7697 7698
f 7675 7698 7676
f 7677 7653 7699
f 7677 7699 7678
f 7678 7699 7700
f 7678 7700 7679
f 7679 7700 7701
f 7679 7701 7680
f 7680 7701 7702
f 7680 7702 7681
f 7681 7702 7703
f 7681 7703 7682
f 7682 7703 7704
f 7682 7704 7683
f 7683 7704 7705
f 7683 7705 7684
f 7684 7705 7706
f 7684 7706 7685
f 7685 7706 7707
f 7685 7707 7686
f 7686 7707 7708
f 7686 7708 7687
f 7687 7708 7709
f 7687 7709 7688
f 7688 7709 7710
f 7688 7710 7689
f 7689 7710 7711
f 7689 7711 7690
f 7690 7711 7712
f 7690 7712 7691
f 7691 7712 7713
f 7691 7713 7692
f 7692 7713 7714
f 7692 7714 7693
f 7693 7714 7715
f 7693 7715 7694
f 7694 7715 7716
f 7694 7716 7695
f 7695 7716 7717
f 7695 7717 7696
f 7696 7717 7718
f 7696 7718 7697
f 7697 7718 7719
f 7697 7719 7698
f 7698 7719 7720
f 7698 7720 7676
f 7699 7653 7721
f 7699 7721 7700
f 7700 7721 7722
f 7700 7722 7701
f 7701 7722 7723
f 7701 7723 7702
f 7702 7723 7724
f 7702 7724 7703
f 7703 7724 7725
f 7703 7725 7704
f 7704 7725 7726
f 7704 7726 7705
f 7705 7726 7727
f 7705 7727 7706
f 7706 7727 7728
f 7706 7728 7707
f 7707 7728 7729
f 7707 7729 7708
f 7708 7729 7730
f 7708 7730 7709
f 7709 7730 7731
f 7709 7731 7710
f 7710 7731 7732
f 7710 7732 7711
f 7711 7732 7733
f 7711 7733 7712
f 7712 7733 7734
f 7712 7734 7713
f 7713 7734 7735
f 7713 7735 7714
f 7714 7735 7736
f 7714 7736 7715
f 7715 7736 7737
f 7715 7737 7716
f 7716 7737 7738
f 7716 7738 7717
f 7717 7738 7739
f 7717 7739 7718
f 7718 7739 7740
f 7718 7740 7719
f 7719 7740 7741
f 7719 7741 7720
f 7720 7741 7742
f 7720 7742 7676
f 7721 7653 7743
f 7721 7743 7722
f 7722 7743 7744
f 7722 7744 7723
f 7723 7744 7745
f 7723 7745 7724
f 7724 7745 7746
f 7724 7746 7725
f 7725 7746 7747
f 7725 7747 7726
f 7726 7747 7748
f 7726 7748 7727
f 7727 7748 7749
f 7727 7749 7728
f 7728 7749 7750
f 7728 7750 7729
f 7729 7750 7751
f 7729 7751 7730
f 7730 7751 7752
f 7730 7752 7731
f 7731 7752 7753
f 7731 7753 7732
f 7732 7753 7754
f 7732 7754 7733
f 7733 7754 7755
f 7733 7755 7734
f 7734 7755 7756
f 7734 7756 7735
f 7735 7756 7757
f 7735 7757 7736
f 7736 7757 7758
f 7736 7758 7737
f 7737 7758 7759
f 7737 7759 7738
f 7738 7759 7760
f 7738 7760 7739
f 7739 7760 7761
f 7739 7761 7740
f 7740 7761 7762
f 7740 7762 7741
f 7741 7762 7763
f 7741 7763 7742
f 7742 7763 7764
f 7742 7764 7676
f 7743 7653 7765
f 7743 7765 7744
f 7744 7765 7766
f 7744 7766 7745
f 7745 7766 7767
f 7745 7767 7746
f 7746 7767 7768
f 7746 7768 7747
f 7747 7768 7769
f 7747 7769 7748
f 7748 7769 7770
f 7748 7770 7749
f 7749 7770 7771
f 7749 7771 7750
f 7750 7771 7772
f 7750 7772 7751
f 7751 7772 7773
f 7751 7773 7752
f 7752 7773 7774
f 7752 7774 7753
f 7753 7774 7775
f 7753 7775 7754
f 7754 7775 7776
f 7754 7776 7755
f 7755 7776 7777
f 7755 7777 7756
f 7756 7777 7778
f 7756 7778 7757
f 7757 7778 7779
f 7757 7779 7758
f 7758 7779 7780
f 7758 7780 7759
f 7759 7780 7781
f 7759 7781 7760
f 7760 7781 7782
f 7760 7782 7761
f 7761 7782 7783
f 7761 7783 7762
f 7762 7783 7784
f 7762 7784 7763
f 7763 7784 7785
f 7763 7785 7764
f 7764 7785 7786
f 7764 7786 7676
f 7765 7653 7787
f 7765 7787 7766
f 7766 7787 7788
f 7766 7788 7767
f 7767 7788 7789
f 7767 7789 7768
f 7768 7789 7790
f 7768 7790 7769
f 7769 7790 7791
f 7769 7791 7770
f 7770 7791 7792
f 7770 7792 7771
f 7771 7792 7793
f 7771 7793 7772
f 7772 7793 7794
f 7772 7794 7773
f 7773 7794 7795
f 7773 7795 7774
f 7774 7795 7796
f 7774 7796 7775
f 7775 7796 7797
f 7775 7797 7776
f 7776 7797 7798
f 7776 7798 7777
f 7777 7798 7799
f 7777 7799 7778
f 7778 7799 7800
f 7778 7800 7779
f 7779 7800 7801
f 7779 7801 7780
f 7780 7801 7802
f 7780 7802 7781
f 7781 7802 7803
f 7781 7803 7782
f 7782 7803 7804
f 7782 7804 7783
f 7783 7804 7805
f 7783 7805 7784
f 7784 7805 7806
f 7784 7806 7785
f 7785 7806 7807
f 7785 7807 7786
f 7786 7807 7808
f 7786 7808 7676
f 7787 7653 7809
f 7787 7809 7788
f 7788 7809 7810
f 7788 7810 7789
f 7789 7810 7811
f 7789 7811 7790
f 7790 7811 7812
f 7790 7812 7791
f 7791 7812 7813
f 7791 7813 7792
f 7792 7813 7814
f 7792 7814 7793
f 7793 7814 7815
f 7793 7815 7794
f 7794 7815 7816
f 7794 7816 7795
f 7795 7816 7817
f 7795 7817 7796
f 7796 7817 7818
f 7796 7818 7797
f 7797 7818 7819
f 7797 7819 7798
f 7798 7819 7820
f 7798 7820 7799
f 7799 7820 7821
f 7799 7821 7800
f 7800 7821 7822
f 7800 7822 7801
f 7801 7822 7823
f 7801 7823 7802
f 7802 7823 7824
f 7802 7824 7803
f 7803 7824 7825
f 7803 7825 7804
f 7804 7825 7826
f 7804 7826 7805
f 7805 7826 7827
f 7805 7827 7806
f 7806 7827 7828
f 7806 7828 7807
f 7807 7828 7829
f 7807 7829 7808
f 7808 7829 7830
f 7808 7830 7676
f 7809 7653 7831
f 7809 7831 7810
f 7810 7831 7832
f 7810 7832 7811
f 7811 7832 7833
f 7811 7833 7812
f 7812 7833 7834
f 7812 7834 7813
f 7813 7834 7835
f 7813 7835 7814
f 7814 7835 7836
f 7814 7836 7815
f 7815 7836 7837
f 7815 7837 7816
f 7816 7837 7838
f 7816 7838 7817
f 7817 7838 7839
f 7817 7839 7818
f 7818 7839 7840
f 7818 7840 7819
f 7819 7840 7841
f 7819 7841 7820
f 7820 7841 7842
f 7820 7842 7821
f 7821 7842 7843
f 7821 7843 7822
f 7822 7843 7844
f 7822 7844 7823
f 7823 7844 7845
f 7823 7845 7824
f 7824 7845 7846
f 7824 7846 7825
f 7825 7846 7847
f 7825 7847 7826
f 7826 7847 7848
f 7826 7848 7827
f 7827 7848 7849
f 7827 7849 7828
f 7828 7849 7850
f 7828 7850 7829
f 7829 7850 7851
f 7829 7851 7830
f 7830 7851 7852
f 7830 7852 7676
f 7831 7653 7853
f 7831 7853 7832
f 7832 7853 7854
f 7832 7854 7833
f 7833 7854 7855
f 7833 7855 7834
f 7834 7855 7856
f 7834 7856 7835
f 7835 7856 7857
f 7835 7857 7836
f 7836 7857 7858
f 7836 7858 7837
f 7837 7858 7859
f 7837 7859 7838
f 7838 7859 7860
f 7838 7860 7839
f 7839 7860 7861
f 7839 7861 7840
f 7840 7861 7862
f 7840 7862 7841
f 7841 7862 7863
f 7841 7863 7842
f 7842 7863 7864
f 7842 7864 7843
f 7843 7864 7865
f 7843 7865 7844
f 7844 7865 7866
f 7844 7866 7845
f 7845 7866 7867
f 7845 7867 7846
f 7846 7867 7868
f 7846 7868 7847
f 7847 7868 7869
f 7847 7869 7848
f 7848 7869 7870
f 7848 7870 7849
f 7849 7870 7871
f 7849 7871 7850
f 7850 7871 7872
f 7850 7872 7851
f 7851 7872 7873
f 7851 7873 7852
f 7852 7873 7874
f 7852 7874 7676
f 7853 7653 7875
f 7853 7875 7854
f 7854 7875 7876
f 7854 7876 7855
f 7855 7876 7877
f 7855 7877 7856
f 7856 7877 7878
f 7856 7878 7857
f 7857 7878 7879
f 7857 7879 7858
f 7858 7879 7880
f 7858 7880 7859
f 7859 7880 7881
f 7859 7881 7860
f 7860 7881 7882
f 7860 7882 7861
f 7861 7882 7883
f 7861 7883 7862
f 7862 7883 7884
f 7862 7884 7863
f 7863 7884 7885
f 7863 7885 7864
f 7864 7885 7886
f 7864 7886 7865
f 7865 7886 7887
f 7865 7887 7866
f 7866 7887 7888
f 7866 7888 7867
f 7867 7888 7889
f 7867 7889 7868
f 7868 7889 7890
f 7868 7890 7869
f 7869 7890 7891
f 7869 7891 7870
f 7870 7891 7892
f 7870 7892 7871
f 7871 7892 7893
f 7871 7893 7872
f 7872 7893 7894
f 7872 7894 7873
f 7873 7894 7895
f 7873 7895 7874
f 7874 7895 7896
f 7874 7896 7676
f 7875 7653 7897
f 7875 7897 7876
f 7876 7897 7898
f 7876 7898 7877
f 7877 7898 7899
f 7877 7899 7878
f 7878 7899 7900
f 7878 7900 7879
f 7879 7900 7901
f 7879 7901 7880
f 7880 7901 7902
f 7880 7902 7881
f 7881 7902 7903
f 7881 7903 7882
f 7882 7903 7904
f 7882 7904 7883
f 7883 7904 7905
f 7883 7905 7884
f 7884 7905 7906
f 7884 7906 7885
f 7885 7906 7907
f 7885 7907 7886
f 7886 7907 7908
f 7886 7908 7887
f 7887 7908 7909
f 7887 7909 7888
f 7888 7909 7910
f 7888 7910 7889
f 7889 7910 7911
f 7889 7911 7890
f 7890 7911 7912
f 7890 7912 7891
f 7891 7912 7913
f 7891 7913 7892
f 7892 7913 7914
f 7892 7914 7893
f 7893 7914 7915
f 7893 7915 7894
f 7894 7915 7916
f 7894 7916 7895
f 7895 7916 7917
f 7895 7917 7896
f 7896 7917 7918
f 7896 7918 7676
f 7897 7653 7919
f 7897 7919 7898
f 7898 7919 7920
f 7898 7920 7899
f 7899 7920 7921
f 7899 7921 7900
f 7900 7921 7922
f 7900 7922 7901
f 7901 7922 7923
f 7901 7923 7902
f 7902 7923 7924
f 7902 7924 7903
f 7903 7924 7925
f 7903 7925 7904
f 7904 7925 7926
f 7904 7926 7905
f 7905 7926 7927
f 7905 7927 7906
f 7906 7927 7928
f 7906 7928 7907
f 7907 7928 7929
f 7907 7929 7908
f 7908 7929 7930
f 7908 7930 7909
f 7909 7930 7931
f 7909 7931 7910
f 7910 7931 7932
f 7910 7932 7911
f 7911 7932 7933
f 7911 7933 7912
f 7912 7933 7934
f 7912 7934 7913
f 7913 7934 7935
f 7913 7935 7914
f 7914 7935 7936
f 7914 7936 7915
f 7915 7936 7937
f 7915 7937 7916
f 7916 7937 7938
f 7916 7938 7917
f 7917 7938 7939
f 7917 7939 7918
f 7918 7939 7940
f 7918 7940 7676
f 7919 7653 7941
f 7919 7941 7920
f 7920 7941 7942
f 7920 7942 7921
f 7921 7942 7943
f 7921 7943 7922
f 7922 7943 7944
f 7922 7944 7923
f 7923 7944 7945
f 7923 7945 7924
f 7924 7945 7946
f 7924 7946 7925
f 7925 7946 7947
f 7925 7947 7926
f 7926 7947 7948
f 7926 7948 7927
f 7927 7948 7949
f 7927 7949 7928
f 7928 7949 7950
f 7928 7950 7929
f 7929 7950 7951
f 7929 7951 7930
f 7930 7951 7952
f 7930 7952 7931
f 7931 7952 7953
f 7931 7953 7932
f 7932 7953 7954
f 7932 7954 7933
f 7933 7954 7955
f 7933 7955 7934
f 7934 7955 7956
f 7934 7956 7935
f 7935 7956 7957
f 7935 7957 7936
f 7936 7957 7958
f 7936 7958 7937
f 7937 7958 7959
f 7937 7959 7938
f 7938 7959 7960
f 7938 7960 7939
f 7939 7960 7961
f 7939 7961 7940
f 7940 7961 7962
f 7940 7962 7676
f 7941 7653 7963
f 7941 7963 7942
f 7942 7963 7964
f 7942 7964 7943
f 7943 7964 7965
f 7943 7965 7944
f 7944 7965 7966
f 7944 7966 7945
f 7945 7966 7967
f 7945 7967 7946
f 7946 7967 7968
f 7946 7968 7947
f 7947 7968 7969
f 7947 7969 7948
f 7948 7969 7970
f 7948 7970 7949
f 7949 7970 7971
f 7949 7971 7950
f 7950 7971 7972
f 7950 7972 7951
f 7951 7972 7973
f 7951 7973 7952
f 7952 7973 7974
f 7952 7974 7953
f 7953 7974 7975
f 7953 7975 7954
f 7954 7975 7976
f 7954 7976 7955
f 7955 7976 7977
f 7955 7977 7956
f 7956 7977 7978
f 7956 7978 7957
f 7957 7978 7979
f 7957 7979 7958
f 7958 7979 7980
f 7958 7980 7959
f 7959 7980 7981
f 7959 7981 7960
f 7960 7981 7982
f 7960 7982 7961
f 7961 7982 7983
f 7961 7983 7962
f 7962 7983 7984
f 7962 7984 7676
f 7963 7653 7985
f 7963 7985 7964
f 7964 7985 7986
f 7964 7986 7965
f 7965 7986 7987
f 7965 7987 7966
f 7966 7987 7988
f 7966 7988 7967
f 7967 7988 7989
f 7967 7989 7968
f 7968 7989 7990
f 7968 7990 7969
f 7969 7990 7991
f 7969 7991 7970
f 7970 7991 7992
f 7970 7992 7971
f 7971 7992 7993
f 7971 7993 7972
f 7972 7993 7994
f 7972 7994 7973
f 7973 7994 7995
f 7973 7995 7974
f 7974 7995 7996
f 7974 7996 7975
f 7975 7996 7997
f 7975 7997 7976
f 7976 7997 7998
f 7976 7998 7977
f 7977 7998 7999
f 7977 7999 7978
f 7978 7999 8000
f 7978 8000 7979
f 7979 8000 8001
f 7979 8001 7980
f 7980 8001 8002
f 7980 8002 7981
f 7981 8002 8003
f 7981 8003 7982
f 7982 8003 8004
f 7982 8004 7983
f 7983 8004 8005
f 7983 8005 7984
f 7984 8005 8006
f 7984 8006 7676
f 7985 7653 8007
f 7985 8007 7986
f 7986 8007 8008
f 7986 8008 7987
f 7987 8008 8009
f 7987 8009 7988
f 7988 8009 8010
f 7988 8010 7989
f 7989 8010 8011
f 7989 8011 7990
f 7990 8011 8012
f 7990 8012 7991
f 7991 8012 8013
f 7991 8013 7992
f 7992 8013 8014
f 7992 8014 7993
f 7993 8014 8015
f 7993 8015 7994
f 7994 8015 8016
f 7994 8016 7995
f 7995 8016 8017
f 7995 8017 7996
f 7996 8017 8018
f 7996 8018 7997
f 7997 8018 8019
f 7997 8019 7998
f 7998 8019 8020
f 7998 8020 7999
f 7999 8020 8021
f 7999 8021 8000
f 8000 8021 8022
f 8000 8022 8001
f 8001 8022 8023
f 8001 8023 8002
f 8002 8023 8024
f 8002 8024 8003
f 8003 8024 8025
f 8003 8025 8004
f 8004 8025 8026
f 8004 8026 8005
f 8005 8026 8027
f 8005 8027 8006
f 8006 8027 8028
f 8006 8028 7676
f 8007 7653 8029
f 8007 8029 8008
f 8008 8029 8030
f 8008 8030 8009
f 8009 8030 8031
f 8009 8031 8010
f 8010 8031 8032
f 8010 8032 8011
f 8011 8032 8033
f 8011 8033 8012
f 8012 8033 8034
f 8012 8034 8013
f 8013 8034 8035
f 8013 8035 8014
f 8014 8035 8036
f 8014 8036 8015
f 8015 8036 8037
f 8015 8037 8016
f 8016 8037 8038
f 8016 8038 8017
f 8017 8038 8039
f 8017 8039 8018
f 8018 8039 8040
f 8018 8040 8019
f 8019 8040 8041
f 8019 8041 8020
f 8020 8041 8042
f 8020 8042 8021
f 8021 8042 8043
f 8021 8043 8022
f 8022 8043 8044
f 8022 8044 8023
f 8023 8044 8045
f 8023 8045 8024
f 8024 8045 8046
f 8024 8046 8025
f 8025 8046 8047
f 8025 8047 8026
f 8026 8047 8048
f 8026 8048 8027
f 8027 8048 8049
f 8027 8049 8028
f 8028 8049 8050
f 8028 8050 7676
f 8029 7653 8051
f 8029 8051 8030
f 8030 8051 8052
f 8030 8052 8031
f 8031 8052 8053
f 8031 8053 8032
f 8032 8053 8054
f 8032 8054 8033
f 8033 8054 8055
f 8033 8055 8034
f 8034 8055 8056
f 8034 8056 8035
f 8035 8056 8057
f 8035 8057 8036
f 8036 8057 8058
f 8036 8058 8037
f 8037 8058 8059
f 8037 8059 8038
f 8038 8059 8060
f 8038 8060 8039
f 8039 8060 8061
f 8039 8061 8040
f 8040 8061 8062
f 8040 8062 8041
f 8041 8062 8063
f 8041 8063 8042
f 8042 8063 8064
f 8042 8064 8043
f 8043 8064 8065
f 8043 8065 8044
f 8044 8065 8066
f 8044 8066 8045
f 8045 8066 8067
f 8045 8067 8046
f 8046 8067 8068
f 8046 8068 8047
f 8047 8068 8069
f 8047 8069 8048
f 8048 8069 8070
f 8048 8070 8049
f 8049 8070 8071
f 8049 8071 8050
f 8050 8071 8072
f 8050 8072 7676
f 8051 7653 8073
f 8051 8073 8052
f 8052 8073 8074
f 8052 8074 8053
f 8053 8074 8075
f 8053 8075 8054
f 8054 8075 8076
f 8054 8076 8055
f 8055 8076 8077
f 8055 8077 8056
f 8056 8077 8078
f 8056 8078 8057
f 8057 8078 8079
f 8057 8079 8058
f 8058 8079 8080
f 8058 8080 8059
f 8059 8080 8081
f 8059 8081 8060
f 8060 8081 8082
f 8060 8082 8061
f 8061 8082 8083
f 8061 8083 8062
f 8062 8083 8084
f 8062 8084 8063
f 8063 8084 8085
f 8063 8085 8064
f 8064 8085 8086
f 8064 8086 8065
f 8065 8086 8087
f 8065 8087 8066
f 8066 8087 8088
f 8066 8088 8067
f 8067 8088 8089
f 8067 8089 8068
f 8068 8089 8090
f 8068 8090 8069
f 8069 8090 8091
f 8069 8091 8070
f 8070 8091 8092
f 8070 8092 8071
f 8071 8092 8093
f 8071 8093 8072
f 8072 8093 8094
f 8072 8094 7676
f 8073 7653 8095
f 8073 8095 8074
f 8074 8095 8096
f 8074 8096 8075
f 8075 8096 8097
f 8075 8097 8076
f 8076 8097 8098
f 8076 8098 8077
f 8077 8098 8099
f 8077 8099 8078
f 8078 8099 8100
f 8078 8100 8079
f 8079 8100 8101
f 8079 8101 8080
f 8080 8101 8102
f 8080 8102 8081
f 8081 8102 8103
f 8081 8103 8082
f 8082 8103 8104
f 8082 8104 8083
f 8083 8104 8105
f 8083 8105 8084
f 8084 8105 8106
f 8084 8106 8085
f 8085 8106 8107
f 8085 8107 8086
f 8086 8107 8108
f 8086 8108 8087
f 8087 8108 8109
f 8087 8109 8088
f 8088 8109 8110
f 8088 8110 8089
f 8089 8110 8111
f 8089 8111 8090
f 8090 8111 8112
f 8090 8112 8091
f 8091 8112 8113
f 8091 8113 8092
f 8092 8113 8114
f 8092 8114 8093
f 8093 8114 8115
f 8093 8115 8094
f 8094 8115 8116
f 8094 8116 7676
f 8095 7653 8117
f 8095 8117 8096
f 8096 8117 8118
f 8096 8118 8097
f 8097 8118 8119
f 8097 8119 8098
f 8098 8119 8120
f 8098 8120 8099
f 8099 8120 8121
f 8099 8121 8100
f 8100 8121 8122
f 8100 8122 8101
f 8101 8122 8123
f 8101 8123 8102
f 8102 8123 8124
f 8102 8124 8103
f 8103 8124 8125
f 8103 8125 8104
f 8104 8125 8126
f 8104 8126 8105
f 8105 8126 8127
f 8105 8127 8106
f 8106 8127 8128
f 8106 8128 8107
f 8107 8128 8129
f 8107 8129 8108
f 8108 8129 8130
f 8108 8130 8109
f 8109 8130 8131
f 8109 8131 8110
f 8110 8131 8132
f 8110 8132 8111
f 8111 8132 8133
f 8111 8133 8112
f 8112 8133 8134
f 8112 8134 8113
f 8113 8134 8135
f 8113 8135 8114
f 8114 8135 8136
f 8114 8136 8115
f 8115 8136 8137
f 8115 8137 8116
f 8116 8137 8138
f 8116 8138 7676
f 8117 7653 8139
f 8117 8139 8118
f 8118 8139 8140
f 8118 8140 8119
f 8119 8140 8141
f 8119 8141 8120
f 8120 8141 8142
f 8120 8142 8121
f 8121 8142 8143
f 8121 8143 8122
f 8122 8143 8144
f 8122 8144 8123
f 8123 8144 8145
f 8123 8145 8124
f 8124 8145 8146
f 8124 8146 8125
f 8125 8146 8147
f 8125 8147 8126
f 8126 8147 8148
f 8126 8148 8127
f 8127 8148 8149
f 8127 8149 8128
f 8128 8149 8150
f 8128 8150 8129
f 8129 8150 8151
f 8129 8151 8130
f 8130 8151 8152
f 8130 8152 8131
f 8131 8152 8153
f 8131 8153 8132
f 8132 8153 8154
f 8132 8154 8133
f 8133 8154 8155
f 8133 8155 8134
f 8134 8155 8156
f 8134 8156 8135
f 8135 8156 8157
f 8135 8157 8136
f 8136 8157 8158
f 8136 8158 8137
f 8137 8158 8159
f 8137 8159 8138
f 8138 8159 8160
f 8138 8160 7676
f 8139 7653 8161
f 8139 8161 8140
f 8140 8161 8162
f 8140 8162 8141
f 8141 8162 8163
f 8141 8163 8142
f 8142 8163 8164
f 8142 8164 8143
f 8143 8164 8165
f 8143 8165 8144
f 8144 8165 8166
f 8144 8166 8145
f 8145 8166 8167
f 8145 8167 8146
f 8146 8167 8168
f 8146 8168 8147
f 8147 8168 8169
f 8147 8169 8148
f 8148 8169 8170
f 8148 8170 8149
f 8149 8170 8171
f 8149 8171 8150
f 8150 8171 8172
f 8150 8172 8151
f 8151 8172 8173
f 8151 8173 8152
f 8152 8173 8174
f 8152 8174 8153
f 8153 8174 8175
f 8153 8175 8154
f 8154 8175 8176
f 8154 8176 8155
f 8155 8176 8177
f 8155 8177 8156
f 8156 8177 8178
f 8156 8178 8157
f 8157 8178 8179
f 8157 8179 8158
f 8158 8179 8180
f 8158 8180 8159
f 8159 8180 8181
f 8159 8181 8160
f 8160 8181 8182
f 8160 8182 7676
f 8161 7653 7654
f 8161 7654 8162
f 8162 7654 7655
f 8162 7655 8163
f 8163 7655 7656
f 8163 7656 8164
f 8164 7656 7657
f 8164 7657 8165
f 8165 7657 7658
f 8165 7658 8166
f 8166 7658 7659
f 8166 7659 8167
f 8167 7659 7660
f 8167 7660 8168
f 8168 7660 7661
f 8168 7661 8169
f 8169 7661 7662
f 8169 7662 8170
f 8170 7662 7663
f 8170 7663 8171
f 8171 7663 7664
f 8171 7664 8172
f 8172 7664 7665
f 8172 7665 8173
f 8173 7665 7666
f 8173 7666 8174
f 8174 7666 7667
f 8174 7667 8175
f 8175 7667 7668
f 8175 7668 8176
f 8176 7668 7669
f 8176 7669 8177
f 8177 7669 7670
f 8177 7670 8178
f 8178 7670 7671
f 8178 7671 8179
f 8179 7671 7672
f 8179 7672 8180
f 8180 7672 7673
f 8180 7673 8181
f 8181 7673 7674
f 8181 7674 8182
f 8182 7674 7675
f 8182 7675 7676
f 8184 8183 8207
f 8184 8207 8185
f 8185 8207 8208
f 8185 8208 8186
f 8186 8208 8209
f 8186 8209 8187
f 8187 8209 8210
f 8187 8210 8188
f 8188 8210 8211
f 8188 8211 8189
f 8189 8211 8212
f 8189 8212 8190
f 8190 8212 8213
f 8190 8213 8191
f 8191 8213 8214
f 8191 8214 8192
f 8192 8214 8215
f 8192 8215 8193
f 8193 8215 8216
f 8193 8216 8194
f 8194 8216 8217
f 8194 8217 8195
f 8195 8217 8218
f 8195 8218 8196
f 8196 8218 8219
f 8196 8219 8197
f 8197 8219 8220
f 8197 8220 8198
f 8198 8220 8221
f 8198 8221 8199
f 8199 8221 8222
f 8199 8222 8200
f 8200 8222 8223
f 8200 8223 8201
f 8201 8223 8224
f 8201 8224 8202
f 8202 8224 8225
f 8202 8225 8203
f 8203 8225 8226
f 8203 8226 8204
f 8204 8226 8227
f 8204 8227 8205
f 8205 8227 8228
f 8205 8228 8206
f 8207 8183 8229
f 8207 8229 8208
f 8208 8229 8230
f 8208 8230 8209
f 8209 8230 8231
f 8209 8231 8210
f 8210 8231 8232
f 8210 8232 8211
f 8211 8232 8233
f 8211 8233 8212
f 8212 8233 8234
f 8212 8234 8213
f 8213 8234 8235
f 8213 8235 8214
f 8214 8235 8236
f 8214 8236 8215
f 8215 8236 8237
f 8215 8237 8216
f 8216 8237 8238
f 8216 8238 8217
f 8217 8238 8239
f 8217 8239 8218
f 8218 8239 8240
f 8218 8240 8219
f 8219 8240 8241
f 8219 8241 8220
f 8220 8241 8242
f 8220 8242 8221
f 8221 8242 8243
f 8221 8243 8222
f 8222 8243 8244
f 8222 8244 8223
f 8223 8244 8245
f 8223 8245 8224
f 8224 8245 8246
f 8224 8246 8225
f 8225 8246 8247
f 8225 8247 8226
f 8226 8247 8248
f 8226 8248 8227
f 8227 8248 8249
f 8227 8249 8228
f 8228 8249 8250
f 8228 8250 8206
f 8229 8183 8251
f 8229 8251 8230
f 8230 8251 8252
f 8230 8252 8231
f 8231 8252 8253
f 8231 8253 8232
f 8232 8253 8254
f 8232 8254 8233
f 8233 8254 8255
f 8233 8255 8234
f 8234 8255 8256
f 8234 8256 8235
f 8235 8256 8257
f 8235 8257 8236
f 8236 8257 8258
f 8236 8258 8237
f 8237 8258 8259
f 8237 8259 8238
f 8238 8259 8260
f 8238 8260 8239
f 8239 8260 8261
f 8239 8261 8240
f 8240 8261 8262
f 8240 8262 8241
f 8241 8262 8263
f 8241 8263 8242
f 8242 8263 8264
f 8242 8264 8243
f 8243 8264 8265
f 8243 8265 8244
f 8244 8265 8266
f 8244 8266 8245
f 8245 8266 8267
f 8245 8267 8246
f 8246 8267 8268
f 8246 8268 8247
f 8247 8268 8269
f 8247 8269 8248
f 8248 8269 8270
f 8248 8270 8249
f 8249 8270 8271
f 8249 8271 8250
f 8250 8271 8272
f 8250 8272 8206
f 8251 8183 8273
f 8251 8273 8252
f 8252 8273 8274
f 8252 8274 8253
f 8253 8274 8275
f 8253 8275 8254
f 8254 8275 8276
f 8254 8276 8255
f 8255 8276 8277
f 8255 8277 8256
f 8256 8277 8278
f 8256 8278 8257
f 8257 8278 8279
f 8257 8279 8258
f 8258 8279 8280
f 8258 8280 8259
f 8259 8280 8281
f 8259 8281 8260
f 8260 8281 8282
f 8260 8282 8261
f 8261 8282 8283
f 8261 8283 8262
f 8262 8283 8284
f 8262 8284 8263
f 8263 8284 8285
f 8263 8285 8264
f 8264 8285 8286
f 8264 8286 8265
f 8265 8286 8287
f 8265 8287 8266
f 8266 8287 8288
f 8266 8288 8267
f 8267 8288 8289
f 8267 8289 8268
f 8268 8289 8290
f 8268 8290 8269
f 8269 8290 8291
f 8269 8291 8270
f 8270 8291 8292
f 8270 8292 8271
f 8271 8292 8293
f 8271 8293 8272
f 8272 8293 8294
f 8272 8294 8206
f 8273 8183 8295
f 8273 8295 8274
f 8274 8295 8296
f 8274 8296 8275
f 8275 8296 8297
f 8275 8297 8276
f 8276 8297 8298
f 8276 8298 8277
f 8277 8298 8299
f 8277 8299 8278
f 8278 8299 8300
f 8278 8300 8279
f 8279 8300 8301
f 8279 8301 8280
f 8280 8301 8302
f 8280 8302 8281
f 8281 8302 8303
f 8281 8303 8282
f 8282 8303 8304
f 8282 8304 8283
f 8283 8304 8305
f 8283 8305 8284
f 8284 8305 8306
f 8284 8306 8285
f 8285 8306 8307
f 8285 8307 8286
f 8286 8307 8308
f 8286 8308 8287
f 8287 8308 8309
f 8287 8309 8288
f 8288 8309 8310
f 8288 8310 8289
f 8289 8310 8311
f 8289 8311 8290
f 8290 8311 8312
f 8290 8312 8291
f 8291 8312 8313
f 8291 8313 8292
f 8292 8313 8314
f 8292 8314 8293
f 8293 8314 8315
f 8293 8315 8294
f 8294 8315 8316
f 8294 8316 8206
f 8295 8183 8317
f 8295 8317 8296
f 8296 8317 8318
f 8296 8318 8297
f 8297 8318 8319
f 8297 8319 8298
f 8298 8319 8320
f 8298 8320 8299
f 8299 8320 8321
f 8299 8321 8300
f 8300 8321 8322
f 8300 8322 8301
f 8301 8322 8323
f 8301 8323 8302
f 8302 8323 8324
f 8302 8324 8303
f 8303 8324 8325
f 8303 8325 8304
f 8304 8325 8326
f 8304 8326 8305
f 8305 8326 8327
f 8305 8327 8306
f 8306 8327 8328
f 8306 8328 8307
f 8307 8328 8329
f 8307 8329 8308
f 8308 8329 8330
f 8308 8330 8309
f 8309 8330 8331
f 8309 8331 8310
f 8310 8331 8332
f 8310 8332 8311
f 8311 8332 8333
f 8311 8333 8312
f 8312 8333 8334
f 8312 8334 8313
f 8313 8334 8335
f 8313 8335 8314
f 8314 8335 8336
f 8314 8336 8315
f 8315 8336 8337
f 8315 8337 8316
f 8316 8337 8338
f 8316 8338 8206
f 8317 8183 8339
f 8317 8339 8318
f 8318 8339 8340
f 8318 8340 8319
f 8319 8340 8341
f 8319 8341 8320
f 8320 8341 8342
f 8320 8342 8321
f 8321 8342 8343
f 8321 8343 8322
f 8322 8343 8344
f 8322 8344 8323
f 8323 8344 8345
f 8323 8345 8324
f 8324 8345 8346
f 8324 8346 8325
f 8325 8346 8347
f 8325 8347 8326
f 8326 8347 8348
f 8326 8348 8327
f 8327 8348 8349
f 8327 8349 8328
f 8328 8349 8350
f 8328 8350 8329
f 8329 8350 8351
f 8329 8351 8330
f 8330 8351 8352
f 8330 8352 8331
f 8331 8352 8353
f 8331 8353 8332
f 8332 8353 8354
f 8332 8354 8333
f 8333 8354 8355
f 8333 8355 8334
f 8334 8355 8356
f 8334 8356 8335
f 8335 8356 8357
f 8335 8357 8336
f 8336 8357 8358
f 8336 8358 8337
f 8337 8358 8359
f 8337 8359 8338
f 8338 8359 8360
f 8338 8360 8206
f 8339 8183 8361
f 8339 8361 8340
f 8340 8361 8362
f 8340 8362 8341
f 8341 8362 8363
f 8341 8363 8342
f 8342 8363 8364
f 8342 8364 8343
f 8343 8364 8365
f 8343 8365 8344
f 8344 8365 8366
f 8344 8366 8345
f 8345 8366 8367
f 8345 8367 8346
f 8346 8367 8368
f 8346 8368 8347
f 8347 8368 8369
f 8347 8369 8348
f 8348 8369 8370
f 8348 8370 8349
f 8349 8370 8371
f 8349 8371 8350
f 8350 8371 8372
f 8350 8372 8351
f 8351 8372 8373
f 8351 8373 8352
f 8352 8373 8374
f 8352 8374 8353
f 8353 8374 8375
f 8353 8375 8354
f 8354 8375 8376
f 8354 8376 8355
f 8355 8376 8377
f 8355 8377 8356
f 8356 8377 8378
f 8356 8378 8357
f 8357 8378 8379
f 8357 8379 8358
f 8358 8379 8380
f 8358 8380 8359
f 8359 8380 8381
f 8359 8381 8360
f 8360 8381 8382
f 8360 8382 8206
f 8361 8183 8383
f 8361 8383 8362
f 8362 8383 8384
f 8362 8384 8363
f 8363 8384 8385
f 8363 8385 8364
f 8364 8385 8386
f 8364 8386 8365
f 8365 8386 8387
f 8365 8387 8366
f 8366 8387 8388
f 8366 8388 8367
f 8367 8388 8389
f 8367 8389 8368
f 8368 8389 8390
f 8368 8390 8369
f 8369 8390 8391
f 8369 8391 8370
f 8370 8391 8392
f 8370 8392 8371
f 8371 8392 8393
f 8371 8393 8372
f 8372 8393 8394
f 8372 8394 8373
f 8373 8394 8395
f 8373 8395 8374
f 8374 8395 8396
f 8374 8396 8375
f 8375 8396 8397
f 8375 8397 8376
f 8376 8397 8398
f 8376 8398 8377
f 8377 8398 8399
f 8377 8399 8378
f 8378 8399 8400
f 8378 8400 8379
f 8379 8400 8401
f 8379 8401 8380
f 8380 8401 8402
f 8380 8402 8381
f 8381 8402 8403
f 8381 8403 8382
f 8382 8403 8404
f 8382 8404 8206
f 8383 8183 8405
f 8383 8405 8384
f 8384 8405 8406
f 8384 8406 8385
f 8385 8406 8407
f 8385 8407 8386
f 8386 8407 8408
f 8386 8408 8387
f 8387 8408 8409
f 8387 8409 8388
f 8388 8409 8410
f 8388 8410 8389
f 8389 8410 8411
f 8389 8411 8390
f 8390 8411 8412
f 8390 8412 8391
f 8391 8412 8413
f 8391 8413 8392
f 8392 8413 8414
f 8392 8414 8393
f 8393 8414 8415
f 8393 8415 8394
f 8394 8415 8416
f 8394 8416 8395
f 8395 8416 8417
f 8395 8417 8396
f 8396 8417 8418
f 8396 8418 8397
f 8397 8418 8419
f 8397 8419 8398
f 8398 8419 8420
f 8398 8420 8399
f 8399 8420 8421
f 8399 8421 8400
f 8400 8421 8422
f 8400 8422 8401
f 8401 8422 8423
f 8401 8423 8402
f 8402 8423 8424
f 8402 8424 8403
f 8403 8424 8425
f 8403 8425 8404
f 8404 8425 8426
f 8404 8426 8206
f 8405 8183 8427
f 8405 8427 8406
f 8406 8427 8428
f 8406 8428 8407
f 8407 8428 8429
f 8407 8429 8408
f 8408 8429 8430
f 8408 8430 8409
f 8409 8430 8431
f 8409 8431 8410
f 8410 8431 8432
f 8410 8432 8411
f 8411 8432 8433
f 8411 8433 8412
f 8412 8433 8434
f 8412 8434 8413
f 8413 8434 8435
f 8413 8435 8414
f 8414 8435 8436
f 8414 8436 8415
f 8415 8436 8437
f 8415 8437 8416
f 8416 8437 8438
f 8416 8438 8417
f 8417 8438 8439
f 8417 8439 8418
f 8418 8439 8440
f 8418 8440 8419
f 8419 8440 8441
f 8419 8441 8420
f 8420 8441 8442
f 8420 8442 8421
f 8421 8442 8443
f 8421 8443 8422
f 8422 8443 8444
f 8422 8444 8423
f 8423 8444 8445
f 8423 8445 8424
f 8424 8445 8446
f 8424 8446 8425
f 8425 8446 8447
f 8425 8447 8426
f 8426 8447 8448
f 8426 8448 8206
f 8427 8183 8449
f 8427 8449 8428
f 8428 8449 8450
f 8428 8450 8429
f 8429 8450 8451
f 8429 8451 8430
f 8430 8451 8452
f 8430 8452 8431
f 8431 8452 8453
f 8431 8453 8432
f 8432 8453 8454
f 8432 8454 8433
f 8433 8454 8455
f 8433 8455 8434
f 8434 8455 8456
f 8434 8456 8435
f 8435 8456 8457
f 8435 8457 8436
f 8436 8457 8458
f 8436 8458 8437
f 8437 8458 8459
f 8437 8459 8438
f 8438 8459 8460
f 8438 8460 8439
f 8439 8460 8461
f 8439 8461 8440
f 8440 8461 8462
f 8440 8462 8441
f 8441 8462 8463
f 8441 8463 8442
f 8442 8463 8464
f 8442 8464 8443
f 8443 8464 8465
f 8443 8465 8444
f 8444 8465 8466
f 8444 8466 8445
f 8445 8466 8467
f 8445 8467 8446
f 8446 8467 8468
f 8446 8468 8447
f 8447 8468 8469
f 8447 8469 8448
f 8448 8469 8470
f 8448 8470 8206
f 8449 8183 8471
f 8449 8471 8450
f 8450 8471 8472
f 8450 8472 8451
f 8451 8472 8473
f 8451 8473 8452
f 8452 8473 8474
f 8452 8474 8453
f 8453 8474 8475
f 8453 8475 8454
f 8454 8475 8476
f 8454 8476 8455
f 8455 8476 8477
f 8455 8477 8456
f 8456 8477 8478
f 8456 8478 8457
f 8457 8478 8479
f 8457 8479 8458
f 8458 8479 8480
f 8458 8480 8459
f 8459 8480 8481
f 8459 8481 8460
f 8460 8481 8482
f 8460 8482 8461
f 8461 8482 8483
f 8461 8483 8462
f 8462 8483 8484
f 8462 8484 8463
f 8463 8484 8485
f 8463 8485 8464
f 8464 8485 8486
f 8464 8486 8465
f 8465 8486 8487
f 8465 8487 8466
f 8466 8487 8488
f 8466 8488 8467
f 8467 8488 8489
f 8467 8489 8468
f 8468 8489 8490
f 8468 8490 8469
f 8469 8490 8491
f 8469 8491 8470
f 8470 8491 8492
f 8470 8492 8206
f 8471 8183 8493
f 8471 8493 8472
f 8472 8493 8494
f 8472 8494 8473
f 8473 8494 8495
f 8473 8495 8474
f 8474 8495 8496
f 8474 8496 8475
f 8475 8496 8497
f 8475 8497 8476
f 8476 8497 8498
f 8476 8498 8477
f 8477 8498 8499
f 8477 8499 8478
f 8478 8499 8500
f 8478 8500 8479
f 8479 8500 8501
f 8479 8501 8480
f 8480 8501 8502
f 8480 8502 8481
f 8481 8502 8503
f 8481 8503 8482
f 8482 8503 8504
f 8482 8504 8483
f 8483 8504 8505
f 8483 8505 8484
f 8484 8505 8506
f 8484 8506 8485
f 8485 8506 8507
f 8485 8507 8486
f 8486 8507 8508
f 8486 8508 8487
f 8487 8508 8509
f 8487 8509 8488
f 8488 8509 8510
f 8488 8510 8489
f 8489 8510 8511
f 8489 8511 8490
f 8490 8511 8512
f 8490 8512 8491
f 8491 8512 8513
f 8491 8513 8492
f 8492 8513 8514
f 8492 8514 8206
f 8493 8183 8515
f 8493 8515 8494
f 8494 8515 8516
f 8494 8516 8495
f 8495 8516 8517
f 8495 8517 8496
f 8496 8517 8518
f 8496 8518 8497
f 8497 8518 8519
f 8497 8519 8498
f 8498 8519 8520
f 8498 8520 8499
f 8499 8520 8521
f 8499 8521 8500
f 8500 8521 8522
f 8500 8522 8501
f 8501 8522 8523
f 8501 8523 8502
f 8502 8523 8524
f 8502 8524 8503
f 8503 8524 8525
f 8503 8525 8504
f 8504 8525 8526
f 8504 8526 8505
f 8505 8526 8527
f 8505 8527 8506
f 8506 8527 8528
f 8506 8528 8507
f 8507 8528 8529
f 8507 8529 8508
f 8508 8529 8530
f 8508 8530 8509
f 8509 8530 8531
f 8509 8531 8510
f 8510 8531 8532
f 8510 8532 8511
f 8511 8532 8533
f 8511 8533 8512
f 8512 8533 8534
f 8512 8534 8513
f 8513 8534 8535
f 8513 8535 8514
f 8514 8535 8536
f 8514 8536 8206
f 8515 8183 8537
f 8515 8537 8516
f 8516 8537 8538
f 8516 8538 8517
f 8517 8538 8539
f 8517 8539 8518
f 8518 8539 8540
f 8518 8540 8519
f 8519 8540 8541
f 8519 8541 8520
f 8520 8541 8542
f 8520 8542 8521
f 8521 8542 8543
f 8521 8543 8522
f 8522 8543 8544
f 8522 8544 8523
f 8523 8544 8545
f 8523 8545 8524
f 8524 8545 8546
f 8524 8546 8525
f 8525 8546 8547
f 8525 8547 8526
f 8526 8547 8548
f 8526 8548 8527
f 8527 8548 8549
f 8527 8549 8528
f 8528 8549 8550
f 8528 8550 8529
f 8529 8550 8551
f 8529 8551 8530
f 8530 8551 8552
f 8530 8552 8531
f 8531 8552 8553
f 8531 8553 8532
f 8532 8553 8554
f 8532 8554 8533
f 8533 8554 8555
f 8533 8555 8534
f 8534 8555 8556
f 8534 8556 8535
f 8535 8556 8557
f 8535 8557 8536
f 8536 8557 8558
f 8536 8558 8206
f 8537 8183 8559
f 8537 8559 8538
f 8538 8559 8560
f 8538 8560 8539
f 8539 8560 8561
f 8539 8561 8540
f 8540 8561 8562
f 8540 8562 8541
f 8541 8562 8563
f 8541 8563 8542
f 8542 8563 8564
f 8542 8564 8543
f 8543 8564 8565
f 8543 8565 8544
f 8544 8565 8566
f 8544 8566 8545
f 8545 8566 8567
f 8545 8567 8546
f 8546 8567 8568
f 8546 8568 8547
f 8547 8568 8569
f 8547 8569 8548
f 8548 8569 8570
f 8548 8570 8549
f 8549 8570 8571
f 8549 8571 8550
f 8550 8571 8572
f 8550 8572 8551
f 8551 8572 8573
f 8551 8573 8552
f 8552 8573 8574
f 8552 8574 8553
f 8553 8574 8575
f 8553 8575 8554
f 8554 8575 8576
f 8554 8576 8555
f 8555 8576 8577
f 8555 8577 8556
f 8556 8577 8578
f 8556 8578 8557
f 8557 8578 8579
f 8557 8579 8558
f 8558 8579 8580
f 8558 8580 8206
f 8559 8183 8581
f 8559 8581 8560
f 8560 8581 8582
f 8560 8582 8561
f 8561 8582 8583
f 8561 8583 8562
f 8562 8583 8584
f 8562 8584 8563
f 8563 8584 8585
f 8563 8585 8564
f 8564 8585 8586
f 8564 8586 8565
f 8565 8586 8587
f 8565 8587 8566
f 8566 8587 8588
f 8566 8588 8567
f 8567 8588 8589
f 8567 8589 8568
f 8568 8589 8590
f 8568 8590 8569
f 8569 8590 8591
f 8569 8591 8570
f 8570 8591 8592
f 8570 8592 8571
f 8571 8592 8593
f 8571 8593 8572
f 8572 8593 8594
f 8572 8594 8573
f 8573 8594 8595
f 8573 8595 8574
f 8574 8595 8596
f 8574 8596 8575
f 8575 8596 8597
f 8575 8597 8576
f 8576 8597 8598
f 8576 8598 8577
f 8577 8598 8599
f 8577 8599 8578
f 8578 8599 8600
f 8578 8600 8579
f 8579 8600 8601
f 8579 8601 8580
f 8580 8601 8602
f 8580 8602 8206
f 8581 8183 8603
f 8581 8603 8582
f 8582 8603 8604
f 8582 8604 8583
f 8583 8604 8605
f 8583 8605 8584
f 8584 8605 8606
f 8584 8606 8585
f 8585 8606 8607
f 8585 8607 8586
f 8586 8607 8608
f 8586 8608 8587
f 8587 8608 8609
f 8587 8609 8588
f 8588 8609 8610
f 8588 8610 8589
f 8589 8610 8611
f 8589 8611 8590
f 8590 8611 8612
f 8590 8612 8591
f 8591 8612 8613
f 8591 8613 8592
f 8592 8613 8614
f 8592 8614 8593
f 8593 8614 8615
f 8593 8615 8594
f 8594 8615 8616
f 8594 8616 8595
f 8595 8616 8617
f 8595 8617 8596
f 8596 8617 8618
f 8596 8618 8597
f 8597 8618 8619
f 8597 8619 8598
f 8598 8619 8620
f 8598 8620 8599
f 8599 8620 8621
f 8599 8621 8600
f 8600 8621 8622
f 8600 8622 8601
f 8601 8622 8623
f 8601 8623 8602
f 8602 8623 8624
f 8602 8624 8206
f 8603 8183 8625
f 8603 8625 8604
f 8604 8625 8626
f 8604 8626 8605
f 8605 8626 8627
f 8605 8627 8606
f 8606 8627 8628
f 8606 8628 8607
f 8607 8628 8629
f 8607 8629 8608
f 8608 8629 8630
f 8608 8630 8609
f 8609 8630 8631
f 8609 8631 8610
f 8610 8631 8632
f 8610 8632 8611
f 8611 8632 8633
f 8611 8633 8612
f 8612 8633 8634
f 8612 8634 8613
f 8613 8634 8635
f 8613 8635 8614
f 8614 8635 8636
f 8614 8636 8615
f 8615 8636 8637
f 8615 8637 8616
f 8616 8637 8638
f 8616 8638 8617
f 8617 8638 8639
f 8617 8639 8618
f 8618 8639 8640
f 8618 8640 8619
f 8619 8640 8641
f 8619 8641 8620
f 8620 8641 8642
f 8620 8642 8621
f 8621 8642 8643
f 8621 8643 8622
f 8622 8643 8644
f 8622 8644 8623
f 8623 8644 8645
f 8623 8645 8624
f 8624 8645 8646
f 8624 8646 8206
f 8625 8183 8647
f 8625 8647 8626
f 8626 8647 8648
f 8626 8648 8627
f 8627 8648 8649
f 8627 8649 8628
f 8628 8649 8650
f 8628 8650 8629
f 8629 8650 8651
f 8629 8651 8630
f 8630 8651 8652
f 8630 8652 8631
f 8631 8652 8653
f 8631 8653 8632
f 8632 8653 8654
f 8632 8654 8633
f 8633 8654 8655
f 8633 8655 8634
f 8634 8655 8656
f 8634 8656 8635
f 8635 8656 8657
f 8635 8657 8636
f 8636 8657 8658
f 8636 8658 8637
f 8637 8658 8659
f 8637 8659 8638
f 8638 8659 8660
f 8638 8660 8639
f 8639 8660 8661
f 8639 8661 8640
f 8640 8661 8662
f 8640 8662 8641
f 8641 8662 8663
f 8641 8663 8642
f 8642 8663 8664
f 8642 8664 8643
f 8643 8664 8665
f 8643 8665 8644
f 8644 8665 8666
f 8644 8666 8645
f 8645 8666 8667
f 8645 8667 8646
f 8646 8667 8668
f 8646 8668 8206
f 8647 8183 8669
f 8647 8669 8648
f 8648 8669 8670
f 8648 8670 8649
f 8649 8670 8671
f 8649 8671 8650
f 8650 8671 8672
f 8650 8672 8651
f 8651 8672 8673
f 8651 8673 8652
f 8652 8673 8674
f 8652 8674 8653
f 8653 8674 8675
f 8653 8675 8654
f 8654 8675 8676
f 8654 8676 8655
f 8655 8676 8677
f 8655 8677 8656
f 8656 8677 8678
f 8656 8678 8657
f 8657 8678 8679
f 8657 8679 8658
f 8658 8679 8680
f 8658 8680 8659
f 8659 8680 8681
f 8659 8681 8660
f 8660 8681 8682
f 8660 8682 8661
f 8661 8682 8683
f 8661 8683 8662
f 8662 8683 8684
f 8662 8684 8663
f 8663 8684 8685
f 8663 8685 8664
f 8664 8685 8686
f 8664 8686 8665
f 8665 8686 8687
f 8665 8687 8666
f 8666 8687 8688
f 8666 8688 8667
f 8667 8688 8689
f 8667 8689 8668
f 8668 8689 8690
f 8668 8690 8206
f 8669 8183 8691
f 8669 8691 8670
f 8670 8691 8692
f 8670 8692 8671
f 8671 8692 8693
f 8671 8693 8672
f 8672 8693 8694
f 8672 8694 8673
f 8673 8694 8695
f 8673 8695 8674
f 8674 8695 8696
f 8674 8696 8675
f 8675 8696 8697
f 8675 8697 8676
f 8676 8697 8698
f 8676 8698 8677
f 8677 8698 8699
f 8677 8699 8678
f 8678 8699 8700
f 8678 8700 8679
f 8679 8700 8701
f 8679 8701 8680
f 8680 8701 8702
f 8680 8702 8681
f 8681 8702 8703
f 8681 8703 8682
f 8682 8703 8704
f 8682 8704 8683
f 8683 8704 8705
f 8683 8705 8684
f 8684 8705 8706
f 8684 8706 8685
f 8685 8706 8707
f 8685 8707 8686
f 8686 8707 8708
f 8686 8708 8687
f 8687 8708 8709
f 8687 8709 8688
f 8688 8709 8710
f 8688 8710 8689
f 8689 8710 8711
f 8689 8711 8690
f 8690 8711 8712
f 8690 8712 8206
f 8691 8183 8184
f 8691 8184 8692
f 8692 8184 8185
f 8692 8185 8693
f 8693 8185 8186
f 8693 8186 8694
f 8694 8186 8187
f 8694 8187 8695
f 8695 8187 8188
f 8695 8188 8696
f 8696 8188 8189
f 8696 8189 8697
f 8697 8189 8190
f 8697 8190 8698
f 8698 8190 8191
f 8698 8191 8699
f 8699 8191 8192
f 8699 8192 8700
f 8700 8192 8193
f 8700 8193 8701
f 8701 8193 8194
f 8701 8194 8702
f 8702 8194 8195
f 8702 8195 8703
f 8703 8195 8196
f 8703 8196 8704
f 8704 8196 8197
f 8704 8197 8705
f 8705 8197 8198
f 8705 8198 8706
f 8706 8198 8199
f 8706 8199 8707
f 8707 8199 8200
f 8707 8200 8708
f 8708 8200 8201
f 8708 8201 8709
f 8709 8201 8202
f 8709 8202 8710
f 8710 8202 8203
f 8710 8203 8711
f 8711 8203 8204
f 8711 8204 8712
f 8712 8204 8205
f 8712 8205 8206
f 8714 8713 8737
f 8714 8737 8715
f 8715 8737 8738
f 8715 8738 8716
f 8716 8738 8739
f 8716 8739 8717
f 8717 8739 8740
f 8717 8740 8718
f 8718 8740 8741
f 8718 8741 8719
f 8719 8741 8742
f 8719 8742 8720
f 8720 8742 8743
f 8720 8743 8721
f 8721 8743 8744
f 8721 8744 8722
f 8722 8744 8745
f 8722 8745 8723
f 8723 8745 8746
f 8723 8746 8724
f 8724 8746 8747
f 8724 8747 8725
f 8725 8747 8748
f 8725 8748 8726
f 8726 8748 8749
f 8726 8749 8727
f 8727 8749 8750
f 8727 8750 8728
f 8728 8750 8751
f 8728 8751 8729
f 8729 8751 8752
f 8729 8752 8730
f 8730 8752 8753
f 8730 8753 8731
f 8731 8753 8754
f 8731 8754 8732
f 8732 8754 8755
f 8732 8755 8733
f 8733 8755 8756
f 8733 8756 8734
f 8734 8756 8757
f 8734 8757 8735
f 8735 8757 8758
f 8735 8758 8736
f 8737 8713 8759
f 8737 8759 8738
f 8738 8759 8760
f 8738 8760 8739
f 8739 8760 8761
f 8739 8761 8740
f 8740 8761 8762
f 8740 8762 8741
f 8741 8762 8763
f 8741 8763 8742
f 8742 8763 8764
f 8742 8764 8743
f 8743 8764 8765
f 8743 8765 8744
f 8744 8765 8766
f 8744 8766 8745
f 8745 8766 8767
f 8745 8767 8746
f 8746 8767 8768
f 8746 8768 8747
f 8747 8768 8769
f 8747 8769 8748
f 8748 8769 8770
f 8748 8770 8749
f 8749 8770 8771
f 8749 8771 8750
f 8750 8771 8772
f 8750 8772 8751
f 8751 8772 8773
f 8751 8773 8752
f 8752 8773 8774
f 8752 8774 8753
f 8753 8774 8775
f 8753 8775 8754
f 8754 8775 8776
f 8754 8776 8755
f 8755 8776 8777
f 8755 8777 8756
f 8756 8777 8778
f 8756 8778 8757
f 8757 8778 8779
f 8757 8779 8758
f 8758 8779 8780
f 8758 8780 8736
f 8759 8713 8781
f 8759 8781 8760
f 8760 8781 8782
f 8760 8782 8761
f 8761 8782 8783
f 8761 8783 8762
f 8762 8783 8784
f 8762 8784 8763
f 8763 8784 8785
f 8763 8785 8764
f 8764 8785 8786
f 8764 8786 8765
f 8765 8786 8787
f 8765 8787 8766
f 8766 8787 8788
f 8766 8788 8767
f 8767 8788 8789
f 8767 8789 8768
f 8768 8789 8790
f 8768 8790 8769
f 8769 8790 8791
f 8769 8791 8770
f 8770 8791 8792
f 8770 8792 8771
f 8771 8792 8793
f 8771 8793 8772
f 8772 8793 8794
f 8772 8794 8773
f 8773 8794 8795
f 8773 8795 8774
f 8774 8795 8796
f 8774 8796 8775
f 8775 8796 8797
f 8775 8797 8776
f 8776 8797 8798
f 8776 8798 8777
f 8777 8798 8799
f 8777 8799 8778
f 8778 8799 8800
f 8778 8800 8779
f 8779 8800 8801
f 8779 8801 8780
f 8780 8801 8802
f 8780 8802 8736
f 8781 8713 8803
f 8781 8803 8782
f 8782 8803 8804
f 8782 8804 8783
f 8783 8804 8805
f 8783 8805 8784
f 8784 8805 8806
f 8784 8806 8785
f 8785 8806 8807
f 8785 8807 8786
f 8786 8807 8808
f 8786 8808 8787
f 8787 8808 8809
f 8787 8809 8788
f 8788 8809 8810
f 8788 8810 8789
f 8789 8810 8811
f 8789 8811 8790
f 8790 8811 8812
f 8790 8812 8791
f 8791 8812 8813
f 8791 8813 8792
f 8792 8813 8814
f 8792 8814 8793
f 8793 8814 8815
f 8793 8815 8794
f 8794 8815 8816
f 8794 8816 8795
f 8795 8816 8817
f 8795 8817 8796
f 8796 8817 8818
f 8796 8818 8797
f 8797 8818 8819
f 8797 8819 8798
f 8798 8819 8820
f 8798 8820 8799
f 8799 8820 8821
f 8799 8821 8800
f 8800 8821 8822
f 8800 8822 8801
f 8801 8822 8823
f 8801 8823 8802
f 8802 8823 8824
f 8802 8824 8736
f 8803 8713 8825
f 8803 8825 8804
f 8804 8825 8826
f 8804 8826 8805
f 8805 8826 8827
f 8805 8827 8806
f 8806 8827 8828
f 8806 8828 8807
f 8807 8828 8829
f 8807 8829 8808
f 8808 8829 8830
f 8808 8830 8809
f 8809 8830 8831
f 8809 8831 8810
f 8810 8831 8832
f 8810 8832 8811
f 8811 8832 8833
f 8811 8833 8812
f 8812 8833 8834
f 8812 8834 8813
f 8813 8834 8835
f 8813 8835 8814
f 8814 8835 8836
f 8814 8836 8815
f 8815 8836 8837
f 8815 8837 8816
f 8816 8837 8838
f 8816 8838 8817
f 8817 8838 8839
f 8817 8839 8818
f 8818 8839 8840
f 8818 8840 8819
f 8819 8840 8841
f 8819 8841 8820
f 8820 8841 8842
f 8820 8842 8821
f 8821 8842 8843
f 8821 8843 8822
f 8822 8843 8844
f 8822 8844 8823
f 8823 8844 8845
f 8823 8845 8824
f 8824 8845 8846
f 8824 8846 8736
f 8825 8713 8847
f 8825 8847 8826
f 8826 8847 8848
f 8826 8848 8827
f 8827 8848 8849
f 8827 8849 8828
f 8828 8849 8850
f 8828 8850 8829
f 8829 8850 8851
f 8829 8851 8830
f 8830 8851 8852
f 8830 8852 8831
f 8831 8852 8853
f 8831 8853 8832
f 8832 8853 8854
f 8832 8854 8833
f 8833 8854 8855
f 8833 8855 8834
f 8834 8855 8856
f 8834 8856 8835
f 8835 8856 8857
f 8835 8857 8836
f 8836 8857 8858
f 8836 8858 8837
f 8837 8858 8859
f 8837 8859 8838
f 8838 8859 8860
f 8838 8860 8839
f 8839 8860 8861
f 8839 8861 8840
f 8840 8861 8862
f 8840 8862 8841
f 8841 8862 8863
f 8841 8863 8842
f 8842 8863 8864
f 8842 8864 8843
f 8843 8864 8865
f 8843 8865 8844
f 8844 8865 8866
f 8844 8866 8845
f 8845 8866 8867
f 8845 8867 8846
f 8846 8867 8868
f 8846 8868 8736
f 8847 8713 8869
f 8847 8869 8848
f 8848 8869 8870
f 8848 8870 8849
f 8849 8870 8871
f 8849 8871 8850
f 8850 8871 8872
f 8850 8872 8851
f 8851 8872 8873
f 8851 8873 8852
f 8852 8873 8874
f 8852 8874 8853
f 8853 8874 8875
f 8853 8875 8854
f 8854 8875 8876
f 8854 8876 8855
f 8855 8876 8877
f 8855 8877 8856
f 8856 8877 8878
f 8856 8878 8857
f 8857 8878 8879
f 8857 8879 8858
f 8858 8879 8880
f 8858 8880 8859
f 8859 8880 8881
f 8859 8881 8860
f 8860 8881 8882
f 8860 8882 8861
f 8861 8882 8883
f 8861 8883 8862
f 8862 8883 8884
f 8862 8884 8863
f 8863 8884 8885
f 8863 8885 8864
f 8864 8885 8886
f 8864 8886 8865
f 8865 8886 8887
f 8865 8887 8866
f 8866 8887 8888
f 8866 8888 8867
f 8867 8888 8889
f 8867 8889 8868
f 8868 8889 8890
f 8868 8890 8736
f 8869 8713 8891
f 8869 8891 8870
f 8870 8891 8892
f 8870 8892 8871
f 8871 8892 8893
f 8871 8893 8872
f 8872 8893 8894
f 8872 8894 8873
f 8873 8894 8895
f 8873 8895 8874
f 8874 8895 8896
f 8874 8896 8875
f 8875 8896 8897
f 8875 8897 8876
f 8876 8897 8898
f 8876 8898 8877
f 8877 8898 8899
f 8877 8899 8878
f 8878 8899 8900
f 8878 8900 8879
f 8879 8900 8901
f 8879 8901 8880
f 8880 8901 8902
f 8880 8902 8881
f 8881 8902 8903
f 8881 8903 8882
f 8882 8903 8904
f 8882 8904 8883
f 8883 8904 8905
f 8883 8905 8884
f 8884 8905 8906
f 8884 8906 8885
f 8885 8906 8907
f 8885 8907 8886
f 8886 8907 8908
f 8886 8908 8887
f 8887 8908 8909
f 8887 8909 8888
f 8888 8909 8910
f 8888 8910 8889
f 8889 8910 8911
f 8889 8911 8890
f 8890 8911 8912
f 8890 8912 8736
f 8891 8713 8913
f 8891 8913 8892
f 8892 8913 8914
f 8892 8914 8893
f 8893 8914 8915
f 8893 8915 8894
f 8894 8915 8916
f 8894 8916 8895
f 8895 8916 8917
f 8895 8917 8896
f 8896 8917 8918
f 8896 8918 8897
f 8897 8918 8919
f 8897 8919 8898
f 8898 8919 8920
f 8898 8920 8899
f 8899 8920 8921
f 8899 8921 8900
f 8900 8921 8922
f 8900 8922 8901
f 8901 8922 8923
f 8901 8923 8902
f 8902 8923 8924
f 8902 8924 8903
f 8903 8924 8925
f 8903 8925 8904
f 8904 8925 8926
f 8904 8926 8905
f 8905 8926 8927
f 8905 8927 8906
f 8906 8927 8928
f 8906 8928 8907
f 8907 8928 8929
f 8907 8929 8908
f 8908 8929 8930
f 8908 8930 8909
f 8909 8930 8931
f 8909 8931 8910
f 8910 8931 8932
f 8910 8932 8911
f 8911 8932 8933
f 8911 8933 8912
f 8912 8933 8934
f 8912 8934 8736
f 8913 8713 8935
f 8913 8935 8914
f 8914 8935 8936
f 8914 8936 8915
f 8915 8936 8937
f 8915 8937 8916
f 8916 8937 8938
f 8916 8938 8917
f 8917 8938 8939
f 8917 8939 8918
f 8918 8939 8940
f 8918 8940 8919
f 8919 8940 8941
f 8919 8941 8920
f 8920 8941 8942
f 8920 8942 8921
f 8921 8942 8943
f 8921 8943 8922
f 8922 8943 8944
f 8922 8944 8923
f 8923 8944 8945
f 8923 8945 8924
f 8924 8945 8946
f 8924 8946 8925
f 8925 8946 8947
f 8925 8947 8926
f 8926 8947 8948
f 8926 8948 8927
f 8927 8948 8949
f 8927 8949 8928
f 8928 8949 8950
f 8928 8950 8929
f 8929 8950 8951
f 8929 8951 8930
f 8930 8951 8952
f 8930 8952 8931
f 8931 8952 8953
f 8931 8953 8932
f 8932 8953 8954
f 8932 8954 8933
f 8933 8954 8955
f 8933 8955 8934
f 8934 8955 8956
f 8934 8956 8736
f 8935 8713 8957
f 8935 8957 8936
f 8936 8957 8958
f 8936 8958 8937
f 8937 8958 8959
f 8937 8959 8938
f 8938 8959 8960
f 8938 8960 8939
f 8939 8960 8961
f 8939 8961 8940
f 8940 8961 8962
f 8940 8962 8941
f 8941 8962 8963
f 8941 8963 8942
f 8942 8963 8964
f 8942 8964 8943
f 8943 8964 8965
f 8943 8965 8944
f 8944 8965 8966
f 8944 8966 8945
f 8945 8966 8967
f 8945 8967 8946
f 8946 8967 8968
f 8946 8968 8947
f 8947 8968 8969
f 8947 8969 8948
f 8948 8969 8970
f 8948 8970 8949
f 8949 8970 8971
f 8949 8971 8950
f 8950 8971 8972
f 8950 8972 8951
f 8951 8972 8973
f 8951 8973 8952
f 8952 8973 8974
f 8952 8974 8953
f 8953 8974 8975
f 8953 8975 8954
f 8954 8975 8976
f 8954 8976 8955
f 8955 8976 8977
f 8955 8977 8956
f 8956 8977 8978
f 8956 8978 8736
f 8957 8713 8979
f 8957 8979 8958
f 8958 8979 8980
f 8958 8980 8959
f 8959 8980 8981
f 8959 8981 8960
f 8960 8981 8982
f 8960 8982 8961
f 8961 8982 8983
f 8961 8983 8962
f 8962 8983 8984
f 8962 8984 8963
f 8963 8984 8985
f 8963 8985 8964
f 8964 8985 8986
f 8964 8986 8965
f 8965 8986 8987
f 8965 8987 8966
f 8966 8987 8988
f 8966 8988 8967
f 8967 8988 8989
f 8967 8989 8968
f 8968 8989 8990
f 8968 8990 8969
f 8969 8990 8991
f 8969 8991 8970
f 8970 8991 8992
f 8970 8992 8971
f 8971 8992 8993
f 8971 8993 8972
f 8972 8993 8994
f 8972 8994 8973
f 8973 8994 8995
f 8973 8995 8974
f 8974 8995 8996
f 8974 8996 8975
f 8975 8996 8997
f 8975 8997 8976
f 8976 8997 8998
f 8976 8998 8977
f 8977 8998 8999
f 8977 8999 8978
f 8978 8999 9000
f 8978 9000 8736
f 8979 8713 9001
f 8979 9001 8980
f 8980 9001 9002
f 8980 9002 8981
f 8981 9002 9003
f 8981 9003 8982
f 8982 9003 9004
f 8982 9004 8983
f 8983 9004 9005
f 8983 9005 8984
f 8984 9005 9006
f 8984 9006 8985
f 8985 9006 9007
f 8985 9007 8986
f 8986 9007 9008
f 8986 9008 8987
f 8987 9008 9009
f 8987 9009 8988
f 8988 9009 9010
f 8988 9010 8989
f 8989 9010 9011
f 8989 9011 8990
f 8990 9011 9012
f 8990 9012 8991
f 8991 9012 9013
f 8991 9013 8992
f 8992 9013 9014
f 8992 9014 8993
f 8993 9014 9015
f 8993 9015 8994
f 8994 9015 9016
f 8994 9016 8995
f 8995 9016 9017
f 8995 9017 8996
f 8996 9017 9018
f 8996 9018 8997
f 8997 9018 9019
f 8997 9019 8998
f 8998 9019 9020
f 8998 9020 8999
f 8999 9020 9021
f 8999 9021 9000
f 9000 9021 9022
f 9000 9022 8736
f 9001 8713 9023
f 9001 9023 9002
f 9002 9023 9024
f 9002 9024 9003
f 9003 9024 9025
f 9003 9025 9004
f 9004 9025 9026
f 9004 9026 9005
f 9005 9026 9027
f 9005 9027 9006
f 9006 9027 9028
f 9006 9028 9007
f 9007 9028 9029
f 9007 9029 9008
f 9008 9029 9030
f 9008 9030 9009
f 9009 9030 9031
f 9009 9031 9010
f 9010 9031 9032
f 9010 9032 9011
f 9011 9032 9033
f 9011 9033 9012
f 9012 9033 9034
f 9012 9034 9013
f 9013 9034 9035
f 9013 9035 9014
f 9014 9035 9036
f 9014 9036 9015
f 9015 9036 9037
f 9015 9037 9016
f 9016 9037 9038
f 9016 9038 9017
f 9017 9038 9039
f 9017 9039 9018
f 9018 9039 9040
f 9018 9040 9019
f 9019 9040 9041
f 9019 9041 9020
f 9020 9041 9042
f 9020 9042 9021
f 9021 9042 9043
f 9021 9043 9022
f 9022 9043 9044
f 9022 9044 8736
f 9023 8713 9045
f 9023 9045 9024
f 9024 9045 9046
f 9024 9046 9025
f 9025 9046 9047
f 9025 9047 9026
f 9026 9047 9048
f 9026 9048 9027
f 9027 9048 9049
f 9027 9049 9028
f 9028 9049 9050
f 9028 9050 9029
f 9029 9050 9051
f 9029 9051 9030
f 9030 9051 9052
f 9030 9052 9031
f 9031 9052 9053
f 9031 9053 9032
f 9032 9053 9054
f 9032 9054 9033
f 9033 9054 9055
f 9033 9055 9034
f 9034 9055 9056
f 9034 9056 9035
f 9035 9056 9057
f 9035 9057 9036
f 9036 9057 9058
f 9036 9058 9037
f 9037 9058 9059
f 9037 9059 9038
f 9038 9059 9060
f 9038 9060 9039
f 9039 9060 9061
f 9039 9061 9040
f 9040 9061 9062
f 9040 9062 9041
f 9041 9062 9063
f 9041 9063 9042
f 9042 9063 9064
f 9042 9064 9043
f 9043 9064 9065
f 9043 9065 9044
f 9044 9065 9066
f 9044 9066 8736
f 9045 8713 9067
f 9045 9067 9046
f 9046 9067 9068
f 9046 9068 9047
f 9047 9068 9069
f 9047 9069 9048
f 9048 9069 9070
f 9048 9070 9049
f 9049 9070 9071
f 9049 9071 9050
f 9050 9071 9072
f 9050 9072 9051
f 9051 9072 9073
f 9051 9073 9052
f 9052 9073 9074
f 9052 9074 9053
f 9053 9074 9075
f 9053 9075 9054
f 9054 9075 9076
f 9054 9076 9055
f 9055 9076 9077
f 9055 9077 9056
f 9056 9077 9078
f 9056 9078 9057
f 9057 9078 9079
f 9057 9079 9058
f 9058 9079 9080
f 9058 9080 9059
f 9059 9080 9081
f 9059 9081 9060
f 9060 9081 9082
f 9060 9082 9061
f 9061 9082 9083
f 9061 9083 9062
f 9062 9083 9084
f 9062 9084 9063
f 9063 9084 9085
f 9063 9085 9064
f 9064 9085 9086
f 9064 9086 9065
f 9065 9086 9087
f 9065 9087 9066
f 9066 9087 9088
f 9066 9088 8736
f 9067 8713 9089
f 9067 9089 9068
f 9068 9089 9090
f 9068 9090 9069
f 9069 9090 9091
f 9069 9091 9070
f 9070 9091 9092
f 9070 9092 9071
f 9071 9092 9093
f 9071 9093 9072
f 9072 9093 9094
f 9072 9094 9073
f 9073 9094 9095
f 9073 9095 9074
f 9074 9095 9096
f 9074 9096 9075
f 9075 9096 9097
f 9075 9097 9076
f 9076 9097 9098
f 9076 9098 9077
f 9077 9098 9099
f 9077 9099 9078
f 9078 9099 9100
f 9078 9100 9079
f 9079 9100 9101
f 9079 9101 9080
f 9080 9101 9102
f 9080 9102 9081
f 9081 9102 9103
f 9081 9103 9082
f 9082 9103 9104
f 9082 9104 9083
f 9083 9104 9105
f 9083 9105 9084
f 9084 9105 9106
f 9084 9106 9085
f 9085 9106 9107
f 9085 9107 9086
f 9086 9107 9108
f 9086 9108 9087
f 9087 9108 9109
f 9087 9109 9088
f 9088 9109 9110
f 9088 9110 8736
f 9089 8713 9111
f 9089 9111 9090
f 9090 9111 9112
f 9090 9112 9091
f 9091 9112 9113
f 9091 9113 9092
f 9092 9113 9114
f 9092 9114 9093
f 9093 9114 9115
f 9093 9115 9094
f 9094 9115 9116
f 9094 9116 9095
f 9095 9116 9117
f 9095 9117 9096
f 9096 9117 9118
f 9096 9118 9097
f 9097 9118 9119
f 9097 9119 9098
f 9098 9119 9120
f 9098 9120 9099
f 9099 9120 9121
f 9099 9121 9100
f 9100 9121 9122
f 9100 9122 9101
f 9101 9122 9123
f 9101 9123 9102
f 9102 9123 9124
f 9102 9124 9103
f 9103 9124 9125
f 9103 9125 9104
f 9104 9125 9126
f 9104 9126 9105
f 9105 9126 9127
f 9105 9127 9106
f 9106 9127 9128
f 9106 9128 9107
f 9107 9128 9129
f 9107 9129 9108
f 9108 9129 9130
f 9108 9130 9109
f 9109 9130 9131
f 9109 9131 9110
f 9110 9131 9132
f 9110 9132 8736
f 9111 8713 9133
f 9111 9133 9112
f 9112 9133 9134
f 9112 9134 9113
f 9113 9134 9135
f 9113 9135 9114
f 9114 9135 9136
f 9114 9136 9115
f 9115 9136 9137
f 9115 9137 9116
f 9116 9137 9138
f 9116 9138 9117
f 9117 9138 9139
f 9117 9139 9118
f 9118 9139 9140
f 9118 9140 9119
f 9119 9140 9141
f 9119 9141 9120
f 9120 9141 9142
f 9120 9142 9121
f 9121 9142 9143
f 9121 9143 9122
f 9122 9143 9144
f 9122 9144 9123
f 9123 9144 9145
f 9123 9145 9124
f 9124 9145 9146
f 9124 9146 9125
f 9125 9146 9147
f 9125 9147 9126
f 9126 9147 9148
f 9126 9148 9127
f 9127 9148 9149
f 9127 9149 9128
f 9128 9149 9150
f 9128 9150 9129
f 9129 9150 9151
f 9129 9151 9130
f 9130 9151 9152
f 9130 9152 9131
f 9131 9152 9153
f 9131 9153 9132
f 9132 9153 9154
f 9132 9154 8736
f 9133 8713 9155
f 9133 9155 9134
f 9134 9155 9156
f 9134 9156 9135
f 9135 9156 9157
f 9135 9157 9136
f 9136 9157 9158
f 9136 9158 9137
f 9137 9158 9159
f 9137 9159 9138
f 9138 9159 9160
f 9138 9160 9139
f 9139 9160 9161
f 9139 9161 9140
f 9140 9161 9162
f 9140 9162 9141
f 9141 9162 9163
f 9141 9163 9142
f 9142 9163 9164
f 9142 9164 9143
f 9143 9164 9165
f 9143 9165 9144
f 9144 9165 9166
f 9144 9166 9145
f 9145 9166 9167
f 9145 9167 9146
f 9146 9167 9168
f 9146 9168 9147
f 9147 9168 9169
f 9147 9169 9148
f 9148 9169 9170
f 9148 9170 9149
f 9149 9170 9171
f 9149 9171 9150
f 9150 9171 9172
f 9150 9172 9151
f 9151 9172 9173
f 9151 9173 9152
f 9152 9173 9174
f 9152 9174 9153
f 9153 9174 9175
f 9153 9175 9154
f 9154 9175 9176
f 9154 9176 8736
f 9155 8713 9177
f 9155 9177 9156
f 9156 9177 9178
f 9156 9178 9157
f 9157 9178 9179
f 9157 9179 9158
f 9158 9179 9180
f 9158 9180 9159
f 9159 9180 9181
f 9159 9181 9160
f 9160 9181 9182
f 9160 9182 9161
f 9161 9182 9183
f 9161 9183 9162
f 9162 9183 9184
f 9162 9184 9163
f 9163 9184 9185
f 9163 9185 9164
f 9164 9185 9186
f 9164 9186 9165
f 9165 9186 9187
f 9165 9187 9166
f 9166 9187 9188
f 9166 9188 9167
f 9167 9188 9189
f 9167 9189 9168
f 9168 9189 9190
f 9168 9190 9169
f 9169 9190 9191
f 9169 9191 9170
f 9170 9191 9192
f 9170 9192 9171
f 9171 9192 9193
f 9171 9193 9172
f 9172 9193 9194
f 9172 9194 9173
f 9173 9194 9195
f 9173 9195 9174
f 9174 9195 9196
f 9174 9196 9175
f 9175 9196 9197
f 9175 9197 9176
f 9176 9197 9198
f 9176 9198 8736
f 9177 8713 9199
f 9177 9199 9178
f 9178 9199 9200
f 9178 9200 9179
f 9179 9200 9201
f 9179 9201 9180
f 9180 9201 9202
f 9180 9202 9181
f 9181 9202 9203
f 9181 9203 9182
f 9182 9203 9204
f 9182 9204 9183
f 9183 9204 9205
f 9183 9205 9184
f 9184 9205 9206
f 9184 9206 9185
f 9185 9206 9207
f 9185 9207 9186
f 9186 9207 9208
f 9186 9208 9187
f 9187 9208 9209
f 9187 9209 9188
f 9188 9209 9210
f 9188 9210 9189
f 9189 9210 9211
f 9189 9211 9190
f 9190 9211 9212
f 9190 9212 9191
f 9191 9212 9213
f 9191 9213 9192
f 9192 9213 9214
f 9192 9214 9193
f 9193 9214 9215
f 9193 9215 9194
f 9194 9215 9216
f 9194 9216 9195
f 9195 9216 9217
f 9195 9217 9196
f 9196 9217 9218
f 9196 9218 9197
f 9197 9218 9219
f 9197 9219 9198
f 9198 9219 9220
f 9198 9220 8736
f 9199 8713 9221
f 9199 9221 9200
f 9200 9221 9222
f 9200 9222 9201
f 9201 9222 9223
f 9201 9223 9202
f 9202 9223 9224
f 9202 9224 9203
f 9203 9224 9225
f 9203 9225 9204
f 9204 9225 9226
f 9204 9226 9205
f 9205 9226 9227
f 9205 9227 9206
f 9206 9227 9228
f 9206 9228 9207
f 9207 9228 9229
f 9207 9229 9208
f 9208 9229 9230
f 9208 9230 9209
f 9209 9230 9231
f 9209 9231 9210
f 9210 9231 9232
f 9210 9232 9211
f 9211 9232 9233
f 9211 9233 9212
f 9212 9233 9234
f 9212 9234 9213
f 9213 9234 9235
f 9213 9235 9214
f 9214 9235 9236
f 9214 9236 9215
f 9215 9236 9237
f 9215 9237 9216
f 9216 9237 9238
f 9216 9238 9217
f 9217 9238 9239
f 9217 9239 9218
f 9218 9239 9240
f 9218 9240 9219
f 9219 9240 9241
f 9219 9241 9220
f 9220 9241 9242
f 9220 9242 8736
f 9221 8713 8714
f 9221 8714 9222
f 9222 8714 8715
f 9222 8715 9223
f 9223 8715 8716
f 9223 8716 9224
f 9224 8716 8717
f 9224 8717 9225
f 9225 8717 8718
f 9225 8718 9226
f 9226 8718 8719
f 9226 8719 9227
f 9227 8719 8720
f 9227 8720 9228
f 9228 8720 8721
f 9228 8721 9229
f 9229 8721 8722
f 9229 8722 9230
f 9230 8722 8723
f 9230 8723 9231
f 9231 8723 8724
f 9231 8724 9232
f 9232 8724 8725
f 9232 8725 9233
f 9233 8725 8726
f 9233 8726 9234
f 9234 8726 8727
f 9234 8727 9235
f 9235 8727 8728
f 9235 8728 9236
f 9236 8728 8729
f 9236 8729 9237
f 9237 8729 8730
f 9237 8730 9238
f 9238 8730 8731
f 9238 8731 9239
f 9239 8731 8732
f 9239 8732 9240
f 9240 8732 8733
f 9240 8733 9241
f 9241 8733 8734
f 9241 8734 9242
f 9242 8734 8735
f 9242 8735 8736
f 9243 9380 9296
f 9380 9280 9382
f 9296 9382 9259
f 9380 9382 9296
f 9280 9381 9397
f 9381 9254 9394
f 9397 9394 9283
f 9381 9394 9397
f 9259 9395 9297
f 9395 9283 9393
f 9297 9393 9248
f 9395 9393 9297
f 9280 9397 9382
f 9397 9283 9395
f 9382 9395 9259
f 9397 9395 9382
f 9243 9296 9285
f 9296 9259 9298
f 9285 9298 9255
f 9296 9298 9285
f 9259 9297 9302
f 9297 9248 9300
f 9302 9300 9260
f 9297 9300 9302
f 9255 9301 9286
f 9301 9260 9299
f 9286 9299 9244
f 9301 9299 9286
f 9259 9302 9298
f 9302 9260 9301
f 9298 9301 9255
f 9302 9301 9298
f 9243 9285 9312
f 9285 9255 9314
f 9312 9314 9264
f 9285 9314 9312
f 9255 9286 9317
f 9286 9244 9315
f 9317 9315 9265
f 9286 9315 9317
f 9264 9318 9313
f 9318 9265 9316
f 9313 9316 9250
f 9318 9316 9313
f 9255 9317 9314
f 9317 9265 9318
f 9314 9318 9264
f 9317 9318 9314
f 9243 9312 9363
f 9312 9264 9365
f 9363 9365 9276
f 9312 9365 9363
f 9264 9313 9376
f 9313 9250 9374
f 9376 9374 9279
f 9313 9374 9376
f 9276 9378 9364
f 9378 9279 9375
f 9364 9375 9253
f 9378 9375 9364
f 9264 9376 9365
f 9376 9279 9378
f 9365 9378 9276
f 9376 9378 9365
f 9243 9363 9380
f 9363 9276 9383
f 9380 9383 9280
f 9363 9383 9380
f 9276 9364 9401
f 9364 9253 9399
f 9401 9399 9284
f 9364 9399 9401
f 9280 9403 9381
f 9403 9284 9400
f 9381 9400 9254
f 9403 9400 9381
f 9276 9401 9383
f 9401 9284 9403
f 9383 9403 9280
f 9401 9403 9383
f 9244 9299 9338
f 9299 9260 9340
f 9338 9340 9271
f 9299 9340 9338
f 9260 9300 9353
f 9300 9248 9351
f 9353 9351 9274
f 9300 9351 9353
f 9271 9355 9339
f 9355 9274 9352
f 9339 9352 9252
f 9355 9352 9339
f 9260 9353 9340
f 9353 9274 9355
f 9340 9355 9271
f 9353 9355 9340
f 9248 9393 9304
f 9393 9283 9396
f 9304 9396 9261
f 9393 9396 9304
f 9283 9394 9398
f 9394 9254 9389
f 9398 9389 9282
f 9394 9389 9398
f 9261 9391 9303
f 9391 9282 9388
f 9303 9388 9247
f 9391 9388 9303
f 9283 9398 9396
f 9398 9282 9391
f 9396 9391 9261
f 9398 9391 9396
f 9254 9400 9385
f 9400 9284 9404
f 9385 9404 9281
f 9400 9404 9385
f 9284 9399 9402
f 9399 9253 9367
f 9402 9367 9277
f 9399 9367 9402
f 9281 9387 9384
f 9387 9277 9366
f 9384 9366 9245
f 9387 9366 9384
f 9284 9402 9404
f 9402 9277 9387
f 9404 9387 9281
f 9402 9387 9404
f 9253 9375 9370
f 9375 9279 9379
f 9370 9379 9278
f 9375 9379 9370
f 9279 9374 9377
f 9374 9250 9320
f 9377 9320 9266
f 9374 9320 9377
f 9278 9372 9369
f 9372 9266 9319
f 9369 9319 9249
f 9372 9319 9369
f 9279 9377 9379
f 9377 9266 9372
f 9379 9372 9278
f 9377 9372 9379
f 9250 9316 9332
f 9316 9265 9334
f 9332 9334 9270
f 9316 9334 9332
f 9265 9315 9323
f 9315 9244 9321
f 9323 9321 9267
f 9315 9321 9323
f 9270 9336 9333
f 9336 9267 9322
f 9333 9322 9251
f 9336 9322 9333
f 9265 9323 9334
f 9323 9267 9336
f 9334 9336 9270
f 9323 9336 9334
f 9246 9342 9292
f 9342 9272 9344
f 9292 9344 9258
f 9342 9344 9292
f 9272 9343 9350
f 9343 9252 9347
f 9350 9347 9273
f 9343 9347 9350
f 9258 9348 9293
f 9348 9273 9346
f 9293 9346 9247
f 9348 9346 9293
f 9272 9350 9344
f 9350 9273 9348
f 9344 9348 9258
f 9350 9348 9344
f 9246 9292 9288
f 9292 9258 9294
f 9288 9294 9256
f 9292 9294 9288
f 9258 9293 9295
f 9293 9247 9290
f 9295 9290 9257
f 9293 9290 9295
f 9256 9291 9287
f 9291 9257 9289
f 9287 9289 9245
f 9291 9289 9287
f 9258 9295 9294
f 9295 9257 9291
f 9294 9291 9256
f 9295 9291 9294
f 9246 9288 9308
f 9288 9256 9310
f 9308 9310 9263
f 9288 9310 9308
f 9256 9287 9307
f 9287 9245 9305
f 9307 9305 9262
f 9287 9305 9307
f 9263 9311 9309
f 9311 9262 9306
f 9309 9306 9249
f 9311 9306 9309
f 9256 9307 9310
f 9307 9262 9311
f 9310 9311 9263
f 9307 9311 9310
f 9246 9308 9324
f 9308 9263 9326
f 9324 9326 9268
f 9308 9326 9324
f 9263 9309 9329
f 9309 9249 9327
f 9329 9327 9269
f 9309 9327 9329
f 9268 9331 9325
f 9331 9269 9328
f 9325 9328 9251
f 9331 9328 9325
f 9263 9329 9326
f 9329 9269 9331
f 9326 9331 9268
f 9329 9331 9326
f 9246 9324 9342
f 9324 9268 9345
f 9342 9345 9272
f 9324 9345 9342
f 9268 9325 9360
f 9325 9251 9357
f 9360 9357 9275
f 9325 9357 9360
f 9272 9362 9343
f 9362 9275 9358
f 9343 9358 9252
f 9362 9358 9343
f 9268 9360 9345
f 9360 9275 9362
f 9345 9362 9272
f 9360 9362 9345
f 9247 9346 9303
f 9346 9273 9349
f 9303 9349 9261
f 9346 9349 9303
f 9273 9347 9356
f 9347 9252 9352
f 9356 9352 9274
f 9347 9352 9356
f 9261 9354 9304
f 9354 9274 9351
f 9304 9351 9248
f 9354 9351 9304
f 9273 9356 9349
f 9356 9274 9354
f 9349 9354 9261
f 9356 9354 9349
f 9245 9289 9384
f 9289 9257 9386
f 9384 9386 9281
f 9289 9386 9384
f 9257 9290 9390
f 9290 9247 9388
f 9390 9388 9282
f 9290 9388 9390
f 9281 9392 9385
f 9392 9282 9389
f 9385 9389 9254
f 9392 9389 9385
f 9257 9390 9386
f 9390 9282 9392
f 9386 9392 9281
f 9390 9392 9386
f 9249 9306 9369
f 9306 9262 9371
f 9369 9371 9278
f 9306 9371 9369
f 9262 9305 9368
f 9305 9245 9366
f 9368 9366 9277
f 9305 9366 9368
f 9278 9373 9370
f 9373 9277 9367
f 9370 9367 9253
f 9373 9367 9370
f 9262 9368 9371
f 9368 9277 9373
f 9371 9373 9278
f 9368 9373 9371
f 9251 9328 9333
f 9328 9269 9337
f 9333 9337 9270
f 9328 9337 9333
f 9269 9327 9330
f 9327 9249 9319
f 9330 9319 9266
f 9327 9319 9330
f 9270 9335 9332
f 9335 9266 9320
f 9332 9320 9250
f 9335 9320 9332
f 9269 9330 9337
f 9330 9266 9335
f 9337 9335 9270
f 9330 9335 9337
f 9252 9358 9339
f 9358 9275 9361
f 9339 9361 9271
f 9358 9361 9339
f 9275 9357 9359
f 9357 9251 9322
f 9359 9322 9267
f 9357 9322 9359
f 9271 9341 9338
f 9341 9267 9321
f 9338 9321 9244
f 9341 9321 9338
f 9275 9359 9361
f 9359 9267 9341
f 9361 9341 9271
f 9359 9341 9361
f 9405 9542 9458
f 9542 9442 9544
f 9458 9544 9421
f 9542 9544 9458
f 9442 9543 9559
f 9543 9416 9556
f 9559 9556 9445
f 9543 9556 9559
f 9421 9557 9459
f 9557 9445 9555
f 9459 9555 9410
f 9557 9555 9459
f 9442 9559 9544
f 9559 9445 9557
f 9544 9557 9421
f 9559 9557 9544
f 9405 9458 9447
f 9458 9421 9460
f 9447 9460 9417
f 9458 9460 9447
f 9421 9459 9464
f 9459 9410 9462
f 9464 9462 9422
f 9459 9462 9464
f 9417 9463 9448
f 9463 9422 9461
f 9448 9461 9406
f 9463 9461 9448
f 9421 9464 9460
f 9464 9422 9463
f 9460 9463 9417
f 9464 9463 9460
f 9405 9447 9474
f 9447 9417 9476
f 9474 9476 9426
f 9447 9476 9474
f 9417 9448 9479
f 9448 9406 9477
f 9479 9477 9427
f 9448 9477 9479
f 9426 9480 9475
f 9480 9427 9478
f 9475 9478 9412
f 9480 9478 9475
f 9417 9479 9476
f 9479 9427 9480
f 9476 9480 9426
f 9479 9480 9476
f 9405 9474 9525
f 9474 9426 9527
f 9525 9527 9438
f 9474 9527 9525
f 9426 9475 9538
f 9475 9412 9536
f 9538 9536 9441
f 9475 9536 9538
f 9438 9540 9526
f 9540 9441 9537
f 9526 9537 9415
f 9540 9537 9526
f 9426 9538 9527
f 9538 9441 9540
f 9527 9540 9438
f 9538 9540 9527
f 9405 9525 9542
f 9525 9438 9545
f 9542 9545 9442
f 9525 9545 9542
f 9438 9526 9563
f 9526 9415 9561
f 9563 9561 9446
f 9526 9561 9563
f 9442 9565 9543
f 9565 9446 9562
f 9543 9562 9416
f 9565 9562 9543
f 9438 9563 9545
f 9563 9446 9565
f 9545 9565 9442
f 9563 9565 9545
f 9406 9461 9500
f 9461 9422 9502
f 9500 9502 9433
f 9461 9502 9500
f 9422 9462 9515
f 9462 9410 9513
f 9515 9513 9436
f 9462 9513 9515
f 9433 9517 9501
f 9517 9436 9514
f 9501 9514 9414
f 9517 9514 9501
f 9422 9515 9502
f 9515 9436 9517
f 9502 9517 9433
f 9515 9517 9502
f 9410 9555 9466
f 9555 9445 9558
f 9466 9558 9423
f 9555 9558 9466
f 9445 9556 9560
f 9556 9416 9551
f 9560 9551 9444
f 9556 9551 9560
f 9423 9553 9465
f 9553 9444 9550
f 9465 9550 9409
f 9553 9550 9465
f 9445 9560 9558
f 9560 9444 9553
f 9558 9553 9423
f 9560 9553 9558
f 9416 9562 9547
f 9562 9446 9566
f 9547 9566 9443
f 9562 9566 9547
f 9446 9561 9564
f 9561 9415 9529
f 9564 9529 9439
f 9561 9529 9564
f 9443 9549 9546
f 9549 9439 9528
f 9546 9528 9407
f 9549 9528 9546
f 9446 9564 9566
f 9564 9439 9549
f 9566 9549 9443
f 9564 9549 9566
f 9415 9537 9532
f 9537 9441 9541
f 9532 9541 9440
f 9537 9541 9532
f 9441 9536 9539
f 9536 9412 9482
f 9539 9482 9428
f 9536 9482 9539
f 9440 9534 9531
f 9534 9428 9481
f 9531 9481 9411
f 9534 9481 9531
f 9441 9539 9541
f 9539 9428 9534
f 9541 9534 9440
f 9539 9534 9541
f 9412 9478 9494
f 9478 9427 9496
f 9494 9496 9432
f 9478 9496 9494
f 9427 9477 9485
f 9477 9406 9483
f 9485 9483 9429
f 9477 9483 9485
f 9432 9498 9495
f 9498 9429 9484
f 9495 9484 9413
f 9498 9484 9495
f 9427 9485 9496
f 9485 9429 9498
f 9496 9498 9432
f 9485 9498 9496
f 9408 9504 9454
f 9504 9434 9506
f 9454 9506 9420
f 9504 9506 9454
f 9434 9505 9512
f 9505 9414 9509
f 9512 9509 9435
f 9505 9509 9512
f 9420 9510 9455
f 9510 9435 9508
f 9455 9508 9409
f 9510 9508 9455
f 9434 9512 9506
f 9512 9435 9510
f 9506 9510 9420
f 9512 9510 9506
f 9408 9454 9450
f 9454 9420 9456
f 9450 9456 9418
f 9454 9456 9450
f 9420 9455 9457
f 9455 9409 9452
f 9457 9452 9419
f 9455 9452 9457
f 9418 9453 9449
f 9453 9419 9451
f 9449 9451 9407
f 9453 9451 9449
f 9420 9457 9456
f 9457 9419 9453
f 9456 9453 9418
f 9457 9453 9456
f 9408 9450 9470
f 9450 9418 9472
f 9470 9472 9425
f 9450 9472 9470
f 9418 9449 9469
f 9449 9407 9467
f 9469 9467 9424
f 9449 9467 9469
f 9425 9473 9471
f 9473 9424 9468
f 9471 9468 9411
f 9473 9468 9471
f 9418 9469 9472
f 9469 9424 9473
f 9472 9473 9425
f 9469 9473 9472
f 9408 9470 9486
f 9470 9425 9488
f 9486 9488 9430
f 9470 9488 9486
f 9425 9471 9491
f 9471 9411 9489
f 9491 9489 9431
f 9471 9489 9491
f 9430 9493 9487
f 9493 9431 9490
f 9487 9490 9413
f 9493 9490 9487
f 9425 9491 9488
f 9491 9431 9493
f 9488 9493 9430
f 9491 9493 9488
f 9408 9486 9504
f 9486 9430 9507
f 9504 9507 9434
f 9486 9507 9504
f 9430 9487 9522
f 9487 9413 9519
f 9522 9519 9437
f 9487 9519 9522
f 9434 9524 9505
f 9524 9437 9520
f 9505 9520 9414
f 9524 9520 9505
f 9430 9522 9507
f 9522 9437 9524
f 9507 9524 9434
f 9522 9524 9507
f 9409 9508 9465
f 9508 9435 9511
f 9465 9511 9423
f 9508 9511 9465
f 9435 9509 9518
f 9509 9414 9514
f 9518 9514 9436
f 9509 9514 9518
f 9423 9516 9466
f 9516 9436 9513
f 9466 9513 9410
f 9516 9513 9466
f 9435 9518 9511
f 9518 9436 9516
f 9511 9516 9423
f 9518 9516 9511
f 9407 9451 9546
f 9451 9419 9548
f 9546 9548 9443
f 9451 9548 9546
f 9419 9452 9552
f 9452 9409 9550
f 9552 9550 9444
f 9452 9550 9552
f 9443 9554 9547
f 9554 9444 9551
f 9547 9551 9416
f 9554 9551 9547
f 9419 9552 9548
f 9552 9444 9554
f 9548 9554 9443
f 9552 9554 9548
f 9411 9468 9531
f 9468 9424 9533
f 9531 9533 9440
f 9468 9533 9531
f 9424 9467 9530
f 9467 9407 9528
f 9530 9528 9439
f 9467 9528 9530
f 9440 9535 9532
f 9535 9439 9529
f 9532 9529 9415
f 9535 9529 9532
f 9424 9530 9533
f 9530 9439 9535
f 9533 9535 9440
f 9530 9535 9533
f 9413 9490 9495
f 9490 9431 9499
f 9495 9499 9432
f 9490 9499 9495
f 9431 9489 9492
f 9489 9411 9481
f 9492 9481 9428
f 9489 9481 9492
f 9432 9497 9494
f 9497 9428 9482
f 9494 9482 9412
f 9497 9482 9494
f 9431 9492 9499
f 9492 9428 9497
f 9499 9497 9432
f 9492 9497 9499
f 9414 9520 9501
f 9520 9437 9523
f 9501 9523 9433
f 9520 9523 9501
f 9437 9519 9521
f 9519 9413 9484
f 9521 9484 9429
f 9519 9484 9521
f 9433 9503 9500
f 9503 9429 9483
f 9500 9483 9406
f 9503 9483 9500
f 9437 9521 9523
f 9521 9429 9503
f 9523 9503 9433
f 9521 9503 9523

